-1.4191799451826798e-16,2.9444150790698397e-16
-3.838433826902693e-15,8.780437175493907e-15
-1.0321443889490758e-14,-1.926776732132499e-15
-1.1939588774576437e-14,-3.528273750919712e-14
5.3668781993574054e-15,-1.6142312205635854e-14
-9.917921895239703e-15,1.0633952986993144e-15
-4.487250303265842e-15,8.289146675524555e-15
2.2353467543199977e-15,-4.8524815343393724e-15
1.885669559670072e-15,-2.1003936970684043e-15
-9.645335078112831e-15,-3.944160158088269e-15
7.283583461860271e-17,6.6010252338548106e-15
4.45891836743642e-30,1.5941857077876745e-30
-4.013874613880464e-15,4.45028115126552e-15
-2.080114000176756e-15,2.4179975519420342e-15
-1.9324481907136493e-15,-5.715721150895801e-16
1.6904072452473125e-15,2.298584301237856e-15
-2.8600143339402814e-15,2.0381560681939897e-16
2.180395693939972e-15,4.366569337653662e-16
5.499794547589299e-16,3.30217728275351e-16
2.8170004493788187e-15,-6.713808948239911e-15
-9.746820135623055e-16,-1.3025034265904267e-16
-2.75980066016366e-15,4.298293676316902e-15
-1.5051439669964785e-15,-9.029837646803418e-16
1.7836710150999036e-15,9.040937324452379e-16
6.815159900744138e-16,-1.5828339002172994e-15
2.3564248455220725e-17,-4.64634793278812e-16
7.556169054462726e-16,3.141366508377146e-15
-1.0744310385531981e-15,5.295640758779269e-16
-8.824918961990703e-15,-2.907979039875493e-15
-6.84972860464275e-16,1.4194754507898844e-16
-1.1570738116107204e-15,-3.6640699507574886e-16
-7.11805891492079e-16,-1.0227730061757332e-15
-8.38137308377366e-17,-2.5885438241981284e-16
1.775037617998825e-17,-4.222936402809751e-17
-1.0785066923979692e-17,-1.4825732061201592e-16
7.013479414112539e-17,-1.638192376405992e-17
5.660630328860466e-17,-8.285800828754386e-17
2.3182161659134548e-18,9.196844548661744e-17
-8.741373987750198e-17,-1.871828477905483e-18
9.978259598104133e-17,1.0124940024012072e-16
-2.3799906107584e-16,-1.7138747127746357e-16
6.470737118110603e-17,-4.226726623546938e-17
-2.1027489256045216e-17,7.040579884074434e-18
2.505173564491498e-16,1.4468735048493991e-16
-6.059840754114758e-18,-1.8893018823657494e-16
-4.7664152425250966e-17,6.6564339763877e-17
4.032218560354443e-17,-2.0481734276037776e-17
-5.953359569706096e-17,-8.372285365220627e-17
-1.912193416300247e-17,1.6178579787157841e-16
1.980058388258211e-16,3.098299617087566e-17
2.045504010132337e-17,-1.410720429106993e-16
-3.832450313579874e-17,-3.5910373929661047e-16
-2.0190849586375544e-17,-1.773548367716394e-17
5.3672064539199176e-18,1.1700739780063945e-16
1.0583244743215058e-16,3.9691213976848997e-17
-3.088639063710049e-17,4.026789959166676e-17
-8.880210463193419e-17,-6.738308367621177e-17
5.802844085758028e-17,-4.349878893065557e-17
1.163361863601724e-16,-9.028951947359193e-17
5.843330928308019e-17,6.821916606319018e-19
1.0465554470727951e-16,-3.908726409956654e-17
2.2453956739791447e-16,9.784416066534547e-18
1.0459922051700608e-16,2.7638751382828868e-17
-1.9373969188641846e-17,-9.547255842750635e-17
5.542336891127366e-17,1.1980887471386514e-17
5.2293870975391086e-17,3.66851199898136e-17
-1.3705011309436879e-16,-8.177958337117693e-17
1.9985036395960646e-17,-2.0464666277481096e-17
2.1481915777753964e-16,6.383880226972065e-17
1.8738394039604856e-16,1.3257500477532999e-16
-1.4022501295310356e-17,6.518399801383353e-17
6.309182976545798e-17,4.770371692442291e-17
6.03093226335121e-17,-3.156914510722476e-17
6.347186681769366e-17,-2.849267596812344e-17
6.691309146714456e-19,-2.505911511582568e-17
-1.553625889350973e-17,4.378998788807531e-17
-3.865787033481631e-17,1.8245303880485728e-17
-1.2670025155513038e-16,-1.1352903126517317e-17
5.095001106063358e-17,9.669807883994133e-17
-5.1481284151311153e-17,-9.266334743146887e-17
5.882046463018828e-17,3.140495464415535e-17
-8.586258172060017e-18,1.5352862339914905e-17
1.842189194295072e-16,6.112416083331068e-17
3.2691536865951866e-17,-3.282206967540058e-17
6.386996786893078e-17,-4.6380889365193326e-17
-2.9621980267094056e-17,-4.71495257082702e-17
-9.466661372809047e-17,-7.395562994477806e-17
3.6086058424902587e-17,-1.1923585388287998e-17
-2.912007618304993e-17,-5.371474234340536e-17
6.944618663887883e-17,3.247445022849221e-17
-8.068594487155462e-17,-7.197557894695045e-18
-5.290908047254011e-17,-3.237942312954043e-17
2.4036026353797808e-17,2.3517887157521636e-17
-1.465236019738919e-17,-4.900255363660397e-17
1.0055846626337326e-16,5.874952322474403e-17
-7.771518946023665e-18,-4.431371039149082e-17
-3.260474620040492e-17,-7.216469372903073e-18
-1.69097191346228e-17,-6.067398038898917e-17
3.48481945836362e-18,-1.0886754690534875e-16
1.9946544961668983e-17,3.828074983407756e-17
-7.610459043769343e-17,-1.173006428159017e-17
-2.4361259629156696e-17,1.3639481778017763e-17
-9.796639851026305e-18,3.046687247580887e-17
-4.495714449239248e-17,5.653536415936015e-17
-7.63267671273193e-18,-6.159925804196296e-17
-4.1260492233707535e-17,-2.7270054603913158e-17
1.578823367359234e-16,6.845190329025703e-17
6.171083924923291e-17,1.2102625320853449e-17
4.0582896809908345e-17,6.471457352300255e-17
3.3889810850916505e-17,5.3898718164629415e-17
-1.3972390156824569e-16,3.567269152459069e-18
-3.548760709033847e-17,-3.5574700245359884e-17
-2.2527711290511726e-16,-8.32552873039987e-18
-6.420120561088245e-17,-7.166539423767814e-17
-1.2533647452128423e-17,4.702686392412882e-17
8.526068790903391e-17,-6.321736265133689e-18
-3.9328911203150594e-17,-1.746840106021621e-17
-3.068805481002382e-17,2.864068195625758e-17
5.3537955043664796e-17,1.1687599609567329e-16
-4.695159673435106e-17,-1.1314982246493558e-16
-2.330274915213512e-17,2.36701297299757e-17
3.135012405493459e-17,4.005912567368731e-17
-1.2964709726231248e-17,1.0697914973202951e-17
-1.1021895708031875e-16,-6.933393944253859e-17
4.452446493146231e-17,4.362731535279172e-17
-6.986681819563853e-17,-4.2215656947751666e-17
-3.302509013068391e-17,1.400311541361779e-17
-3.856689684353812e-17,4.08555472422592e-17
-3.7957859051899924e-17,2.128685860545399e-17
-4.0477312897255755e-17,9.369997542939316e-18
-1.6314016719612664e-18,6.257974249550245e-17
-2.2524544285664336e-17,-1.921711236851604e-17
-8.32486842870517e-17,-4.399188493454233e-17
2.2571256947858596e-17,1.970052819561534e-18
7.325474019315619e-19,2.13312863993109e-17
4.010036013387146e-17,4.443724553627773e-17
-1.8819350268392097e-17,-7.43208089782289e-17
-3.8516317343431385e-17,-6.265125980766441e-18
8.52118057229987e-17,7.315503790698813e-17
-4.3989827395500854e-17,-3.5357923229362434e-17
-2.8665437326182636e-17,-9.658216532926867e-18
-7.73539751561702e-17,-3.0034639589940316e-17
9.539331171572012e-17,8.867690437346745e-17
2.3438588538100162e-17,3.8693375060860695e-17
3.345768885908702e-17,-1.920517509377407e-17
-4.456029962121805e-17,-1.2974394074799735e-17
3.297574107234719e-17,4.9156451651743056e-17
4.893486914145013e-17,-3.128725379427948e-17
5.746405004239569e-17,7.46411034062533e-17
-2.6653963159786557e-17,-1.4890843051302497e-18
-1.2289399677416771e-17,-4.0255055972171136e-18
-9.143937006537284e-18,-1.8526286504443584e-17
1.7928574429440422e-17,9.36614539853873e-19
-3.0944423544053244e-17,4.5472751030554014e-17
1.5731033040846945e-17,1.062099638185678e-16
5.4904988782585296e-17,1.0496615109296052e-16
-3.664356410117839e-17,-2.654545986932874e-17
-2.4761564367653643e-17,1.6557428193541162e-17
-3.0659231403772152e-18,-3.851334532356434e-17
1.1284531999019252e-17,-2.5939194023502756e-17
-2.292551249221115e-17,3.235226461181708e-17
4.892469093573388e-18,5.413811715668481e-17
-1.6131259516610622e-17,1.9682153294183686e-17
8.769471041403291e-17,5.361693603962487e-17
6.423357766121738e-17,7.822400391859424e-17
-2.972378535673037e-17,-2.83433696554341e-17
-3.4536578778314833e-17,2.607181205254185e-17
-3.8052033446331594e-17,-4.6045700825331136e-17
2.032084997060949e-17,5.296237407233965e-17
1.1036498945109815e-17,8.444737793547646e-17
-1.2325643929801278e-16,-1.804927640064712e-16
-3.501867777635517e-17,-8.61744144774527e-17
3.025158068222709e-18,-4.709954178495171e-18
7.972881457330907e-18,-4.0104080462623316e-18
1.706470918081463e-17,-9.637622462065393e-18
-9.400496698635473e-17,-6.907938026629153e-17
-4.517743802697752e-17,-4.843186074657854e-17
-6.044279683843551e-17,-6.342551918855627e-17
-4.483131839265603e-17,-6.511684955787018e-17
-2.3749042690565533e-17,-2.817125638172876e-17
7.145979350650877e-17,2.0050333383949945e-17
8.70114231929154e-18,5.487370588898201e-17
1.9722390074598466e-17,-1.8945697933360846e-17
-5.483172435406659e-17,-2.8223312892203776e-17
3.116924250210681e-18,2.782346201549154e-17
-8.590114108610728e-18,-5.466272010037199e-17
-5.613766509150692e-17,-8.20541148385072e-17
-5.503079310980537e-17,-6.582617362688974e-17
-3.688963140300578e-18,6.715860247285921e-18
1.815120201351065e-18,-4.3208996547027614e-17
1.4000554382003398e-17,-5.155264976392651e-17
2.739548727285865e-17,3.8980057157949655e-17
7.333713978124596e-17,1.3605187865381714e-16
-1.2927467216090918e-17,-5.4042664264537447e-17
1.3768187627845864e-17,7.893127898957506e-17
-8.567394960491679e-17,-4.1993548696494154e-17
-7.543580075938025e-19,3.406625186102632e-17
3.6559074009938454e-17,3.0655600623677843e-17
3.3301828344224314e-17,4.0269862170727565e-17
-7.454447981009071e-18,2.579543644249278e-17
-6.258880041673848e-17,-5.56928709639479e-17
2.9634130697876834e-17,2.9765424925452354e-17
-2.6714873195609366e-17,-4.106468055414258e-17
2.292072911701458e-17,3.226513829586899e-17
-5.214870995965186e-17,-3.537746885360225e-17
2.208693621499344e-17,1.7065500955614473e-17
-2.3047853969840864e-17,-2.0328767878535083e-17
-2.702600391589655e-17,-3.501529143541844e-17
-3.935316718307404e-17,-1.1441844021901848e-16
4.5907457320911834e-17,2.845217614367616e-17
-2.273890966506558e-17,1.2977163324092553e-17
-3.2005929308712235e-17,-2.3539869432959576e-18
4.787309575758337e-17,1.7984861825899115e-18
1.2931711886964476e-17,2.5564837933261102e-17
-6.678126745067555e-17,-9.963573272245543e-17
2.4833665389419603e-17,1.8181008325841685e-17
-2.780101053633165e-17,-5.564898552621147e-17
3.385486729192965e-17,8.856026246613697e-17
1.8813380781818105e-17,8.183563029877524e-17
9.024802851610258e-18,1.1822926803094996e-17
-2.8914806640159206e-18,5.901381646463006e-17
5.835230780049365e-17,7.330864836792824e-17
4.199939907222222e-17,2.5407746002626642e-17
2.6059699909885276e-17,-8.887944687929222e-18
2.816609875244073e-17,2.401732165989248e-17
1.8092799504208187e-17,2.543813637326863e-17
2.82402058592415e-17,9.432397453602113e-18
-2.1882863256962108e-18,-5.1796984946477146e-18
-5.519652237734711e-17,-2.3037397335188056e-17
3.586432460067597e-17,2.39550707763668e-17
-1.0943439181387559e-17,6.673969742210387e-18
8.633052077189383e-18,-2.9787387233708e-17
2.3301968349234582e-17,-1.070435489956455e-17
-6.648995013806307e-18,1.1865678754290205e-17
3.228720819469103e-17,3.15236818115336e-17
-5.8446491908676644e-18,-4.241422801252701e-17
-1.597988463938396e-17,4.635138329689801e-18
-1.0976688193260985e-17,-1.4659333307708984e-17
6.210541708984819e-18,2.0039348625789362e-17
-7.580975661074678e-17,-1.1496406477046286e-16
-4.962814946031943e-17,-4.190516233816864e-17
-1.7985247884475545e-17,-5.070895545303412e-17
4.3053848882233365e-19,1.059111525051253e-17
2.2926339587142866e-17,5.257543848707758e-17
-2.0191257441953282e-17,-3.350069729126768e-17
-4.316856534884866e-18,-5.453497179072055e-18
4.138340733868531e-17,3.394300003667905e-17
2.5677417709309855e-17,4.5784224354553606e-17
-4.636714555083696e-17,-3.007292993799449e-17
-1.1553071659833841e-17,-7.570962183992868e-17
1.623921641475713e-17,1.9443352858119532e-17
3.792817411028157e-18,1.6649712173437028e-17
-1.793615891603314e-17,-4.007719272858471e-17
1.8389878460415234e-17,4.992896799270492e-17
-1.9423542951084395e-18,-1.6182954440492822e-17
1.4976656618316057e-17,-1.0745664771968136e-17
-6.591817725133444e-17,-8.124941486449707e-17
-4.202498636131109e-18,-6.732115974402384e-18
-3.78263860505439e-17,-4.79021298723315e-17
2.3635670079587447e-18,3.0799976881187745e-17
3.1159755698423856e-17,1.00552857595728e-17
3.1064166652506134e-17,5.715739803380012e-17
-1.9765704775200553e-17,-1.50300121956108e-17
-4.3250390364322736e-18,-2.520386231824396e-17
5.8431933707347745e-18,1.4510513219342502e-17
-8.219358157590638e-17,-1.1990458975139366e-16
5.331841317793174e-17,8.280252845901397e-17
-1.257079572782835e-17,1.3460336630723304e-18
-2.1613819607090608e-17,-8.633641493673214e-18
-3.3724691755673943e-17,-3.778395559754995e-17
3.030102083629089e-17,6.128928632009766e-18
-2.0164384508602586e-17,-1.9917405787853802e-17
3.233387591000807e-17,4.1912309671302347e-17
-1.5008422007613003e-17,-1.9509251614127943e-17
-2.3100407993725924e-17,-1.2270855850966862e-17
2.1741620076822817e-17,5.7720651889252e-17
-8.970868570020308e-17,-1.2761145024350973e-16
-2.4713834309625522e-18,1.5783031007295782e-17
-6.067185461999417e-19,-3.1318855038527443e-18
1.1657224022366316e-17,-2.083056370769207e-17
3.510080123848471e-17,7.97133075330943e-18
-3.159125037717611e-17,-3.8238582542316024e-17
-1.4234174736429818e-17,-1.2622417072748043e-17
-1.9067259460962242e-18,-1.592739612213248e-18
-1.5272538601318068e-17,-3.925932078426423e-17
-2.2793220996059588e-17,-4.021971341827971e-17
2.369768506249151e-17,2.5953082799884365e-17
-5.128478956095545e-17,-1.2676058673789248e-16
-6.296901202224985e-17,-8.835598711989782e-17
-1.3414229137700086e-17,-3.3708140922419894e-17
-4.135920356416295e-17,-6.249596570634041e-17
4.6520853029973386e-17,5.3057450701809176e-17
3.074027022418722e-17,-4.380781305035064e-18
1.1297205875753761e-18,-2.658858986494011e-17
-1.474543539261085e-17,1.037814626716425e-17
-4.4741490478258155e-18,-3.4465040755751046e-18
1.3323344303866927e-17,4.001494537592131e-17
2.3135498054623144e-17,1.1948177510634582e-17
-2.360320465751353e-17,9.522080125229087e-18
-3.905515404474286e-17,-8.131255398856426e-17
6.186338003071319e-17,5.219533752320525e-17
-4.483109080383858e-17,-6.131667643522724e-17
-4.761436170447446e-17,-6.733867841828182e-17
-3.274286642549465e-17,-9.150039288907735e-17
3.776567449870888e-17,1.963218595471481e-17
-2.966055572830194e-17,-3.614675982681204e-17
9.967170239989632e-18,2.617453816309391e-17
6.543267136954769e-17,7.64431008742218e-17
-1.5445111545236102e-17,-3.0439563692444875e-17
-1.1704538385991588e-17,-1.1116893517068978e-17
-2.0109491887375666e-17,-3.594618228242124e-17
-2.8081558231249846e-17,-4.233057313347753e-17
-1.0367459985856391e-16,-1.141866084303271e-16
-5.372642014397717e-17,-8.941978038461063e-17
2.096595472454396e-17,1.868048923018099e-17
-1.6669385819858197e-17,-5.0811242233505405e-17
4.0402671544332386e-17,8.379230060775536e-17
2.446341374985466e-17,9.441057043556056e-18
-1.3312281393250178e-17,-5.016675950153367e-19
4.554111657286697e-17,5.729091049132842e-17
-1.6021153998172745e-17,-3.580017167678678e-17
6.854091283883203e-18,4.6995606694502624e-17
1.2814357590149692e-17,4.9129016978826644e-17
2.242737052271498e-17,-2.9430350654860595e-17
1.3832609501302797e-17,2.831384716559158e-17
2.9884340257664534e-17,5.238686167054147e-17
-6.692384853466821e-18,-3.0255908388872544e-17
8.348631104349645e-18,1.1013258413776978e-17
-4.1970952624170117e-17,-8.856749680518827e-17
-1.91111642590983e-17,-3.008537358710212e-17
-1.2266531941529642e-17,-3.0134704549948955e-17
-2.5037237916644927e-17,-1.477088748302762e-17
8.635568290545644e-18,9.103868173150949e-18
-2.6710009007909857e-17,-2.365565419927224e-17
5.30693087287769e-18,-6.3439727263237005e-18
1.7560761458971205e-17,1.0444099785402977e-17
-3.616090180899112e-17,-4.632398428091273e-17
1.3571549018968687e-17,1.6791340700028138e-17
5.431734297609386e-17,1.1024639696498713e-16
-1.4286230707011293e-17,-5.127772631870967e-18
1.2443633254518423e-17,-2.1408305353366446e-17
-1.197112154842669e-17,-1.8447695812763568e-17
4.3112068284041104e-17,4.551672681926167e-17
1.806436955318084e-17,1.212659277953739e-17
-2.497906180439975e-17,-5.266089571559246e-17
-2.0831124246025002e-18,3.752118882030507e-17
-3.1014757932480786e-17,-5.3973778448669083e-17
3.157933635242311e-17,4.3433912211899605e-17
-2.940970794546315e-17,-5.287849802978347e-17
-6.272399488062256e-18,3.493081166960646e-18
2.090870583868809e-17,3.2557965434134545e-17
-3.4240146467735385e-17,-5.900287976246831e-17
2.998975734700461e-17,3.3837542659308695e-17
-1.6124120665167917e-17,2.9564870448049962e-18
2.082020889423685e-17,4.4386070252307186e-17
1.1163226995258617e-18,-1.2228734682498303e-18
3.983066880387337e-17,3.726514745738601e-17
3.0103965944547905e-17,8.153343552789655e-19
-3.0830466954181786e-17,-5.925502868207058e-17
-6.481655197928577e-18,-3.3865499650438285e-17
1.2361464366995946e-17,7.342912420735516e-18
-5.508756401146126e-18,1.0625275709749983e-17
2.5874303216576635e-17,4.1431309453118135e-17
5.575784250803602e-18,-9.577560409364072e-18
5.1742906873541443e-17,5.126108624954788e-17
-2.964993117664036e-17,-7.05730587226571e-17
4.640946241238787e-19,3.2296309370997597e-18
-6.855767131214958e-18,4.722450026109149e-18
2.659982674138802e-17,2.3785741937882204e-17
-1.2768820346190299e-17,-4.767649535913801e-17
-6.1143506444758225e-18,3.636397231932638e-18
9.402708605122507e-18,1.757807722390373e-17
2.409136740923672e-17,5.2303065318494564e-17
-1.3648407574559943e-17,8.087945200251214e-18
1.685984627973635e-17,2.6115173127716846e-17
-1.3131972448962452e-17,-2.898925459834927e-17
2.8443650439261734e-17,-6.451319445374279e-18
-3.281288496709537e-17,-4.999385430038098e-17
-3.131344926709215e-18,3.1063298462513445e-17
1.9677744891672415e-17,9.809972694268051e-18
-2.0512897706994814e-17,3.3981760241847073e-18
1.5820811548429395e-17,3.829458494807317e-17
1.0520535930111122e-17,7.982360926809077e-18
2.3296688330125836e-17,3.568565692796619e-17
-4.178554038257504e-18,2.16438814680751e-17
2.5467036394665496e-17,3.573817851559123e-17
1.8164105256007387e-17,6.063248899439915e-17
4.511147676779374e-17,3.211810205091415e-17
5.325432375907816e-17,1.129320326420717e-16
1.888915797088467e-17,3.5373872912007785e-17
-4.471718838343531e-18,-2.304323185744514e-17
1.4196501124041473e-17,8.09601119829449e-18
-2.1675733267210285e-18,4.7661552946296116e-18
-7.131814764328035e-18,-2.8914906874176955e-17
3.8260099635109355e-17,7.806810092264592e-17
-1.750421521758478e-18,-8.061806770269298e-18
2.8453432216027784e-17,2.6870971150882373e-17
-1.324879653509103e-17,-2.2054542607488974e-17
-3.920770584496717e-17,-6.13200831862961e-17
-1.4756064154303868e-17,-2.129101090876352e-17
-4.223103308859308e-17,-8.641504908059132e-17
-1.6665425708279968e-17,-7.652294664620735e-18
-2.9913636092399276e-18,-2.4115346047654313e-17
1.0223018156004535e-17,2.872482671897794e-18
2.9275531213838143e-18,9.834672783326647e-18
-6.000027642816154e-17,-1.095440301612413e-16
-1.7029888109282854e-17,-1.0814744998239427e-17
-3.4715492067598484e-17,-5.747483665224324e-17
9.34560634182307e-18,6.1573090295898234e-18
-1.5100481374146533e-17,-1.2026667854107135e-17
1.325863847943712e-17,1.0077625070667807e-17
3.064507433854296e-17,4.7348294330166656e-17
1.0840767889960204e-17,1.7065568595689746e-17
2.3880230943253505e-17,3.566504375828612e-17
1.1494447062287309e-17,1.95672170112738e-17
-2.1844292253021396e-17,-2.6572421083123265e-17
2.5976690023353534e-17,1.4081340219737823e-17
1.1564195887357702e-17,-5.778471361532219e-18
1.2378508354577317e-17,-1.0727755844162492e-17
1.17087500508552e-18,1.3447494778287077e-17
4.640946038086297e-18,5.5817789075144005e-18
2.755397682451629e-17,2.1853202046972987e-17
-9.454146137536375e-18,-1.9315371559198365e-17
-1.478964136291729e-17,-2.4407434315557385e-17
1.0941055757089427e-17,2.7461119938760943e-17
1.7848202406985133e-17,3.027253244390445e-17
-3.7842249898895054e-17,-5.716690226326839e-17
1.0639250996443879e-17,4.5870694829151405e-18
9.229929091206537e-19,-2.2789983491979473e-17
-3.58777762340907e-18,-2.1173854954635275e-17
-1.4174301152063778e-17,-2.7298598707032618e-17
-5.0086322838765377e-17,-7.905079642208943e-17
1.2052139889288898e-17,1.686270978416908e-17
1.1962460161166747e-17,1.9566085607114436e-17
-3.3396856408769317e-17,-6.406853490686468e-17
-4.8131596582571684e-18,-2.1583741354787773e-17
7.653010884616512e-18,1.5421683652867352e-17
-2.079355800755436e-17,-2.828338545995215e-17
1.0097885578877e-17,1.8183072232077265e-17
-1.3041061972064507e-17,-2.7126085447271874e-17
-5.5381051443094944e-18,-4.193943294563818e-19
-1.7053979298422223e-18,-8.070485444545938e-18
-2.289364064912314e-17,-4.4604121416274663e-17
1.3999349221841123e-17,3.307984132941833e-17
4.652071963257714e-18,2.5532506805685942e-17
6.436438109458697e-17,1.0494476642749777e-16
1.6765393815381605e-17,3.5350936537205004e-17
-1.9262736597378774e-17,-3.13951324634213e-17
-1.1851958499435552e-17,-2.6722170648528177e-17
-7.513840772173452e-18,-8.294331421797782e-18
-3.6869272854676225e-18,-8.370267301240719e-18
5.802863200801515e-18,5.3580469251465214e-18
1.6855426605882135e-18,1.2317530647858026e-18
-2.271209951244187e-17,-2.972754020208169e-17
-2.1913306624409043e-18,-5.8782677981649284e-18
-1.7604462920904217e-17,-3.32832117466628e-17
5.718039116061573e-17,1.0139333942228185e-16
-8.369486094909401e-17,-1.3042132624077853e-16
-9.339850217308721e-20,-6.784816602733768e-18
-3.171376353844842e-17,-6.830658758047637e-17
-8.966842110490409e-18,-1.75667618673242e-18
-8.82588784475752e-17,-1.6963137859308953e-16
5.1580761356060205e-18,5.854599217155418e-18
2.6641551227982523e-17,3.3070848047845067e-17
-5.172167910714434e-18,-1.024641444624847e-17
-1.4194962036505462e-18,-4.5282925968058516e-18
6.785203914580041e-17,1.279644875846288e-16
-1.455239726221964e-18,-1.3068986270343766e-18
9.985185404313363e-18,1.8425780003880234e-17
1.900524251763877e-18,2.1783540619552385e-18
1.184384129579716e-18,1.3545427153626812e-18
1.2519488791078684e-17,2.2197926441440983e-17
-8.580588974248202e-18,-1.7080284885807204e-17
-5.052220391374848e-18,-8.09506359981156e-18
-7.297226348450671e-18,-1.0517928428447036e-17
-3.333042619751761e-19,-1.5982877484268124e-18
2.9112046995468465e-18,3.3330019023001844e-18
-8.337773959729665e-18,-1.3888713607303527e-17
-5.339934323970007e-18,-7.947741847263754e-18
-1.0290962136423038e-17,-1.5042774578832367e-17
-1.6878067091822332e-18,-5.544462168903299e-18
1.4356278782925842e-17,1.9717654714788113e-17
1.2349904625677047e-18,1.0838265056932624e-18
1.3210884278955072e-17,2.2601416028815066e-17
4.8756857089383206e-18,8.351545217254648e-18
-5.4952875867189e-19,3.019652906620292e-18
-4.045633465377902e-18,-3.4585186895242977e-18
-3.2679425671846165e-18,2.7093135130018393e-18
-1.7105433112624598e-18,-3.897874201506303e-18
-6.263949328545348e-18,-9.586312724336614e-18
-1.0373355142673675e-18,-3.6198884726002366e-18
3.4348488707272384e-18,5.872070636053455e-18
4.6146900926576845e-18,4.4727376254717916e-18
-4.548256222984467e-18,-3.676930453033302e-18
2.347940373604959e-18,6.1733344564072184e-18
-4.050282425156196e-18,-8.331280641713384e-18
5.2287934468596335e-18,4.8180567687603616e-18
1.1689437734447732e-18,3.3591646042903813e-18
5.600968190301194e-18,9.639035150772611e-18
3.3681064499779053e-18,5.5499805453257844e-18
3.041886660030082e-18,5.063411842025556e-18
-4.804729113754318e-18,-9.155247345686263e-18
4.732153802975928e-19,1.010002924334381e-18
2.788215231432888e-18,5.452981588837989e-18
4.802907292759919e-19,-9.207141798956647e-19
-1.172557769675727e-18,-1.2156544612363728e-18
-5.019037095362332e-18,-8.430792945969065e-18
-2.6410278753214463e-18,-3.8812734972234586e-18
-1.827257181299725e-18,-1.908254717028827e-18
-6.8368541426124564e-18,-8.282149923041046e-18
2.601406432908981e-19,-4.840357223458128e-19
-9.918619062790075e-20,1.0610774768731635e-18
-3.2937937200787876e-18,-5.7245150091269e-18
5.975130627173789e-19,-5.736340047398394e-19
2.2786498323735313e-18,4.968412171984587e-18
6.2350893083177884e-18,1.2375340934686848e-17
-9.09809145555835e-19,-3.2880611365444907e-18
-1.057469276559205e-18,-1.901193445806232e-18
8.256298535026687e-19,2.3045350670979377e-18
-2.4507614112206543e-18,-4.182795956826444e-18
-1.4988583652383203e-18,-6.7393519579190985e-19
1.9766892557081963e-18,3.977928636264054e-18
-4.6172381201694076e-18,-7.591448546047023e-18
2.2975527089736504e-18,2.603695744083134e-18
-1.0749227933385674e-18,-6.348779339347539e-19
-4.726083280846564e-18,-7.416960602891125e-18
-3.086467501761973e-19,1.7187548012457358e-18
-3.6149969185354107e-19,-3.6672483476232336e-20
2.828837416617433e-18,4.690465678860616e-18
-3.1997228054997086e-18,-5.268494563443876e-18
3.3733080811487546e-18,3.1747844114331815e-18
1.844969356334399e-18,1.6935141375858044e-18
2.6300630187763597e-18,5.266779128940479e-18
-2.3723464104678507e-18,-5.162278011395276e-18
-1.5496504592699865e-18,-4.555186660278744e-18
2.71905112904239e-18,4.532653332462769e-18
1.236550476641554e-18,2.2972894430152384e-18
4.7806462477158725e-18,7.69480129220641e-18
-2.1419065385816936e-18,-1.2981509947170505e-18
-2.7855706353700506e-19,-1.700835624217934e-18
-1.346727636698663e-18,-1.083399033649878e-18
1.627434272449069e-18,3.036454795366302e-18
-3.578148001645046e-19,-9.402297752653504e-19
-9.022312221105284e-19,-2.4453385860127463e-19
9.724270370925555e-19,1.7270794577611106e-18
1.0220965354860734e-18,1.944497885425893e-18
-8.512153732474118e-19,-1.044994203042115e-18
4.150848448082766e-19,3.614938936984529e-19
-9.362084899416238e-20,-5.2975525966653145e-20
8.675891815495967e-19,1.3945959850426679e-18
5.127817393854985e-19,6.97060815844895e-19
4.295261129787885e-19,3.918713336674674e-19
1.2832567528871776e-18,2.6175288198215402e-18
5.390839683824604e-19,9.972273687568705e-19
4.046963361068327e-20,5.217760898556806e-21
2.0295954937621435e-19,2.9072829860821273e-19
2.3691781502982024e-19,3.9480194201080515e-19
1.2830802690962274e-18,1.850555190940728e-18
0.0,0.0
0.0,0.0
0.0,0.0
0.0,0.0
0.0,0.0
0.0,0.0
0.0,0.0
0.0,0.0
0.0,0.0
0.0,0.0
0.0,0.0
0.0,0.0
0.0,0.0
0.0,0.0
0.0,0.0
0.0,0.0
0.0,0.0
0.0,0.0
0.0,0.0
0.0,0.0
0.0,0.0
0.0,0.0
0.0,0.0
0.0,0.0
0.0,0.0
0.0,0.0
0.0,0.0
0.0,0.0
0.0,0.0
0.0,0.0
0.0,0.0
0.0,0.0
0.0,0.0
0.0,0.0
0.0,0.0
0.0,0.0
0.0,0.0
0.0,0.0
0.0,0.0
0.0,0.0
0.0,0.0
0.0,0.0
0.0,0.0
0.0,0.0
0.0,0.0
0.0,0.0
0.0,0.0
0.0,0.0
0.0,0.0
0.0,0.0
0.0,0.0
0.0,0.0
0.0,0.0
0.0,0.0
0.0,0.0
0.0,0.0
0.0,0.0
0.0,0.0
0.0,0.0
0.0,0.0
0.0,0.0
0.0,0.0
0.0,0.0
0.0,0.0
0.0,0.0
0.0,0.0
0.0,0.0
0.0,0.0
0.0,0.0
0.0,0.0
0.0,0.0
0.0,0.0
0.0,0.0
0.0,0.0
0.0,0.0
0.0,0.0
0.0,0.0
0.0,0.0
0.0,0.0
0.0,0.0
0.0,0.0
0.0,0.0
0.0,0.0
0.0,0.0
0.0,0.0
0.0,0.0
0.0,0.0
0.0,0.0
0.0,0.0
0.0,0.0
0.0,0.0
0.0,0.0
0.0,0.0
0.0,0.0
0.0,0.0
0.0,0.0
0.0,0.0
0.0,0.0
0.0,0.0
0.0,0.0
0.0,0.0
0.0,0.0
0.0,0.0
0.0,0.0
0.0,0.0
0.0,0.0
0.0,0.0
0.0,0.0
0.0,0.0
0.0,0.0
0.0,0.0
0.0,0.0
0.0,0.0
0.0,0.0
0.0,0.0
0.0,0.0
0.0,0.0
0.0,0.0
0.0,0.0
0.0,0.0
0.0,0.0
0.0,0.0
0.0,0.0
0.0,0.0
0.0,0.0
0.0,0.0
0.0,0.0
0.0,0.0
0.0,0.0
0.0,0.0
0.0,0.0
0.0,0.0
0.0,0.0
0.0,0.0
0.0,0.0
0.0,0.0
0.0,0.0
0.0,0.0
0.0,0.0
0.0,0.0
0.0,0.0
0.0,0.0
0.0,0.0
0.0,0.0
0.0,0.0
0.0,0.0
0.0,0.0
0.0,0.0
0.0,0.0
0.0,0.0
0.0,0.0
0.0,0.0
0.0,0.0
0.0,0.0
0.0,0.0
0.0,0.0
0.0,0.0
0.0,0.0
0.0,0.0
0.0,0.0
0.0,0.0
0.0,0.0
0.0,0.0
0.0,0.0
0.0,0.0
0.0,0.0
0.0,0.0
0.0,0.0
0.0,0.0
0.0,0.0
0.0,0.0
0.0,0.0
0.0,0.0
0.0,0.0
0.0,0.0
0.0,0.0
0.0,0.0
0.0,0.0
0.0,0.0
0.0,0.0
0.0,0.0
0.0,0.0
0.0,0.0
0.0,0.0
0.0,0.0
0.0,0.0
0.0,0.0
0.0,0.0
0.0,0.0
0.0,0.0
0.0,0.0
0.0,0.0
0.0,0.0
0.0,0.0
0.0,0.0
0.0,0.0
0.0,0.0
0.0,0.0
0.0,0.0
0.0,0.0
0.0,0.0
0.0,0.0
0.0,0.0
0.0,0.0
0.0,0.0
0.0,0.0
0.0,0.0
0.0,0.0
0.0,0.0
0.0,0.0
0.0,0.0
0.0,0.0
0.0,0.0
0.0,0.0
0.0,0.0
0.0,0.0
0.0,0.0
0.0,0.0
0.0,0.0
0.0,0.0
0.0,0.0
0.0,0.0
0.0,0.0
0.0,0.0
0.0,0.0
0.0,0.0
0.0,0.0
0.0,0.0
0.0,0.0
0.0,0.0
0.0,0.0
0.0,0.0
0.0,0.0
0.0,0.0
0.0,0.0
0.0,0.0
0.0,0.0
0.0,0.0
0.0,0.0
0.0,0.0
0.0,0.0
0.0,0.0
0.0,0.0
0.0,0.0
0.0,0.0
0.0,0.0
0.0,0.0
0.0,0.0
0.0,0.0
0.0,0.0
0.0,0.0
0.0,0.0
0.0,0.0
0.0,0.0
0.0,0.0
0.0,0.0
0.0,0.0
0.0,0.0
0.0,0.0
0.0,0.0
0.0,0.0
0.0,0.0
0.0,0.0
0.0,0.0
0.0,0.0
0.0,0.0
0.0,0.0
0.0,0.0
0.0,0.0
0.0,0.0
0.0,0.0
0.0,0.0
0.0,0.0
0.0,0.0
0.0,0.0
0.0,0.0
0.0,0.0
0.0,0.0
0.0,0.0
0.0,0.0
0.0,0.0
0.0,0.0
0.0,0.0
0.0,0.0
0.0,0.0
0.0,0.0
0.0,0.0
0.0,0.0
0.0,0.0
0.0,0.0
0.0,0.0
0.0,0.0
0.0,0.0
0.0,0.0
0.0,0.0
0.0,0.0
0.0,0.0
0.0,0.0
0.0,0.0
0.0,0.0
0.0,0.0
0.0,0.0
0.0,0.0
0.0,0.0
0.0,0.0
0.0,0.0
0.0,0.0
0.0,0.0
0.0,0.0
0.0,0.0
0.0,0.0
0.0,0.0
0.0,0.0
0.0,0.0
0.0,0.0
0.0,0.0
0.0,0.0
0.0,0.0
0.0,0.0
0.0,0.0
0.0,0.0
0.0,0.0
0.0,0.0
0.0,0.0
0.0,0.0
0.0,0.0
0.0,0.0
0.0,0.0
0.0,0.0
0.0,0.0
0.0,0.0
0.0,0.0
0.0,0.0
0.0,0.0
0.0,0.0
0.0,0.0
0.0,0.0
0.0,0.0
0.0,0.0
0.0,0.0
0.0,0.0
0.0,0.0
0.0,0.0
0.0,0.0
0.0,0.0
0.0,0.0
0.0,0.0
0.0,0.0
0.0,0.0
0.0,0.0
0.0,0.0
0.0,0.0
0.0,0.0
0.0,0.0
0.0,0.0
0.0,0.0
0.0,0.0
0.0,0.0
0.0,0.0
0.0,0.0
0.0,0.0
0.0,0.0
0.0,0.0
0.0,0.0
0.0,0.0
0.0,0.0
0.0,0.0
0.0,0.0
0.0,0.0
0.0,0.0
0.0,0.0
0.0,0.0
0.0,0.0
0.0,0.0
0.0,0.0
0.0,0.0
0.0,0.0
0.0,0.0
0.0,0.0
0.0,0.0
0.0,0.0
0.0,0.0
0.0,0.0
0.0,0.0
0.0,0.0
0.0,0.0
0.0,0.0
0.0,0.0
0.0,0.0
0.0,0.0
0.0,0.0
0.8756633623668283,-0.7728065606396182
-0.5813992822044229,-0.8408896512187736
-0.7995876494119909,-0.7993236385917256
-0.8935887144184622,-0.7215087182284305
-0.18023374520555682,-0.8387353055266035
-0.8950546504712361,-0.7458515135048126
-0.8185404459473343,-0.7711704045288104
-0.88979394566834,-0.7378698530430348
-0.7199886734769606,-0.7994748332338467
0.8685028604394908,-0.7657087396996679
0.5274191454629856,-0.8176899431431798
0.5736140540412281,-0.7253495907856041
-0.3155999237701664,0.6828348680559502
-0.6833017996135304,-0.5148829203727426
-0.8415978288097962,-0.7512914641398691
-0.46669051657701327,-0.8044387537611204
-0.8725454856462558,-0.7545772243556467
0.892334269586678,-0.7489799158164256
0.8760637663400874,-0.7612084187442909
-0.2922950939688315,-0.8512190351066375
0.8201329352162454,-0.7762810301244585
0.8609536617915404,-0.772693206599873
0.44011424069291466,-0.8002139924538412
-0.877042551454415,-0.7619260053681814
0.8581440350397009,-0.7681707287543719
-0.8839859196952008,0.7635653628199426
0.7444279159373781,-0.7885266274505253
0.8357590478517812,-0.7719248286486966
0.8277101139451933,-0.7567699998290315
-0.39580226029081883,-0.8355795002735882
-0.7258222960215633,-0.7846958549210814
-0.6711431762653437,-0.807189159477451
-0.7242500215020354,-0.7892687118527638
-0.726750951176849,-0.7919987167329601
-0.6226739472917975,-0.8089830699397229
-0.7827258049359618,-0.7636647293421905
0.8381024409102114,-0.7704349131412263
-0.13366492088725315,-0.8440817381034689
-0.5589919225644194,-0.8094009013500526
-0.47124676476016164,-0.8004992468525857
-0.5544299403764332,-0.8252393348730928
-0.3164207952092532,-0.8333785164880405
-0.2529881282427886,-0.8430561633758694
-0.6136475502685415,-0.7947846294490125
0.8772129656366379,-0.7558929947724203
-0.776185137086481,0.7808728959167441
0.8157015111223702,-0.772179712052759
0.9285998239730676,-0.6784699198533604
-0.7759266842980016,-0.5554869291299899
0.8310107903172395,-0.8440220486814072
0.824224986231687,-0.7908677533846091
0.843424033878088,-0.8333828421286978
-0.9210984237423028,0.6559301684226485
0.8202986510704836,-0.8831098616513545
-0.9506096331285593,-0.8606631110251736
-0.1894044352767012,0.7109100357166578
-0.38758618646223786,0.6648195153104915
0.832119660278944,-0.8678640953737882
0.7900701735895979,-0.920237414753133
0.7937754425814737,-0.915627619877886
0.8348902150599241,-0.8634189277933603
0.953783784347322,-0.6311500984881777
0.7798697758774416,-0.8510948615564147
-0.21010394771928664,-0.5703618350241216
0.9575539133205508,-0.6617265865275548
0.8674304392146966,-0.8112276662769405
0.9883846017582293,-0.619220711302447
0.8737865046437373,-0.8362274329318294
0.8748860313028889,-0.8418241149679345
-0.8079214228862884,0.9021694146421857
0.8935805304721794,-0.6531515877093647
0.9827964157805942,-0.6409213674568998
0.8697377370552108,-0.8325818040128021
0.6301904619170631,-0.8528287897338256
-0.6417235838968832,0.8888947391812358
-0.5931356011085019,0.9110875396322201
0.6212862798697688,-0.8546006987034567
-0.8161402004629283,-0.5267196150547127
-0.7942933546434778,0.8820718264635257
0.9911662367407104,-0.6296250354332322
0.9767894514014391,-0.627810591838451
-0.8249395194996809,-0.8300060365537645
-0.8261945080950872,-0.612457279864373
-0.7711160972838006,0.9064900039528869
0.9683900477729102,-0.6365327343908193
0.8790859370400197,-0.6599491719012266
0.8873123864341816,-0.6413992442870609
-0.8010235209350157,0.7922840623461882
-0.728674532464953,0.9101585286760137
-0.7938291671297678,0.9089279953507546
0.90388733536566,-0.6451311257012374
0.9647042397814343,-0.6217963894188819
0.9865395338120576,-0.6295768392639964
-0.8436964163709502,0.823243283263432
0.9826819022254425,-0.6339469687953823
0.9190735665606219,-0.6673963908183295
0.9659862302192895,-0.6233247987717208
0.9872914570641765,-0.628300209491811
0.8355729140308094,-0.0658098482236674
-0.7975024866530089,0.9018760345799621
0.7972945286720899,-0.9187753248419456
-0.7419091460049184,0.6453038923612214
0.8677435303391492,-0.2118760767867062
0.804075827188545,-0.9238107089695203
-0.9808524153536851,0.6222010574588273
0.821540244820228,-0.9005744313753353
-0.9621192492987521,0.6546829402751865
0.8415744788635625,-0.8818591271614328
0.7851220545879607,-0.8581270556645787
0.8150043778248864,-0.8356708792073855
0.8287729517173137,-0.8755229012474282
0.8340827270455369,-0.8934212630879591
0.7452343572244862,-0.9185851724483124
-0.7766254397367682,0.6526454027604828
-0.9604187502703114,0.6292949477003071
0.8189942800682699,-0.8781267256278539
-0.513381119661581,0.6048945316979583
0.8707220597018787,-0.8465729167732845
0.8101629043154855,-0.8569506534236622
-0.9762492451000174,0.6252816815601909
0.77151461660566,-0.8894858201429253
-0.8021942965789495,0.8904537059343376
0.9692086169988383,-0.6303621077586581
0.9414092547449837,-0.6197889169039333
0.9587783838524597,-0.6243948103855305
-0.9417458306927412,-0.8974730350866877
-0.22242806409458304,-0.7063480682079791
0.781584783253603,-0.9198713940136168
0.887776584538826,-0.6478302007327914
-0.7973596941690184,0.603016657370686
-0.5969283092161694,0.8682642279609211
0.6988154199450389,-0.655496227120536
-0.7386955801804638,-0.6491560158627009
-0.7167101423131582,-0.6321752506954738
-0.5553451696405399,-0.6893745660918964
-0.7988482941087328,0.9018368753705809
0.8921682540520112,-0.6524794741952176
-0.8060158994294853,0.9095425653333514
0.6973044425363123,-0.6656585191545371
0.9485648695285813,-0.6308712413269587
-0.8025243255248582,0.8911824077605905
0.7051914614366801,-0.6635424063257974
-0.6980574595741635,-0.6472159411215115
-0.5347272480560065,-0.6876229757666984
-0.5579837828359487,-0.6763096382794589
-0.7605531127133125,-0.6453938114478414
-0.7684026218193402,-0.6344734195097942
0.9781905503577057,-0.6311266144754397
0.9767238567978914,-0.6285354964999584
-0.722525200443185,-0.6265071624789837
-0.47237396451417796,-0.6603637176677434
0.9646997180518705,-0.6234111681471354
-0.6523368840712755,0.8561261212680631
0.9827713827307264,-0.6328748715482779
-0.7824790000121107,-0.6199312991142544
-0.8999043047557608,-0.8566328738371872
-0.9298045357994841,-0.9010287559213643
-0.9324545353049544,-0.8748499007885877
-0.9646961733051107,-0.8425090738913601
-0.8614480094416844,-0.9238640461433749
-0.9575029694981976,-0.844090254273892
-0.8868340106670171,-0.9089942334187316
-0.6969745491419428,0.579579333965879
0.4733638252552132,-0.9515685039209121
-0.9439447831793953,-0.8887599992598659
-0.10889227811756348,-0.9269020763394112
-0.9308897727272277,-0.8674562300701165
0.8499196816308406,-0.8727732267043942
0.864331397696351,-0.8268201096592188
0.8688644793762074,-0.8187327279315416
-0.47579657936836256,-0.9785111278838214
-0.978146845082136,0.6245880250050213
0.8222212946911505,-0.9034553364033615
-0.9685852895498287,0.6348155011014587
0.8134529796816979,-0.9074094096718489
-0.40865064088321407,-0.9435747616523732
-0.9580690141491396,0.6182421876952714
0.8181262226318804,-0.9061564106593442
0.08257041828652309,-0.9771858219250031
0.5464933761427679,-0.8565658546461732
0.8012348781223564,-0.895496516486582
0.8746412424529931,-0.8323467147369277
-0.3718849936820854,-0.9267064331267424
0.9548667232415985,-0.6041802741264628
-0.7987936382204358,0.8890474715350597
-0.9136671015877027,0.5920555428365415
0.8485857953272602,-0.8455000547890669
-0.6431895775919991,-0.20669365112806934
-0.0739504335396866,-0.9182871771425005
-0.9466879784850668,-0.8029087446078071
-0.49236443889043846,-0.9514033361747746
0.8214965596308433,-0.9153669811704667
0.8060504606036529,-0.9030511282901075
-0.4239312114132002,-0.9951413739615191
0.5670122292195233,-0.9479011545332738
-0.8333112512180669,-0.9369982471199374
0.8100992147150726,-0.9067064067313222
0.8624535674373297,-0.8486765903207191
0.8276810648660944,-0.9089368151748266
0.5292745709084591,-0.9378176239774781
-0.9336471810427414,0.6990415781071744
0.8173782572144108,-0.8852327719783669
0.7961514859885731,-0.9121564482483634
0.7987390323050578,-0.9035770577108309
0.2440243770733292,-0.9127404358402722
0.6328334474790681,-0.9455114535291396
-0.8726367940806843,-0.960029240207174
0.5389532119322784,-0.9523948036319984
0.980697721659407,-0.6236767090516445
-0.7489770379095365,0.7862837037373257
0.9816543857837325,-0.6237507055655983
-0.9050350603174152,0.6708266279784586
-0.6030624631574166,-0.9331517453030423
-0.9453479367935742,0.6641741143372134
0.8283890469745543,-0.8857167689307015
-0.8981480292155105,-0.9327716035816856
-0.954556204948237,0.6338834596103345
0.4536951313423764,-0.855796414317406
-0.8692516862128125,-0.769773122075919
-0.9626530039271005,-0.8482452282176137
0.8351280543556038,-0.9006338647933139
0.8055474310825542,-0.9123172257001716
-0.05183273637814356,-0.7945801005048937
0.8492538422728977,-0.653114233565634
-0.7282216944029004,0.7303191988749946
0.5707652777867411,-0.9465489874910714
0.8147901904066387,-0.9122142317991992
0.5306250298949687,-0.964718835838874
0.8239491484339704,-0.921638365341011
0.5891020776142115,-0.9481131249736736
0.6972037834787006,-0.92586606191118
-0.4339315399646164,-0.9606359879454396
-0.42690779137930207,-0.9822605793990012
-0.01919830416122223,-0.975410893956132
0.7808853380168765,-0.8817137416198219
0.7803495986549593,-0.9053216649498845
-0.5859601094559345,-0.9795457406138133
-0.8240693935491543,-0.8598428716593032
0.760513410623845,-0.8508024557721101
-0.8797165447773361,0.6222673676398378
0.7046469601745029,-0.9092726393444968
0.12827357942809356,-0.9552835881879879
0.7614294677099335,-0.8913516833122783
0.9087661763548955,-0.6223931234062604
0.9084468761623428,0.3197130141540311
0.910912617226812,-0.6297651385549627
0.7240211162306457,-0.8930961366366238
-0.8383950135019935,0.6230021382997089
0.7314035867757348,-0.9127493168532954
-0.9265521951806306,0.3367295827507015
0.7791328057808904,-0.9034407345952241
0.9399546128245878,-0.6486883520278524
-0.7958050490635273,0.9082127922003018
0.9500762661840998,-0.6390890254749438
-0.942818637815003,-0.8978936211118222
0.9761224759520378,-0.6299203759284749
0.8503027259567546,-0.8763362262058035
0.044827634635487654,-0.7215485585357588
-0.812458019452333,0.9078919332475952
0.8712114865903376,-0.8012773362049768
0.7440381225013578,-0.9170047085463878
-0.9578321759454307,0.6432230766659397
0.6701697707398467,-0.8631427600604243
-0.8511414258057702,-0.8795097753346444
0.7759287094947439,-0.9012216352813687
-0.937732546070389,-0.8882627121389938
-0.9325078403704457,-0.8895285636728363
0.8021288270414637,-0.8991582292502924
0.8227886141323814,-0.8992949169972669
-0.8147281107609432,-0.6290551148668809
-0.9187120041547264,-0.8880732684576803
-0.5077673650174791,0.6734814242981207
0.8028558186743856,-0.9149935063659258
-0.8542493574181198,0.6549495684596198
-0.42824382243732345,0.6926757892637806
0.7791771401510603,-0.30986932754887037
-0.8753052668548609,0.6814903808988998
0.8168447664404895,-0.9151404062823194
0.8220960139514919,-0.8763363512817894
0.7579161134292902,-0.8221923363899697
-0.7641457667468778,0.5872711313219061
0.8129289536344165,-0.9225531429716607
-0.74961603426938,0.6667690430565576
-0.9558224285485066,0.6315644190754409
0.8507313205181655,-0.832874658089439
-0.9086336529553359,0.6863557651980106
0.7920803412811476,-0.9001016179516887
-0.9725071743260838,0.6258829836027429
0.8294629411207385,-0.8892733655280135
-0.5847929641882605,-0.9923479382127128
0.7985835340981077,-0.9208420072204622
-0.9861417870876257,0.6249309290549355
0.8162783107833989,-0.914283820116032
0.8186246041910867,-0.9216431606674735
-0.7142017224513937,0.6464009257159145
-0.9724663545247132,-0.8893714085072463
-0.8613100195397609,-0.6581295689391679
0.6504969449540584,-0.840280887912083
-0.9592661792806515,-0.8892192928580591
-0.9630526925874977,-0.8651255677145357
-0.935872009917746,-0.9081062616766606
-0.9810095889303578,-0.897609705264919
0.8336024388693823,-0.9163260997333488
0.8331208871707976,-0.9164009383978289
-1.0,0.6277951380253555
0.8294088830925721,-0.9222556716414274
-0.9736794575036716,-0.913735790427246
-0.9834289947203786,-0.9012729358663384
0.843214364098841,-0.8972294607419841
0.8548977733297797,-0.8537041173013113
-0.9747331271330612,-0.8806839073763808
-0.9410780834800837,0.6717154515124122
0.8350381149800803,-0.9149864356847525
-0.702188049156011,0.5942619230942859
0.7866399924053072,-0.912576638453061
0.6670165881695721,-0.9293053873108734
0.7817551472791994,-0.9170201509957552
0.8015951221797079,-0.644132040227829
0.8139276032881542,-0.8432327895786518
0.7794436777781423,-0.9291695655632987
-0.9990967264865218,-0.8475836745357692
0.7040389819455286,-0.18437986359636266
0.7731427718231663,-0.9085910039440651
0.7846170387705056,-0.7869923422967321
0.7820361895004194,-0.8939192320253598
0.7714710648174808,-0.9217228145784988
0.8272956978262398,-0.7607393067490118
0.8119749942086026,-0.2319224766842379
0.8011725705309952,-0.5526706166645955
0.8292174027958671,-0.013794885808001858
0.8423447646166505,-0.3836356378198777
0.6591978583232163,-0.9039807710011747
0.6587269772536078,-0.8953901827290679
-0.5297581220415764,-0.8871882332659424
-0.5502076112067223,-0.9667563217991605
-0.524710001844873,-0.9618205969113028
0.6582653949607512,-0.8982495879433768
0.8740363457068239,-0.8336400721809416
-0.37530533529669463,-0.6566441739095732
-0.8282295943423812,0.9107480273341981
0.8771247999825742,-0.8409441489751099
-0.7269150123580712,0.8955842009222047
-0.45012185416926864,-0.9471435460421948
-0.8473465918567022,-0.858374481623785
-0.7815331326348763,-0.622575973891863
-0.6187574569575781,-0.6493205519107019
-0.795706646434016,-0.6561090675856273
-0.8373996825676248,-0.8640755906475596
-0.5908757139143828,-0.7153551140981411
-0.7557770268400005,-0.6453159913431342
0.9782589210880588,-0.6194230980339009
0.9917830168846578,-0.6109061303313905
-0.8342953492773042,-0.860415385376527
0.4734714162475699,-0.944126928293939
-0.99380257955498,0.6358642889649619
0.8385221548786894,-0.8962569124295916
0.5236403993827767,-0.9591278078335211
-0.9716195468843944,-0.8811659233017548
-0.5646707852035197,-0.9669301100515532
-0.9081757293343514,0.6425761010796932
0.8175004239812106,-0.9081160181194033
-0.9831529004770173,-0.877457618181659
-0.6500290854428293,-0.8571725268790172
-0.5796988710008979,-0.9976220672778223
-0.9129431640205968,-0.7956067107620008
-0.6773893833234804,-0.9856286508526193
-0.6437429423263511,-0.6807931063098653
-0.6824433452795,-0.661709030434784
-0.9882681058062389,-0.8740111586234335
-0.7487736819256915,-0.6951432559656748
-0.6434725464910065,-0.6871664125084103
-0.7869844841682784,-0.6366264937511735
0.9664375032884438,-0.6408159727208079
0.8053142346220411,-0.9071081217578716
0.814815755684497,-0.8575552448758815
-0.8840617290819272,0.6840911544891924
0.43852611492008486,-0.7088081644630411
-0.7058014724434374,-0.8342169741256219
-0.7016882905492635,-0.6829791871196864
0.7766953374223964,-0.7359502102560359
-0.6985780074172432,0.6379285294726847
0.8144877348004433,-0.8523203524424671
-0.8303239888078633,-0.6039244052393554
-0.8930298593488144,-0.8001744101283946
-0.3785536993315998,-0.6769918432059472
-0.5062931351987433,-0.8889859868225368
-0.3347440820953537,-0.6712005609082803
-0.7386847213244033,-0.7397762623987924
-0.7140802979113248,-0.6614483946341035
-0.6638980193058291,-0.6717697296411815
-0.8142211984087487,-0.6248344774789559
-0.5784504957819782,-0.8863341259519086
-0.7476040784377118,-0.6378900884288637
-0.8734649516284624,-0.7816925732254081
-0.7453075077474052,-0.6395507183824753
-0.8170901252903682,-0.6248481106832223
-0.7482413447331289,-0.6248282163739073
-0.8043638952292845,-0.6142352989864165
-0.7375503918352836,-0.6501953608923362
-0.8011966716238623,-0.42600552015052867
-0.8314315643469177,-0.3351619377033234
0.923818946773159,-0.64535952229293
-0.7418097127852725,0.8949902284343394
0.7543534399237948,-0.9236820062763585
-0.8905309920790934,-0.9474182283443109
-0.700320587395752,-0.9670902615520921
-0.9175547790268263,-0.9149975486121822
-0.9195506186276001,-0.8965513898361296
-0.9925971193061339,-0.8545996411909239
-0.9767374069336736,-0.9105936565536475
-0.9093028314666037,-0.9411566982037677
-0.9603269898304336,-0.9127557702484453
-0.9724464758797219,0.6340497318586191
0.8262123931059572,-0.9066342833196726
0.7291795417691165,-0.9090810850468113
0.7762982507032281,-0.9290319956197572
0.8400546957451988,-0.9210429095556742
0.8585536602903443,-0.8965231167835706
-0.9752485903899808,-0.8988475856793293
-0.917888839286014,-0.896071722570499
-0.9733168073564917,-0.853954522220123
-0.9826189569472132,-0.8896623508078322
0.842288570133835,-0.8734562368906439
0.8479937784274216,-0.8764551681294006
0.8338996532339185,-0.8915834885848885
-0.9372647022698376,-0.8790484778106523
-0.5784867934687435,-0.9533092639913008
0.8370470365971551,-0.9051033422738339
0.8429320155150323,-0.9045730992111967
-0.9693578717007157,0.6427571508118656
0.8516547494669737,-0.8936206250684341
0.38948275805357874,-0.8759636676484139
-0.8517339267800693,-0.9067127068641824
0.09244258324070738,-0.9618150818299572
-0.8788508883856047,-0.9310983498544229
-0.8094584447626628,-0.955543141296718
-0.896924732995034,-0.9306302481097132
-0.9614175494982115,-0.9004040985706395
0.009481581330777032,-0.933589825202325
-0.9245580712249528,0.6301048693565918
0.9903868867220529,-0.6278005123712673
0.9875127004292095,-0.6308614372308746
0.9398042564661977,-0.6623556067928298
-0.9861634069210314,0.6340221750010998
0.8292541750884296,-0.922011570809268
0.8180778197392151,-0.9074835418340292
-0.5706165266889467,-0.9639781112647071
0.8264828048028344,-0.9088031825409025
0.839443316860542,-0.9084411437458129
0.8341048187604341,-0.9163127275431014
-0.8838713223492848,-0.5743879386366358
-0.5240862837676781,-0.9154388248775605
-0.9427087601373964,-0.9151522074162446
-0.9624643535685905,-0.9275731289523069
-0.9299538399239745,-0.9271593669815139
-0.68442373028948,-0.9564202545096534
-0.773288213226978,-0.9700427633550193
-0.989826205539758,-0.9006052123443099
-0.9940152626736288,-0.8969317225164491
-0.991569951586224,-0.8942546518355496
-0.9794012719335937,-0.908903125027411
-0.8982873501479391,-0.9512869327125913
-0.9111711644303397,-0.958632369481333
-0.9169343867171985,-0.9056051733122389
-0.7692405729545099,-0.9792448017952987
-0.5850708644612367,-0.9917216927934438
-0.7144581387991071,-0.9678272230658457
-0.920531703341301,-0.9360587127805468
-0.9252798254796368,-0.9370960217926099
-0.6879659002230781,-0.9393790103863117
-0.6597848186517209,-0.9889265254533204
-0.7935914618320898,-0.9526472948943109
-0.6220237239347097,-0.9716765809964527
-0.998441139600648,-0.8984605848599941
-0.956221425845251,-0.9133041672589236
-0.9431183218334168,-0.8702261935061039
-0.9738925380166698,-0.8952309187276947
-0.9800092072340488,-0.8624236693069597
-0.9795685478548073,-0.8627882348782512
-0.941415576190516,-0.8847683219232041
-0.9445448169711425,-0.8497677698069459
0.8240629151975539,-0.9199033566543066
-0.9913628534384825,0.6206409787170012
0.8307549112601842,-0.7597560219855424
-0.9982523468121345,0.6260945937680654
0.816517881201923,-0.9181355370449555
0.8160738965811529,-0.9090941590240147
0.823749818591689,-0.9094772964448009
0.819161928835889,-0.9270499130868823
0.829325557106337,-0.9191038230730393
0.830561759895644,-0.9259433045332458
0.8337711808923348,-0.9196865097674745
0.8184661400253965,-0.9126319883453251
0.8354682244865971,-0.9111870961639911
0.8275216511195752,-0.9091493411544694
0.793633218466276,-0.9180446444591891
0.7947951499447284,-0.9181659412190964
-0.8903594858588659,0.6745497466367707
-0.9407017908001868,0.6601617701523524
0.18940253336174848,-0.9607330113838345
0.7893100677619661,-0.911765193674191
0.7896570138076351,-0.9192773010789576
0.8345690699328304,-0.8666959019639304
-0.9112308392260206,-0.9028438636293296
-0.977686662408672,-0.9122512721738611
0.7433372253035162,-0.9252843423126307
-0.9737557568614945,0.6405169422349208
0.43465272214567363,-0.9593024331551006
-0.9709048936798607,-0.8965062225261027
0.8530354602973741,-0.851134611796461
0.7959083102094967,-0.9120341360651573
0.826717718535471,-0.919412394961783
0.40978808670001055,-0.9181524203560097
-0.9448048935022946,0.6523453331132514
0.8656207381066237,-0.6115574817963297
0.8397317826571687,-0.8398162291974448
-0.9004567752116037,0.1364624539594312
-0.5466413264181296,-0.9542675522702696
0.8922683622823256,-0.5439978671978375
-0.9767513421702501,0.14900824152254213
-0.873634547597164,0.6624685719512604
-0.9514149805169076,0.16091918141408146
0.7760647062642757,-0.6237104746827169
-0.9815786476897346,0.6487650447281171
0.8334917485953425,-0.9028810956182735
-0.9749934042175371,-0.8934210023028071
-0.18376733213981666,-0.9671206235081906
-0.9799181980748753,-0.9358358988874312
0.8041085113620638,-0.9230327657206702
0.8305370056650389,-0.920861817075775
-0.9509318661345078,-0.8124028876046818
-0.2589507335076846,-1.0
0.37701687511338344,-0.961094213528219
-0.9901975217682901,-0.9167077752055525
-0.9620391213276431,-0.919112905975938
0.9651320649748915,-0.6565448870191647
0.7948490659893991,-0.9326190415002045
-0.9595057561951615,-0.9056711394618054
0.5107879022839028,-0.9285723758410189
-0.9560648211101466,-0.8942088038937097
-0.9581531629544223,-0.9168516658213646
0.6801346273037123,-0.9404775552343985
0.8601359778443236,-0.8141972477720516
0.7871024040642842,-0.9138912896114082
-0.9785599433952552,-0.9125830571747277
-0.14624753659596854,-0.8925847937943661
-0.9556399719952755,0.628582656842221
-0.9824342476000439,-0.9049615858994129
-0.9676881080906102,-0.9052668115945431
-0.3063262751919085,-0.9529279247803505
0.5693555724390006,-0.9061086236105074
-0.7127838148452688,-0.9176067496749925
-0.8489570367248124,-0.9383053525388052
-0.7664862720504824,-0.9046931294007378
-0.934758503215549,-0.8891187914701266
-0.6614136371629671,0.6918403407593009
0.7943891404487591,-0.9008328864996229
0.8050442046447996,-0.887782700565306
-0.5781718271590469,-0.856608980270184
0.49268268718381436,-0.9410707821151031
0.3669506749712423,-0.9356115317152359
0.5781164113353014,-0.929130112534364
-0.9630531374242883,0.6491384495198089
-0.8890092461634358,-0.9118934318857845
-0.922492786842807,-0.9020532982283725
-0.786228637369108,-0.9296551280145465
0.8178599545723134,-0.8864234943971879
0.8262343308366287,-0.8909350775137601
-0.9652827553039995,-0.8542714087082839
-0.8098669738480374,-0.9361273287972935
-0.8646708208480456,-0.91642900064396
-0.9414589567960084,-0.9133148514879248
-0.7375321217513385,0.7177015266078259
-0.9656463507638419,0.6632989508060455
0.839272330391283,-0.8915974953032566
0.7069118170061074,-0.9182274357834522
-0.860410519116486,-0.8771920786315318
-0.4747808121743846,-0.9678087373716887
-0.6720402862875229,-0.9435396364025178
-0.9313308485984622,-0.887404253519446
-0.6318319531213894,-0.9682589693240343
-0.8696089923252155,-0.955702501913397
-0.5066752438693329,-0.7290535593537405
-0.32205230531258233,-0.9949945626202238
-0.7905798794159714,-0.65124484433338
-0.8358692611358668,-0.9577275568866334
-0.8752054175789714,-0.9439602924560652
0.032001325457707945,-0.9978884339471495
0.6473049821196775,-0.9352425176706438
-0.5140593722639082,-0.9907987781906759
-0.9584472853602622,-0.8900571037804683
0.7990299508044628,-0.9158140048809977
0.7994716706494117,-0.9211003299237789
-0.9906378767415577,-0.3859608106170932
-0.9340319006600276,0.6157492737670662
0.7090877171113231,-0.9353257147486833
0.4966097313025795,-0.899586559230192
0.6703335045095887,-0.9324622008684876
0.8000163070216242,-0.8367240086439818
-0.9608733530632264,0.6308889818533355
0.7985081316098488,-0.890830760380231
-0.3419013447983836,-0.9516840986269078
-0.02664611569519343,-0.9531524454208073
-0.8988501316114631,-0.9329784738764446
-0.9444618366717733,-0.9168223718290667
-0.4485113530935,-0.95000304638615
-0.6666927603986857,-0.9563903943058596
-0.9223669251443074,-0.894805194569415
-0.5066864541614547,-0.9881631625539695
0.8192519710817125,-0.9102292351055847
0.7872872490078562,-0.9163935987845765
0.7980516925833857,-0.9154676905289075
0.8202044648501433,-0.9089883725880986
0.8104570405270384,-0.9163620566563047
-0.9423968247895277,-0.9236651907342018
-0.9563165994047715,0.6506145012318358
0.7735946711977141,-0.9011883711851648
-0.9368312138903233,-0.9030328246532733
-0.878273227212227,-0.8479206891598359
-0.8629545056857405,-0.8413602341058848
-0.8964000011156543,-0.8201387552805859
-0.9207420936584726,-0.9043155365363633
-0.9807894345192617,-0.8948167173940801
-0.9721306872398778,-0.8898790289306298
-0.8617559824005275,-0.9152090859850086
-0.8905682047844882,-0.9485891146825582
-0.5930323947347707,-0.9628438817616312
-0.9347113744313437,-0.9318589278728737
-0.358600094127257,-0.9412011294830748
-0.9767238177191403,-0.8951366615392582
-0.6515077418994654,-0.9433046238782253
-0.9292032495332673,-0.8291769910646146
0.8428809931771996,-0.8663418882809143
0.870125572418818,-0.8376818475793171
-0.9155140348849244,-0.9216810264005685
-0.6781434871337393,0.9071817170928504
0.9666523597200625,-0.6357537795183242
0.9571963350915194,-0.6430291298454641
-0.543448624852146,-0.9642633726110975
0.7399467448184032,-0.9079179696266377
-0.9547478949707526,-0.8521406669857258
-0.6247013556305944,0.901197506936491
0.3248091045857143,-0.6799258214746551
-0.846353207380168,-0.9175461754401962
-0.8554001775862413,-0.897439359759381
-0.9309132955310979,-0.865360366604069
-0.701583118116814,-0.9396072679238239
-0.2726274536145885,-0.8337343205959713
-0.94443064433498,-0.8703873781795979
-0.10231736629590152,-0.6884484179832453
-0.47290127821305294,-0.7122155327350091
-0.8440202837191024,-0.677065823734428
-0.9594093829523622,-0.8910985339404758
-0.5379333365154149,-0.9492377469735986
-0.9581396499720473,-0.8857773248319197
-0.8283146038500734,-0.6550381279734981
0.37128161689642164,-0.9477645727063592
-0.9591502701777909,-0.8805162171971295
-0.775553868186245,-0.9109414755482704
-0.952910670533581,-0.860607956250769
-0.9463172811979909,-0.8747265493251108
0.7654554534548651,-0.9014140537251224
-0.9564378386097114,0.6010666825334678
-0.9336135700601523,0.6347392830253636
-0.9728792868698263,0.6271918410899738
0.7732729950201718,-0.9234879864669462
-0.9685592752904256,-0.8774063086710677
-0.9575119372866165,-0.8566749362871412
-0.9569821990254607,-0.8665646443928555
-0.9537293229975676,-0.86956630312071
-0.9560049660342888,-0.875615599964115
0.7999401423199822,-0.9051102452321332
-0.9304580809327224,0.6363035281161431
-0.9631937529617205,-0.8949192443766599
-0.9416547505135564,0.6418704096993533
0.5079173498628577,-0.9465952597688899
-0.7504126089864721,-0.9709431883662698
0.13616367202354795,-0.9825661391451843
-0.36110966090012203,-0.7381821517791022
0.7732826644830354,-0.9138352513197927
0.7931682212530021,-0.9146620285143187
-0.07263153075483071,-0.9948837852908284
0.7805516530552561,-0.9067259378417978
-0.8967101112255044,0.6332590274487161
-0.7968260168964113,0.5953641258937045
-0.9265600312855335,0.6083670142995519
0.7627488684875054,-0.9181206788162829
-0.8885641442090378,-0.9406512426075953
-0.7994376076156894,-0.95869512462023
-0.9043275237890087,-0.9058348114095635
-0.7496739980958481,-0.9486353520032206
-0.9244894575850505,-0.8881204462081399
-0.7784731109540839,-0.9438981109594031
-0.9477988506500337,-0.9027381356214933
-0.9209637350266893,-0.8743176137475196
-0.9538703354854241,-0.885628259449348
-0.9548535612910014,-0.8886707926392723
-0.9252308545123274,-0.8964241040342362
-0.8506125686923679,-0.9263577138857613
-0.6469276316904334,-0.9710909177761663
-0.9558427758804187,-0.8954687705412975
0.7934780567530202,-0.9098453555058525
0.7954702452178394,-0.9202366101358062
-0.943764444365179,0.6437470740576097
0.46923080199714545,-0.9489977434969912
0.7646361783270383,-0.8528166184652395
-0.9003847384146804,-0.8337977629136671
-0.9690880082262148,-0.9107109686264225
-0.961582954300597,-0.9091751992277743
-0.8926579717182676,-0.9316512727703874
-0.9467685606466706,-0.8766224041281951
-0.9274133246278785,-0.9259359373102852
-0.955997389822884,0.6348815661303197
0.7133666013631319,-0.9323329869821135
0.9648525143220807,-0.6419836226998781
-0.8283312947870058,-0.9398653163654382
-0.8554763406354288,-0.9312808998266302
-0.9658576177653143,-0.8949265363058054
-0.8602837941997991,-0.9460418736922395
-0.899773459840893,-0.9212284541424324
-0.9560191625358068,-0.8896898015904998
-0.8160444715639894,-0.653952491351374
0.9538174566691131,-0.6410814591482905
0.8774789977030241,-0.7587555920042046
-0.7912814710651269,0.913425230728061
0.959945284297916,-0.6289735281043268
-0.12835002202726425,-0.7072881566202237
-0.7365594888123507,-0.7738557817686765
0.8772713856975365,-0.8152802801570058
0.9267630008605147,-0.7009471035611492
0.8455102898377428,-0.7276744283466299
0.9054890101000626,-0.6590369883840438
0.815766059816783,-0.783339382307148
0.9574905732518458,-0.6314746347086607
0.7441596381249647,-0.8985424640842052
0.8150454297796731,-0.8751011920916597
-0.5617373967957456,-0.9063945438603391
-0.9392921574391226,0.6068693740740172
0.7804073688049693,-0.92256187366144
-0.9827109066566746,-0.8912351964100426
-0.978024094838004,-0.872756252975354
-0.5326641638045597,-0.9871659139825413
-0.6048090682718318,-0.9818808557426412
-0.901914261572385,-0.9145627225426184
-0.8707641889248465,-0.9467668847334135
-0.9329271729999666,-0.9346305456557057
-0.7290876191604104,-0.9628930678789844
-0.7633625279481707,-0.9054993556890374
0.7764626666032591,-0.9237883490629365
-0.6509824030008785,-0.9581392724961026
-0.3300740968848794,-0.9213329351355086
-0.9050669471693351,-0.833710653270819
0.8213364060751449,-0.8531630573153567
0.8038363930964815,-0.9169080039280599
-0.9915022186641959,-0.7182336667160425
0.24202732282546918,-0.9647843634813843
-0.9795672996008783,-0.8438350851676018
0.681653650958149,-0.9065797231373969
0.7858285342783525,-0.8809482571451357
-0.9549164174928436,0.6247046323579607
0.6688178316612778,-0.9186263718293469
-0.7744896041689185,-0.9507387521380548
-0.8855484655400647,-0.9331301645707207
0.8059537237956143,-0.8361516885564445
-0.9182294443497273,0.6805024417515281
0.13573661571353843,-0.8959112200089543
0.6952081024333965,-0.8485125661712897
-0.9524555902650654,0.6379425649917078
0.8067857191238654,-0.8911676156693519
-0.969422337733669,0.6353937346244249
0.752003399092244,-0.8872677660748881
-0.6235783758844057,-0.9739676371799826
0.7948813216489998,-0.8923828051081212
0.8011939498402025,-0.8952280184211735
-0.7619751979625382,-0.9680813377246669
-0.586927632548714,-0.9903192839695322
-0.91840015589777,-0.9296106440718267
-0.8143763461114963,-0.44502038368112395
-0.7740142215098501,0.6363562107971071
-0.856999618174711,-0.9525299888615032
-0.6947060142837992,-0.9687352848325825
-0.24432545541433337,-0.923627050419274
0.41260928757900345,-0.9510116647096027
-0.6702416054637566,-0.9780775812260171
-0.8752898100334109,-0.9366525534690453
-0.4744844301457276,-0.7191496209268837
0.8251197481318686,-0.8577916207633686
0.8222489479035252,-0.8603361533358642
-0.9357457242069775,0.6629874740257676
0.8308772528982581,-0.8575824428981632
0.8579073318783628,-0.8424119372652324
0.8036719368459314,-0.914302031013394
0.6972039941559566,-0.9436326283844254
-0.47659550666860423,-0.9722437180880937
-0.9697812983556454,-0.8915534244279093
-0.28479516407970806,-0.9537821348471518
0.8141642362358975,-0.9181701769727703
0.7949302750421331,-0.9153485298791957
-0.8989730659144047,-0.9381161880857224
-0.9630683579844534,-0.8546498241509058
0.47226079977075097,-0.9124880923810668
-0.9438068399834675,0.6588226222503684
-0.11234605122884746,-0.6945239746080338
0.8192842432563018,-0.900433729368629
0.8055656248963293,-0.8518065136637266
0.777099249079605,-0.9041577726561916
0.751060550185012,-0.8811282815949834
0.8170216267930679,-0.9151844332948882
0.8171401545960232,-0.8998289996933766
0.8424537497767554,0.07981571395311066
0.764496803845228,-0.3016314428909765
0.8351495463926017,-0.4640860408751058
0.77531849812182,-0.7618459424225926
0.815218844067971,-0.9046247451085119
0.8414110764360755,-0.203462536673808
0.9890100812163812,-0.1758447012161784
0.8177867348698098,-0.9128180232496491
0.8547227642861672,-0.807155888951703
0.8393864093834122,-0.8902599670423457
0.7917036074633644,-0.9134284699377376
0.8025527596603474,-0.9059894292114288
0.8433352083714456,-0.8422144631169275
0.8377916169600702,-0.8845434331409049
0.7141663422542726,-0.906411796449811
0.7863592445325966,-0.9138602594719604
-0.24184040457511663,-0.9495954612146189
-0.5372622599481266,-0.9648831192449093
0.257610002006262,-0.9386986646630768
0.6836681050057504,-0.23897209615580284
0.8309467402384481,-0.8406441040271031
0.8337033077934553,-0.8332940644158056
0.6984522290619392,-0.9017614983861966
0.3522775278469123,-0.668219799279134
0.8066291981135366,-0.7516639338545739
0.7400706332299506,-0.9209664645826611
0.8375000425324082,-0.8871848921491475
0.8148141083662249,-0.9067042774072961
0.766391096063227,-0.8970470839969656
0.7818859112026559,-0.8928865761206465
0.949624184874984,-0.6458457921201068
0.792420429797958,-0.9180514472455567
0.8618693598215218,-0.5582021782705734
0.6269407569200041,-0.9294243066800374
-0.5328278805579527,-0.6999445102067527
-0.8693927769563005,-0.9356329676859132
-0.9534716846474298,-0.9012040517234008
-0.8891329889673281,-0.9408319235845063
-0.9290117276014945,-0.8085774320259569
-0.9028457481919312,-0.8810947091752825
-0.8671559630918151,-0.9522145208496515
-0.7151750768259867,-0.9619165923324708
-0.325930322260319,-0.7401203798683912
-0.8194783060221305,0.9130333609048017
0.9801469007521078,-0.6393649429050903
-0.9391168394602627,0.6976842169828353
0.917197913564782,-0.6996742359746888
-0.9022122675749317,-0.82823596089197
-0.6639591745206731,-0.673376410394738
0.7959012030322599,-0.9036303757363647
0.7882673293646414,-0.9109910928654574
-0.8972418235900519,0.6669165763084982
-0.24384116733363775,-0.9971406854504649
0.8898793220782922,-0.719657345939478
-0.42212518346652855,0.9654062706159214
-0.7445229233943153,0.9109720322168713
0.9557063400737116,-0.6420893745258851
0.4739085047432432,-0.7739843170384085
-0.3890648619093074,-0.7121601482185778
-0.5187648910554462,-0.6826434722615475
-0.4987832045670048,-0.7151585265255258
-0.5085230050764435,-0.6957239550298777
-0.672717004512498,-0.6590087252786139
-0.3522593922573052,-0.6765698533161539
0.9217814382509559,-0.30878013259802967
0.6005461935117921,-0.4760714691582369
-0.8075383998486803,0.9153855186874323
0.9741697979759445,-0.6377848936752734
-0.7110740107347743,0.8898760863541992
0.8944820031111455,-0.653867826539923
0.9180086311032941,-0.6256704081000504
0.9519642278099579,-0.6319741312081624
-0.687512191644466,-0.6772944920213555
-0.3985266869102437,-0.7807233522256101
-0.04775441267023896,-0.7098899276097576
-0.34773289831958004,-0.8047703998166107
-0.030768704042325623,-0.6942880624819259
-0.3219822332238202,-0.7635947022528861
0.9797693242034905,-0.6346039473403041
0.807020225578095,-0.9039715406947431
0.6653777119846673,-0.6486535068126428
-0.7601614774778793,0.8830317388343916
0.8310867978084746,-0.6607636769872036
-0.7953154729601746,0.9170865999414114
-0.7614440895859831,-0.6457336913556808
-0.11326952186935652,-0.7157546834617305
0.9801294430941853,-0.6346679636726898
0.9760821839693857,-0.6249209190477011
0.7661885660863035,-0.695006449569477
0.8026339341129258,-0.9065402217909758
0.8002493065723855,-0.9047878103410201
0.8069492167913372,-0.896753551730982
0.8173606525091499,-0.8957782815649957
-0.964765956768009,0.6486545945165759
0.8124839305745842,-0.8837097399519406
0.7949051805384441,-0.9103289605470576
0.1345356392855356,-0.9504584968663083
-0.9406152768670502,0.6448166074432963
0.776654225956011,-0.894041452697056
0.20705156679523556,-0.939029189633079
-0.8677377332681554,-0.9195960224226959
-0.900699315347727,-0.27014138400694593
0.808341931052982,-0.9239879829809853
0.8329044650588282,-0.8966147212163441
0.8079851684792835,-0.9159274818675505
-0.9584245865173772,-0.870433386117497
-0.04121736784803926,-0.9640901464759122
-0.20839153228029608,-0.8981018198917518
0.8132187071441507,-0.878108368570614
0.8169212869296836,-0.9085527230632263
-0.7665422478623108,-0.9476543211553325
0.13325402714325088,-0.967962226764254
-0.8581610425794075,-0.90688133524884
-0.7034556394247322,-0.9675892089255539
-0.3677849026783006,-0.9647697539538812
-0.9296006164056719,0.6470344890460439
0.7857014663777941,-0.9086424776767262
0.8226762393891633,-0.9051586070551247
-0.9704626746351266,0.6318687711076776
0.8063854211056203,-0.921967300828753
0.9302533557462946,-0.6944198085097159
0.7832007538518426,-0.9172345042465487
-0.907125251005244,-0.8485507767410445
-0.587829510582985,-0.9559523529363754
0.24380485219091302,-0.6703025883376996
0.9642177868840066,-0.6302521518213762
0.9594633728505351,-0.6344312977729013
-0.4582005161205488,-0.9956834259980567
-0.9217250297389388,-0.9296356411028809
0.8121410245094074,-0.9058416497454935
0.8076001195461691,-0.9139997743636475
-0.9416130838584541,0.6061835413725105
0.7352905151317226,-0.8657702126739327
0.7495046155356339,-0.9300130111807994
0.8270490497702967,-0.8784243445464627
-0.43900928432877645,-0.664168377003361
0.7955486065363492,-0.8992994437056328
0.8523261705134124,-0.8380460273186532
0.5594262305050716,-0.9413078064878596
0.8101243121841532,-0.9115000289336301
0.8190377375655882,-0.8969522341859725
-0.5698611838233233,-0.974480388032673
-0.9701712181622275,0.637954754187749
0.7957085538230889,-0.9147736367856426
0.48510765798116595,-0.791197929757721
-0.9181085051023643,-0.9198053948889827
-0.3923229346630982,-0.9712166332939006
-0.9642409643084325,-0.8765848007161829
-0.790212653076202,-0.9551022268804191
-0.9187515567254216,-0.9089530146013088
-0.23085637986367177,-0.9787066460342648
-0.5926989412691633,-0.9774070777422824
-0.6841180817715343,-0.9613681232519484
-0.6090963711745319,-0.9692764524134452
-0.9599599863340341,-0.8795728912318015
-0.08026260359280153,-0.7187354155097209
-0.30340271057855794,-0.976357234569363
0.08698249846608166,-0.940900563063875
0.8271785400323096,-0.8853557325467654
0.835993025774193,-0.8747020946237164
0.8962953118688634,-0.6512181284449722
-0.7164482476837282,-0.8608539183747637
0.1297702834781196,-0.6791769205726348
0.959236895131986,-0.6263941955419352
-0.0680971153254343,-0.9382592977032275
-0.681510721856882,-0.9458226931293583
-0.44236317651229146,-0.9063313746096923
-0.9440592087413084,-0.8988838339289691
-0.9427083589614058,-0.8417098530906499
-0.826085401746685,-0.8404388684566174
0.4047248366758609,-0.9045037412546691
-0.7879396908227274,-0.917995156427658
0.04764678471327852,-0.691772280661496
0.7849606758406992,-0.8933552951636925
0.2828753093223431,-0.6292870181490218
0.9441487853365844,-0.6448063271396213
0.596317972177335,-0.683988834492605
-0.1370976229221332,-0.7870019873681688
-0.7171169141357806,-0.6543118259754651
-0.6806604556557527,-0.6417540439035875
-0.2890588794454634,-0.6666627515703606
-0.6359913436526515,-0.9267477168024001
-0.7935983016991673,-0.8729322529245656
-0.8497961596735372,-0.8626977482996216
-0.7369977594015455,-0.8974155742576884
0.8279402860144455,-0.8265218490866327
0.8096112054967206,-0.8823132669474478
