,3.131302719754906e-17,-3.386214605115697e-17
,-1.5471506312641128e-16,-5.6205372246103545e-16
,1.1105980484267334e-16,-3.010178394338304e-16
,1.5020148028807318e-16,9.287496644457243e-18
,1.0647495080547886e-16,4.5197259841400316e-17
,-1.9123985881238884e-17,2.679000083606511e-17
,6.182517772513492e-17,1.8190871668971613e-17
,-1.7515574146603961e-16,-1.933496387287041e-16
,5.306268958379266e-17,-2.258503840265897e-17
,2.3208707793806735e-16,-4.7839466258590025e-17
,9.917490474818735e-18,-5.9519112340855935e-18
,-6.294554877508598e-17,6.800993294102233e-17
,4.316180886831474e-17,-1.7936680379085222e-18
,-3.275352316949825e-17,3.352320992708914e-17
,-6.085873087136096e-17,2.6529898220752583e-17
,3.411344930885876e-17,-1.0639670820712403e-17
,-3.230832137485664e-17,-1.5086861193820224e-18
,2.859301502260406e-18,1.261171431857547e-18
,-5.2725596109057673e-17,-9.63122575297618e-18
,3.068159029149914e-17,-2.1172025422276832e-17
,-3.14690929905182e-17,-3.0707519447751984e-19
,-5.676824093340608e-17,6.58425775093415e-18
,-2.7497500508514432e-17,5.738158809570137e-18
,5.933773137406181e-18,1.6789094715121404e-17
,-3.6258417618114853e-17,2.7021081412289743e-17
,-4.3658184678149455e-18,-9.985464667344118e-18
,6.152149523664568e-17,1.2668010240731997e-17
,5.839492329558562e-18,-9.633153579241324e-18
,-4.748451412289209e-17,-3.941067264240851e-17
,3.4991617225200323e-17,-6.039144555532746e-17
,1.8921684037039902e-17,-3.816062356882522e-18
,6.305363194390835e-17,-7.36313413224172e-19
,-1.2223869264769799e-18,4.845839799816105e-18
,4.716557496416193e-19,-5.4380365341606175e-18
,4.2141618341027446e-18,-1.0317373923003193e-18
,-1.2637288871529539e-18,6.3191412772065485e-18
,9.713035507541655e-18,1.1257849175834003e-17
,-3.065458340725167e-19,-6.844327575177193e-18
,2.5535738363396838e-18,-5.288463061818623e-18
,7.935770893297059e-19,1.045459231828896e-18
,4.18235437694351e-18,3.632731414910079e-18
,-3.651200102170934e-18,-6.412794144622016e-18
,1.029705798482727e-18,-2.3219956668395974e-18
,-2.492081971902666e-18,-1.2537411739335065e-17
,-7.27513896485262e-18,-4.102172242306757e-18
,6.675717358030549e-19,1.0083690439666692e-17
,-6.800160520687851e-18,3.1675165318185967e-18
,2.7646341244205574e-18,-3.6599799470613646e-18
,-2.3956971590279685e-18,-8.91981177791967e-18
,-1.2441053735262152e-17,-6.0613441388177775e-18
,8.269751934538419e-18,-5.523975437822513e-18
,7.19707663899956e-18,3.52988483233856e-18
,-9.835793545358529e-18,-3.7897793011349216e-18
,-1.8270189873695557e-18,-4.0756181191474424e-18
,2.9416022853149622e-18,-2.976606072988675e-18
,-5.899149262182685e-18,-5.669916117996723e-18
,5.250757346834403e-18,-1.7905044179802797e-18
,-4.144523325984335e-18,-8.365352807481901e-18
,3.4313303699353524e-18,-6.595282900189056e-19
,-5.2534958614999615e-18,-4.739209289087423e-18
,-1.0824412955707861e-17,1.032018378277134e-17
,2.3158102563579516e-18,1.2577912843201017e-17
,2.386473559740158e-18,4.144036223774091e-18
,-8.35474584948056e-18,1.1390115941628447e-17
,-4.220239118766122e-18,-7.053913984311023e-18
,-4.915438605728805e-18,3.4650586804715554e-18
,2.6903738566168367e-18,-6.564403763968209e-19
,-2.8845287757333428e-18,7.717954486097855e-18
,-3.115255307775054e-18,6.58182954282455e-18
,1.59621072534328e-17,2.9166604358125836e-17
,1.7337164856820649e-18,-1.1797551144068784e-18
,4.0556268767654884e-18,7.521310735099102e-18
,-1.8872145963559835e-18,-7.195262248350081e-18
,-3.744712909107579e-18,-3.359170029595204e-18
,-1.2776736603519896e-18,2.5461190422763045e-19
,9.697263544516752e-19,5.359363777091096e-19
,2.484932079654715e-18,1.861990973170351e-19
,-2.559609459171641e-18,1.5505594010960925e-18
,2.5220124529132502e-18,1.0843932543911325e-17
,5.879918872466365e-18,-3.1537821987931743e-18
,-1.8375312769008535e-18,7.112769746646819e-18
,5.476026586423337e-18,1.882047621277436e-18
,3.1393171500123482e-18,1.5290317721995464e-17
,-5.031675761933398e-18,-4.97637132910669e-18
,-3.7055308480479326e-18,1.073978432943667e-17
,-4.313777282778186e-18,6.106675582269132e-18
,3.8700458463547395e-18,2.926435130603163e-18
,-4.0330914866902865e-18,-4.369543938662994e-18
,2.6918400957794e-18,3.224593984616551e-18
,-3.276954977480572e-18,1.870103093536162e-18
,7.373207694788268e-19,6.973291482810593e-18
,5.586897542277554e-18,3.403505065688032e-19
,1.1315449978768274e-18,9.67565933413191e-18
,1.5730391319576026e-18,-5.232202907249001e-18
,-3.897939097552143e-18,-5.6135284862038914e-18
,3.863791864890834e-18,5.3388428063292585e-18
,1.345145634609193e-18,3.4516502912793863e-18
,-9.95453632948953e-19,-1.2260548065970143e-18
,-8.858161913603128e-19,2.8758435788143016e-18
,4.904798696637855e-19,-1.3920735806308986e-18
,-8.939703864713734e-19,-4.687885316442041e-18
,8.893959398868801e-19,3.2016235299427476e-18
,-5.296947366346596e-19,-4.927829249310449e-18
,-1.9270950159911335e-18,-2.0201639722456767e-18
,1.0869258018047873e-18,7.225947851819425e-18
,1.8137889488097804e-18,5.968308964494904e-18
,9.467464235739454e-19,2.866714583237641e-19
,-1.4714197510991033e-18,1.6055991311826983e-18
,-2.4900166434884587e-18,1.5475716111657518e-18
,-4.0777786208361254e-18,-1.703530309300199e-18
,-1.7167569128474412e-18,-1.1302961407749338e-18
,1.0392073168423686e-18,5.1625161652416014e-18
,3.1130237146810713e-18,-1.837719122948519e-18
,-4.642716936207929e-19,-3.462190644715945e-19
,-2.8672858991933008e-18,-2.818191604279968e-18
,2.3977841584238986e-18,7.971304042862897e-18
,4.041927976878276e-18,3.877227250804851e-18
,3.7969156243785475e-18,3.2259421828062984e-18
,2.1425968320475824e-18,1.3514111847677e-18
,2.3301215521107292e-18,2.8181862611315827e-18
,3.2087075851304638e-18,1.6200907281975931e-18
,-3.894517304403589e-19,1.7913364800155553e-18
,1.9222381500704373e-19,-4.7554034115154074e-18
,-1.1311097951087972e-18,4.386260327133112e-19
,5.505987308142367e-18,7.085627814972614e-20
,-2.058609908152375e-18,-2.1117172242281463e-18
,2.063382303471908e-18,4.859168491646833e-18
,-1.1411870195529663e-18,-2.0237429193082692e-19
,2.1457783986359646e-18,-1.9180290855654646e-18
,2.573134246013276e-18,6.1552449592351495e-18
,2.2408486029199666e-20,1.0631001256042248e-18
,-1.3384597791809893e-18,5.142194365774951e-19
,-2.705880398594653e-18,-3.3037332434202883e-18
,3.069809249994622e-19,6.040927531130447e-18
,-3.248160129945081e-18,-6.7630354180438914e-18
,1.3948568238621084e-18,2.951973994463648e-19
,-3.6375555908675364e-18,-3.930500839783754e-18
,-4.493493486630129e-19,-2.7821872040729686e-18
,-1.1055620908380972e-18,1.1709725890147785e-18
,-1.2469797275103296e-21,-2.6244132789419293e-18
,5.089104722766938e-19,4.383316711540205e-18
,-3.697420384872009e-18,1.220986940049541e-18
,-5.858160997473495e-18,3.7120686922297487e-19
,2.161666077240053e-18,-4.520615405498047e-19
,1.0458518750649297e-19,-3.2960371022814644e-18
,3.529520682702367e-19,-3.604695861867828e-18
,2.549793172466948e-18,1.0871599258139855e-18
,-6.734463949942693e-19,-1.143213390585703e-18
,1.828429667392828e-18,2.461760716521945e-18
,-8.471796303086474e-19,2.8162473356317735e-18
,1.146639326421946e-18,-2.6680506332002562e-18
,2.5919364170422416e-18,3.3698448698730156e-18
,1.6674130686184991e-18,-9.753394109583843e-19
,-6.809037704508258e-19,2.5565660578726737e-18
,-1.196520496061901e-18,9.332356991342565e-20
,-2.5296982982302202e-18,1.202397048476391e-18
,-2.67624426203525e-19,-2.553912708507856e-18
,-9.231726559721437e-19,-8.012579776848478e-19
,1.5163540697619716e-18,-3.340669858404775e-19
,1.2581476558791922e-18,-3.535235100507397e-18
,7.566363107816668e-19,-4.26174610812773e-19
,9.30679345834828e-19,-1.142357110305748e-18
,-2.948424941694396e-18,-3.5281604509331185e-18
,2.0311438731113887e-18,-1.4574974697482977e-18
,-1.1514632644415624e-18,-2.703192790851747e-18
,-5.015355402345775e-19,8.298146260301587e-18
,-1.9542962805142206e-18,-1.7405647804984123e-18
,2.286409246669581e-18,-1.7226819032957986e-18
,-3.2761179315350585e-18,-1.6712017856006568e-18
,-6.391092051988165e-19,-3.1914352354466437e-18
,2.7667155061443184e-18,1.2152466787411373e-18
,-1.2186615778324545e-18,1.8572593294439473e-18
,-2.7038116010488507e-19,3.4110846631987188e-18
,-1.5833582429483465e-18,1.4746089370387047e-18
,-4.984674302006755e-19,-1.2368497294775315e-18
,-1.6812928287109568e-18,-6.048723207781595e-18
,-3.7833003079889075e-19,3.611226449894653e-18
,6.975538538230947e-19,-3.414991469549538e-19
,1.1564727578809244e-18,-3.2691096894052166e-18
,-7.673390194687458e-19,2.82725079535438e-18
,3.315086292994958e-18,-1.3055186834557366e-18
,1.0280233445275206e-18,9.07635129497258e-19
,-3.878901020215505e-19,-3.206007006543959e-19
,-5.519283356543154e-20,2.7427095396499884e-18
,-1.4280526068711259e-18,-8.566013794287764e-19
,3.3070337786840205e-19,4.018451286269738e-18
,-2.2804292245357073e-18,-8.326455578661905e-21
,-7.213487955330143e-19,-1.378401501957415e-18
,6.659182677324751e-19,1.0879827736689676e-18
,1.9209667187011995e-18,3.497831861532013e-18
,-1.6965766186333927e-19,5.796899872633298e-19
,-9.669949691745376e-19,-1.1470974393577596e-18
,1.8319321439672624e-18,-6.894420107643652e-19
,1.9877071517772317e-18,-1.8334451415167027e-18
,-1.5263356548316682e-18,-1.6580785664412943e-18
,-6.141091709713829e-19,2.275627928138697e-18
,-2.4648313364872493e-19,-3.978063815183399e-18
,9.356366265404742e-19,1.8434454501957843e-18
,-2.5166926599369626e-19,9.245767783967366e-19
,6.025865044098372e-19,-1.1339374771940478e-18
,-8.9703011991408e-19,7.328572479600159e-19
,1.3620253455192831e-18,2.5140010457830044e-19
,1.23655297270927e-18,1.9402356908816103e-18
,-3.6681278642633136e-19,-2.037864324547742e-18
,-9.738093551692113e-19,-3.6780024309360886e-18
,-1.0773283406580718e-19,1.8200677642189474e-18
,3.2809561212902865e-19,1.856432299935438e-19
,1.426259655808974e-18,-3.51454660879194e-18
,-5.133684601651756e-19,-2.274882294578468e-18
,-6.221142798546915e-20,-9.736300567487185e-19
,6.426479457391142e-19,1.019419302347214e-18
,1.1399308743759153e-18,-1.576166626941351e-18
,3.246120361655517e-19,2.7416007237504305e-19
,-1.7876034852067178e-20,8.45364224128294e-19
,-4.54820224249854e-19,-6.064428914189709e-21
,-4.322863124001807e-19,-1.1373523537577336e-18
,7.233920164485503e-19,-1.8031336230394596e-18
,2.5420664279424666e-19,-1.4250004038187811e-18
,-1.1915122852953113e-18,-1.006921458459225e-18
,2.779432091044993e-18,-8.319791554975421e-19
,-3.8310380481182573e-19,-2.77143993668662e-18
,-1.595148470610356e-18,1.1470925830334879e-18
,6.23494294926114e-19,2.5140719726314826e-18
,3.4378247246611774e-19,-3.2677554575171844e-19
,1.633320209611697e-18,-3.400877415505209e-19
,-2.7061574768609126e-18,-1.835822150751741e-19
,-1.74333514363863e-18,-8.918811551945007e-19
,-1.3806218114686176e-18,6.537245998807524e-19
,-4.5851360199743355e-20,-7.223920871492725e-19
,1.8175002215294762e-19,8.459915401264225e-19
,-4.3287304740285437e-19,4.292737866572057e-19
,1.751826204219177e-18,3.2321924255646637e-18
,5.186139439472827e-19,-1.5270076493373367e-18
,-2.562376646877556e-19,-1.2207018804556619e-18
,-4.0317844379949963e-19,-1.1116510719649823e-18
,-4.231300951714064e-19,-1.0706446979700804e-18
,-4.4769702821143557e-20,6.046792952272565e-20
,1.5348005355288903e-18,-2.567742939990754e-18
,-2.8992065712118265e-18,-1.999470783346166e-18
,-5.017980731593632e-19,-7.170102252956959e-19
,-2.487116462070387e-19,1.4132253929089485e-18
,1.3951297464695976e-18,1.2717430866541868e-18
,-4.8783657105193224e-20,-3.570119338635906e-19
,1.149828722115079e-19,-6.570119003899052e-19
,-1.4789252420210863e-18,-2.8499447930726496e-18
,6.582778357820954e-19,1.2052950067967997e-18
,2.5279700057450513e-20,2.1240815566924414e-19
,8.026889918249447e-19,2.0025950093467888e-19
,-3.210338287613242e-19,-8.2824376219138015e-19
,1.876428282772745e-19,1.2716365757909283e-18
,1.2934217904175444e-18,2.8208686847923666e-18
,-1.1109658336126512e-18,1.391442558804257e-18
,-3.553694318812768e-20,1.7175733146799802e-18
,1.5312664202714075e-18,2.6796324816420322e-18
,3.3501013030881936e-19,1.2082301219854878e-18
,-9.837254537609865e-19,1.839541349364106e-18
,-9.556483628147951e-19,-4.086829782869549e-19
,-5.322856322426836e-19,-1.1252118916541111e-18
,1.8542146213550026e-19,1.0421555407729743e-18
,-9.208883651323819e-20,6.375077438261584e-19
,-9.035546870891383e-19,-8.271104508947112e-19
,5.953791886200421e-19,-2.393156615248845e-19
,-8.533452682413787e-19,3.7335224866410073e-19
,-7.202810854506763e-19,-2.947158621905208e-18
,-5.255858810662407e-19,-7.178136097679923e-19
,-3.908147574825616e-19,1.6562864321059265e-18
,2.2033175768010518e-18,-4.0802955854890096e-19
,8.519681580852951e-19,1.396327128359733e-18
,8.854484351204314e-19,1.110290295733909e-18
,-1.3531483551099172e-19,5.935754134213519e-19
,-8.101165633391736e-20,1.6358418877791134e-19
,-4.2541971980666187e-19,-7.736805920965229e-19
,-2.6840959079384934e-19,-1.7633506679699833e-18
,-1.1319089370076785e-18,-4.105740350349505e-19
,1.0957125268871223e-18,1.1670163508953387e-18
,-8.266976907683531e-19,-2.75735276036139e-18
,-1.4202647138220542e-18,-2.595397281508732e-19
,-5.131572276083611e-19,8.276237546818298e-19
,-3.0238990814626445e-19,-9.7227504644717e-19
,-7.299390364512476e-19,-1.0880064757865842e-19
,-6.367108568321634e-19,-1.2907739784283554e-18
,2.771612188345533e-20,-2.864094074211103e-19
,-1.3200360031297464e-18,1.0360755897151222e-18
,-6.604119130629893e-19,-1.014594099584434e-18
,-1.1255115617447463e-18,-1.198774979711162e-18
,2.1197121662558908e-18,1.1176678865475739e-18
,-4.670959255293474e-19,-2.2478337052966775e-19
,2.2820998547823226e-19,2.033551946905284e-18
,8.08057744120034e-19,-5.686377221104544e-19
,-2.8591784536352914e-19,1.2544369625751553e-19
,-6.134237386157564e-19,-5.41215004912435e-19
,0.0,0.0
,3.3819492240844693e-19,-4.366406075092948e-20
,-2.4469304512386368e-18,-1.523035982638927e-18
,-9.202208806670804e-19,-1.3388743422184784e-18
,-4.87250238203354e-19,-2.2713222727869744e-18
,-8.68265052367524e-19,-2.6902443908807598e-18
,-8.5561149333060645e-19,-1.6107439555107476e-18
,-3.147368085774968e-19,1.9010526904330269e-19
,4.084344109195475e-19,2.016443981178049e-18
,5.929718013401102e-19,-1.8955373543945353e-18
,6.024971225722001e-20,1.1964794060305031e-18
,5.484323887193415e-19,-2.350376158650571e-19
,-2.1633386795475635e-18,1.3741202464404797e-18
,7.358509283829594e-19,-1.4622894877022375e-18
,-2.9600056310497005e-19,2.353899935989368e-19
,1.397938949687557e-18,1.0941963035173014e-18
,-5.2159092940141285e-19,-8.461892860802146e-19
,7.680541376858548e-19,2.9580208466599582e-18
,1.5164631959949667e-18,9.089235674852781e-19
,-2.6314689819612882e-20,-4.41164549766429e-19
,-2.7868907037608074e-19,-2.8915988598219422e-18
,-1.405174928607534e-19,-2.3505281104078367e-19
,-1.8547911698352947e-19,-1.9315301359413774e-19
,5.463833166454204e-19,2.1731198498253347e-18
,4.933716040106566e-19,8.895438184057564e-19
,4.6789933411768105e-19,8.77260302611616e-19
,3.3215735981400874e-22,-4.1972922544952956e-19
,3.5292511407950597e-19,9.22214093088562e-19
,9.150254542171248e-19,-1.9249042197929707e-19
,-6.018771696684228e-19,-1.0471440289905008e-18
,-3.1413330582934475e-19,-1.3086246145569754e-18
,-8.656684257561824e-19,1.1303346638508371e-18
,-5.9716690061032815e-19,5.517673472380868e-19
,1.4181266165827132e-18,1.7849201008339137e-18
,-7.28976348342838e-19,-1.9856569010349176e-18
,1.241004501799072e-20,6.446073675076064e-20
,-1.3482136175622623e-18,-5.587386691165626e-19
,-7.719023936329416e-19,-3.166046037162216e-19
,4.762027971394583e-19,9.706843943747296e-19
,1.6971038551200299e-19,1.034386336146137e-18
,1.4650927488624336e-18,-5.12340844682372e-19
,-2.5039331036264197e-19,6.9237371709313185e-19
,-9.512025887855445e-19,6.556254059563775e-19
,-4.9792756612331e-19,2.360852948884981e-19
,7.043512957612965e-19,1.1424348620774287e-18
,-1.6550746600589184e-18,-1.0723586070862465e-18
,4.743804453687596e-19,1.2826049939567366e-19
,4.2045469927934766e-19,2.2445311252251075e-19
,-1.1870385492769725e-19,1.0807586268014151e-18
,-2.1147843397188395e-19,-1.2497356757853772e-18
,-8.423219031261758e-19,-1.5934923563697652e-18
,-3.025268445210611e-19,4.998894263511944e-19
,1.996788950805967e-19,1.0649073749382482e-18
,1.1460048385328441e-18,3.1168969554694377e-19
,3.211883088610379e-19,8.623145399615796e-19
,1.7862745913546597e-19,-6.014083326197716e-19
,4.3686149734638004e-20,-1.33536982288742e-18
,-3.256152781817488e-19,-7.72360665137514e-19
,7.176098359921622e-19,-3.8213767817663397e-19
,-7.687622557294363e-19,-1.0609622405134543e-18
,-4.843481697906186e-19,3.6324511451735455e-19
,-2.0502521432242136e-18,-3.2485581687635456e-19
,1.0879827374726504e-18,5.332589107057733e-19
,7.208851068654924e-19,-4.517175364669469e-19
,-2.6670377497652287e-19,5.160662589150398e-19
,-1.3929662961923458e-19,6.892519918480726e-20
,2.843470489725233e-19,1.1095948721852122e-18
,-1.4639569530466521e-19,-8.65173508652425e-19
,3.571627458342529e-19,6.952166595047661e-19
,-3.628264041796268e-19,2.7196892720128417e-19
,1.2229517638037139e-19,-1.6332089347011638e-19
,5.415151560143721e-19,-2.243285094872033e-19
,-1.6883823971492527e-19,3.7029151172525667e-19
,3.5737686293782203e-19,1.520580689714702e-18
,-1.0877228130111516e-18,6.730910254928212e-19
,9.534090333731284e-19,8.860434975718978e-19
,-3.6905296586278287e-19,5.7750702991864805e-21
,2.8340190920548327e-19,5.4274235570315814e-21
,5.555331313529204e-19,3.9468430454516107e-19
,1.6128795411092398e-19,2.277280945457768e-19
,-1.923631147840842e-19,9.785289663731094e-19
,6.981427832254334e-20,-8.041652648354177e-19
,3.8971210969999766e-19,5.544943796937626e-19
,1.3124711709793836e-19,9.2015431236476e-19
,4.342555475309811e-19,3.9117857516726423e-19
,-3.872877500093867e-19,-9.20756834324473e-19
,4.3503369755735015e-19,-2.511760764141149e-19
,-4.915840569822906e-19,-3.4918811501187237e-19
,-8.458518146091545e-19,-1.957712943632057e-19
,-3.665014519387359e-19,-7.339342839143819e-19
,-4.3035854799802904e-19,2.640129038727431e-19
,-4.0735341510444714e-19,-7.932493601393846e-19
,-3.515920590870024e-19,-6.121745193336577e-20
,3.624658360776908e-19,7.01191024007608e-19
,-2.677098548404226e-19,1.0844823865449836e-18
,-5.278379996684203e-19,-7.289286669853617e-19
,-3.652370766415128e-19,-1.2050940932141872e-18
,-7.568450268238416e-20,-6.053324549988069e-19
,6.271204976825568e-20,1.3940049748704398e-18
,-2.9774510672043516e-19,-6.321121986421465e-19
,8.210171645091511e-19,2.947118368075099e-19
,4.719031821210276e-19,-1.485833277027777e-18
,6.710155696708101e-19,9.54478481989312e-19
,3.627875090233152e-19,-4.1918619289791715e-19
,-1.1086430004232564e-18,-7.707334734851955e-19
,2.3927862835598925e-19,-3.514423764501446e-19
,1.3433037296666403e-18,2.547056426506323e-18
,-2.4334341979952843e-19,-4.320830293673632e-19
,-9.680150789052052e-19,-1.619661898305206e-18
,-3.3618476645577934e-19,6.218888577212065e-19
,1.6331719194002495e-19,1.371252669236116e-18
,1.0856640625213447e-18,1.9593753842492148e-19
,3.0425207386640933e-19,-4.73829233263541e-19
,-4.517297795120722e-19,2.171129411350033e-19
,2.6381503400333937e-19,4.2431220522274256e-20
,7.861905728627735e-19,9.76051341590824e-19
,4.830832333868219e-19,9.588014365384344e-19
,-9.971438540892617e-19,-1.5740081449902052e-18
,-9.736939373701968e-19,-1.7107471080825923e-19
,3.69579462092646e-19,7.679584008622626e-19
,4.7589394916267385e-20,-1.0142874067902075e-19
,-4.043615206379163e-19,-4.181265528420666e-19
,-4.925050700678445e-19,-4.543507996294308e-19
,8.545556189878737e-19,3.956233407400618e-19
,-7.166770921343436e-20,3.5732823335198557e-19
,4.053318777986138e-20,9.550334501831364e-19
,-1.400181458509344e-19,1.4657551212718419e-18
,-8.72497932555127e-19,-1.4015262799911366e-18
,-1.2977165674138e-18,-8.269948536098005e-19
,-3.2832991982626287e-19,-9.51419374638606e-19
,4.37793616885267e-19,-3.582138227191553e-19
,4.337987623691903e-19,1.0440505039286729e-19
,3.4469272530441494e-19,-5.788646243892712e-19
,4.92513012523953e-19,4.123272631440129e-19
,5.371681973885467e-19,6.659806908414772e-19
,4.440843991875064e-19,1.922864892275945e-18
,3.898458202451535e-19,8.725665970739684e-19
,-7.657719131172704e-19,-4.350868618921005e-19
,1.5559387286325005e-18,2.021713964383743e-18
,4.465034973607738e-19,-1.3257740756914788e-18
,5.819751820889237e-19,4.371927275903562e-19
,-1.4016702223634968e-19,1.5827531446657465e-19
,-4.731277908727433e-19,1.2908214884246992e-18
,-2.4051752666699803e-19,-2.382632771041749e-19
,-6.8930739681373845e-19,-4.430729193984748e-19
,-2.624053442941353e-19,-4.874714538212845e-19
,-6.871296558807012e-20,-3.165526427335279e-19
,6.442839603588275e-19,4.0553337042900505e-19
,1.415589720970726e-19,-1.0173567950224863e-19
,-1.5056313293496563e-18,-1.1787107653022224e-18
,-4.166248887031247e-19,7.401343204265086e-19
,1.423930070218075e-18,8.056966658419231e-19
,4.3140281185910786e-19,3.5373564809056015e-19
,3.5326383394379456e-19,2.77110197118106e-20
,-7.36879100664094e-19,-3.527022536286416e-19
,1.1850149627447293e-19,6.89464277105656e-20
,-2.0827027988861693e-19,-9.830433700301002e-20
,4.829723565586515e-19,4.5385620996415295e-19
,-8.96553729051464e-19,-9.217910503006808e-19
,1.8959765576486254e-18,1.2756462220496903e-18
,-3.4668378058231324e-20,-2.645414343055901e-19
,-2.9936202244103936e-19,-3.596189133964406e-19
,5.816694144021216e-19,5.446109330873407e-19
,-1.0780671453081283e-18,-4.000491794901613e-19
,3.624242738351524e-19,3.910944211662976e-19
,-9.161953520997357e-20,-2.4424632456175656e-19
,-3.051356582268476e-19,-4.309464579377426e-19
,1.471520123103339e-19,1.3266467532306764e-19
,3.8282533137555445e-19,4.781660627841364e-20
,-1.2920356380355189e-19,-2.646314349389159e-19
,1.3376413795177728e-19,3.784711039806058e-20
,2.1204803671973922e-19,-1.2997485165336178e-19
,-8.281849239216949e-19,-5.348340944219633e-19
,-9.170985612583871e-20,-1.4315171943026613e-19
,4.477933492152456e-19,2.9500406722761067e-19
,-6.205673439546239e-19,-6.740269224535802e-19
,-5.829680443939682e-19,-5.014333115555158e-19
,1.3248172927274543e-19,2.462349330967478e-19
,-2.165875570568541e-19,-1.748694875353512e-19
,-1.8404623837715942e-20,-7.634955493570531e-20
,-1.5112492696286484e-19,-3.028699225587711e-19
,3.819311131352265e-19,3.2720668585084544e-19
,5.670949032675104e-19,6.130340374275922e-19
,6.23608940243288e-20,6.043244410095886e-20
,1.3382933042166844e-19,1.6313597953872368e-20
,-1.8575500334689947e-19,-1.7700322667820336e-20
,1.5639019577003193e-19,2.1405174074765771e-19
,8.31906620945742e-20,9.661093355880578e-21
,1.9440669867658103e-19,9.915318473409756e-20
,1.543895815225079e-19,-4.342866019125447e-20
,5.1564561771215405e-20,1.1723124213878836e-19
,7.668935578734768e-20,-7.95504309552484e-20
,-2.0047538789881842e-19,5.538108783014252e-20
,1.4194396722007655e-19,4.354397696952073e-20
,-2.8913574060248814e-19,-2.6916102195946892e-19
,1.7668666015743097e-19,7.523733259224835e-20
,-2.7638080376065086e-20,2.3030432124927835e-19
,1.9060308645956375e-19,2.3059854951109813e-19
,2.272458686947062e-20,2.0576732908519465e-19
,5.054310128033308e-20,-8.288910538225924e-20
,-1.0538676823142564e-19,1.2843883629741396e-19
,2.0557282085523636e-19,1.1249725476618665e-19
,4.164820613293097e-20,3.838204345657712e-20
,1.8252739948444415e-19,8.10406548285495e-20
,-7.457631257367057e-20,-2.5424597287062915e-20
,2.090881429690488e-19,-9.984979672384447e-20
,9.868984456866397e-20,1.3372348397493479e-19
,7.584582447331355e-20,1.1403195214704456e-19
,-4.8411201730983326e-20,-3.9370975605801026e-20
,-1.0626914785672468e-19,-1.0553965861930087e-19
,4.070251988216619e-20,-6.295520282955115e-20
,-7.548046844871017e-20,6.187845681620793e-20
,-7.706119473931922e-20,-1.2637762246557329e-19
,-9.577360224154777e-20,-6.022024804505648e-20
,7.42061192222261e-20,1.282717344402448e-19
,-3.6120941616439605e-20,-3.3092509615163924e-22
,6.832876523643458e-20,6.589250689911893e-20
,4.113761353138595e-20,2.5793340966823725e-20
,1.2723693067713005e-19,1.2506997972001127e-19
,9.627758892723756e-20,3.4753244865626203e-20
,2.808725083076159e-20,-1.1173123242208876e-19
,-3.649711824806777e-20,-9.220182165447887e-21
,6.242768947869046e-20,1.1807834795778551e-19
,-1.8269505284002967e-19,-1.633661142905721e-19
,3.0239114090165126e-22,2.3296879811183192e-20
,-1.379706792048149e-20,-3.023159039590827e-20
,4.8546203136021686e-20,-1.7786401157999288e-21
,2.1102262856672153e-20,2.3900397444653313e-20
,9.084181814306496e-20,5.3192291468689073e-20
,-8.853366362223931e-20,-1.0240612809853752e-19
,-6.625653815866091e-20,-7.080587653317149e-20
,-7.530442079074114e-20,-9.983374730704507e-20
,1.2196737341093826e-19,1.3591209764044807e-19
,3.3166163823922586e-21,-1.1091292024111223e-20
,-6.266623081365088e-20,-4.813197080820278e-20
,1.16834122859309e-19,9.159270742936792e-20
,-2.3544023958595793e-19,-1.1106276416764328e-19
,-2.6968188564878943e-20,-4.0649192498021274e-20
,-3.926416967544555e-20,-1.9552624518824477e-20
,-7.277299520491724e-21,-1.4089293846165957e-20
,8.702816136063565e-20,7.502716788543126e-20
,6.561082062274476e-20,5.993994167022551e-20
,6.64303622497555e-20,3.53040051121575e-20
,-4.606807922379237e-20,-2.8613644356445394e-21
,1.6399609992660964e-20,9.377510508218611e-21
,-8.033182797671632e-20,-5.1237002914188234e-20
,-5.387344968003638e-20,-3.984275045769537e-20
,8.722451859532332e-20,4.403079932882895e-20
,-7.674748487459773e-20,-6.781821508355326e-20
,0.0,0.0
,0.0,0.0
,0.0,0.0
,0.0,0.0
,0.0,0.0
,0.0,0.0
,0.0,0.0
,0.0,0.0
,0.0,0.0
,0.0,0.0
,0.0,0.0
,0.0,0.0
,0.0,0.0
,0.0,0.0
,0.0,0.0
,0.0,0.0
,0.0,0.0
,0.0,0.0
,0.0,0.0
,0.0,0.0
,0.0,0.0
,0.0,0.0
,0.0,0.0
,0.0,0.0
,0.0,0.0
,0.0,0.0
,0.0,0.0
,0.0,0.0
,0.0,0.0
,0.0,0.0
,0.0,0.0
,0.0,0.0
,0.0,0.0
,0.0,0.0
,0.0,0.0
,0.0,0.0
,0.0,0.0
,0.0,0.0
,0.0,0.0
,0.0,0.0
,0.0,0.0
,0.0,0.0
,0.0,0.0
,0.0,0.0
,0.0,0.0
,0.0,0.0
,0.0,0.0
,0.0,0.0
,0.0,0.0
,0.0,0.0
,0.0,0.0
,0.0,0.0
,0.0,0.0
,0.0,0.0
,0.0,0.0
,0.0,0.0
,0.0,0.0
,0.0,0.0
,0.0,0.0
,0.0,0.0
,0.0,0.0
,0.0,0.0
,0.0,0.0
,0.0,0.0
,0.0,0.0
,0.0,0.0
,0.0,0.0
,0.0,0.0
,0.0,0.0
,0.0,0.0
,0.0,0.0
,0.0,0.0
,0.0,0.0
,0.0,0.0
,0.0,0.0
,0.0,0.0
,0.0,0.0
,0.0,0.0
,0.0,0.0
,0.0,0.0
,0.0,0.0
,0.0,0.0
,0.0,0.0
,0.0,0.0
,0.0,0.0
,0.0,0.0
,0.0,0.0
,0.0,0.0
,0.0,0.0
,0.0,0.0
,0.0,0.0
,0.0,0.0
,0.0,0.0
,0.0,0.0
,0.0,0.0
,0.0,0.0
,0.0,0.0
,0.0,0.0
,0.0,0.0
,0.0,0.0
,0.0,0.0
,0.0,0.0
,0.0,0.0
,0.0,0.0
,0.0,0.0
,0.0,0.0
,0.0,0.0
,0.0,0.0
,0.0,0.0
,0.0,0.0
,0.0,0.0
,0.0,0.0
,0.0,0.0
,0.0,0.0
,0.0,0.0
,0.0,0.0
,0.0,0.0
,0.0,0.0
,0.0,0.0
,0.0,0.0
,0.0,0.0
,0.0,0.0
,0.0,0.0
,0.0,0.0
,0.0,0.0
,0.0,0.0
,0.0,0.0
,0.0,0.0
,0.0,0.0
,0.0,0.0
,0.0,0.0
,0.0,0.0
,0.0,0.0
,0.0,0.0
,0.0,0.0
,0.0,0.0
,0.0,0.0
,0.0,0.0
,0.0,0.0
,0.0,0.0
,0.0,0.0
,0.0,0.0
,0.0,0.0
,0.0,0.0
,0.0,0.0
,0.0,0.0
,0.0,0.0
,0.0,0.0
,0.0,0.0
,0.0,0.0
,0.0,0.0
,0.0,0.0
,0.0,0.0
,0.0,0.0
,0.0,0.0
,0.0,0.0
,0.0,0.0
,0.0,0.0
,0.0,0.0
,0.0,0.0
,0.0,0.0
,0.0,0.0
,0.0,0.0
,0.0,0.0
,0.0,0.0
,0.0,0.0
,0.0,0.0
,0.0,0.0
,0.0,0.0
,0.0,0.0
,0.0,0.0
,0.0,0.0
,0.0,0.0
,0.0,0.0
,0.0,0.0
,0.0,0.0
,0.0,0.0
,0.0,0.0
,0.0,0.0
,0.0,0.0
,0.0,0.0
,0.0,0.0
,0.0,0.0
,0.0,0.0
,0.0,0.0
,0.0,0.0
,0.0,0.0
,0.0,0.0
,0.0,0.0
,0.0,0.0
,0.0,0.0
,0.0,0.0
,0.0,0.0
,0.0,0.0
,0.0,0.0
,0.0,0.0
,0.0,0.0
,0.0,0.0
,0.0,0.0
,0.0,0.0
,-0.036949943052946375,0.039030737205453844
,-0.03863918103594406,0.018077838376916577
,-0.03774744463089671,0.032144250321499604
,-0.037236379030367646,-0.05130695630968557
,-0.03730342439892819,-0.05274723636074862
,-0.03172655383811114,0.039818553869562276
,0.01507327691596326,-0.005967575968399676
,-0.03300702000883477,0.03854018425845546
,0.017880576416005916,0.05777854864663035
,-0.024847472040219414,0.0353231435216018
,0.04276727134036556,-0.011447067220993767
,-0.03619420100622574,-0.051794646394541684
,0.04055295512393616,0.003807272123891293
,0.012127272855034184,0.04660986730007652
,0.00813112481361647,0.01570612167120966
,-0.0038036113563153736,0.02654994319172137
,0.014791006516574815,-0.04943227950564765
,0.03256332356438729,0.030717227203967357
,-0.042499869457737954,0.03725648682483015
,-0.03141208798377266,0.036097269283675654
,0.006150268866193673,-0.05334076649210797
,-0.03278820673860964,0.01151888123917799
,0.037150135075846795,-0.029030717885601867
,-0.03532419187159367,-0.05128172765964674
,-0.03607309614852448,-0.051521733419520946
,0.03888400840841237,-0.030585286961011076
,-0.04233410911388575,0.027170059396329226
,0.015765372205457467,-0.00032890975294941663
,0.017682474163785024,-0.013088429453089542
,-0.033800468228869604,-0.03494279711088622
,-0.027450302894841145,0.024024339609464634
,-0.027952859884674133,0.011924113675910472
,-0.027044996656700244,0.00489704436074958
,-0.03472119949081298,-0.05071391943503139
,-0.030684584979475737,-0.0504241059271211
,0.014653936768491225,-0.03651754091066014
,-0.018655294254590126,-0.05373962632213904
,0.036638636578757475,0.046647512173827343
,-0.016978946244260378,-0.054937062403730384
,-0.028551368213074437,0.016326799624630375
,0.035157357870771094,0.02086595285401071
,0.015518378536581846,-0.05128888517632441
,5.150558107151586e-05,-0.050684851542192176
,0.005376964082477689,-0.004853207787850409
,0.02859056415232235,-0.020145007225349655
,0.03358199548287966,-0.02201752390982138
,-0.0308827889312968,-0.053132781850942626
,-0.026617496632435844,-0.01276537710135128
,-0.040690619085583496,7.109873977167514e-05
,-0.039995561407309935,-0.008689395511894448
,-0.03643482744943068,0.021977526299937815
,-0.0325244919475391,-0.022699450457197703
,-0.03997580621305603,-0.0361799368250653
,-0.04199499954310961,-0.01231041141885632
,0.026255230030661783,-0.04841081680539392
,-0.03781030057607319,-0.043876034145736056
,-0.033870846006015566,-0.05051621681216044
,-0.03564837396407089,-0.04387002190363368
,-0.018423657264206,0.02456399844354631
,-0.034140134880872336,-0.04941848972513689
,0.024594347758674973,-0.03997028441061979
,0.03731374570823566,-0.015099284229488344
,-0.03850458746627303,-0.012549395911887574
,-0.017476412974739376,0.03180936531976033
,0.005335522756463695,-0.033699685245644526
,-0.030382427547747354,-0.04058735830599083
,-0.03353745946498672,-0.04974119301585238
,-0.033836749462944925,0.011651120566280369
,-0.04174078146762925,-0.016311594161711872
,-0.00983093464790186,-0.03656284810951612
,-0.03451612084482577,-0.050192145552757535
,-0.03591877713102312,0.042206914681506114
,-0.03752888956631224,0.023057312612553494
,-0.03409195830867222,-0.007783905580779572
,-0.039700557726171176,-0.03881192455200443
,-0.040320329982756975,0.010302611653375272
,0.021038697982184423,0.0008114653893809306
,-0.019198224210552922,-0.014733912589693709
,-0.03391977358583327,-0.05270073736530733
,-0.029755280568977093,0.009749528891163449
,-0.008424181671595584,0.007744491839792931
,-0.030450362816293344,0.03831480575301532
,-0.02933449759957794,0.0370292007777385
,-0.02385751767316978,0.03785727690531572
,0.007164061018306599,0.05031433416291796
,-0.03436413506326393,-0.04897912477123407
,-0.0395069968921242,0.009164594353141027
,-0.024825300047153255,-0.03858644410617687
,-0.04244101846657259,-0.00412239148357068
,-0.040439336541815335,-0.004663889796308952
,-0.041165764834973355,0.007051412035110026
,-0.03950914756930737,0.03674286652311447
,-0.037531753083971324,0.013523855072657555
,-0.04340830194371759,0.022866362146803324
,-0.04267747358575959,0.02388538285607003
,-0.03957254620090803,-0.03412245400063519
,-0.03571547857826544,-0.05210243612397178
,-0.026172441631718533,-0.051673750773418764
,-0.034111284209679266,0.012408570107974613
,-0.04041307205726677,-0.009149000882864763
,-0.033574952236712134,0.032410897694649256
,-0.03835187795124178,0.010896218474375174
,-0.028125014144134482,-0.0545938419041004
,-0.03656310015103142,-0.005981928388745452
,-0.038728088478957964,-0.016120518357202455
,-0.0390653896128648,0.019527290964221004
,-0.038699051125667135,-0.03794717216017819
,-0.036649820714669316,0.017809697533356827
,-0.037795191571504884,0.010970433241692711
,0.03395938837994782,0.0459930713514131
,-0.03321745283372979,-0.008463728218987481
,-0.026442148245165758,-0.004558121423567744
,0.015553274801961704,0.05233414285045135
,0.017803022357275468,0.011032081755205779
,0.0364199053082783,-0.017446707485008463
,-0.004339383473000008,-0.0007422238505158424
,0.008353960977233933,0.050677202542886234
,0.02270207016232723,-0.031201927806373833
,0.028928220884517526,-0.03880771928155623
,-0.022940966877624286,0.01408391871253788
,-0.03969846264692296,0.010841976166350065
,0.035827293516748175,-0.02987710782110645
,-0.03536470573669059,0.0209582723732217
,-0.03125969235573139,-0.0479113340145435
,-0.007937464208848753,0.03944559955839648
,-0.03213525988364985,-0.043061511350124766
,0.021021628144558012,-0.007092194925216985
,-0.035832083081048655,0.010559934045391482
,-0.04041589140529296,0.027862674116439584
,-0.01159659664509137,-0.030656433365776847
,-0.03329833590895766,0.004690141729818773
,-0.017885314174592645,0.007851398081383531
,-0.036790796722143616,-0.050553587279988724
,-0.03887312434332883,0.007033919437119841
,-0.017472355296842726,-0.0006444618587200749
,-0.040453819582977515,0.001818687786885667
,-0.012509773076181015,-0.028554423746025077
,-0.026875561295120205,-0.001479830711300162
,0.0037918708494910913,-0.03154471405563441
,-0.03444909528047953,0.00018511840484404757
,-0.03598344434820898,0.014391626082516177
,-0.04059279427237996,0.022102673680411196
,0.03921810172264614,-0.009826910970639733
,-0.03973220623866019,-0.00031014775349037034
,-0.03397674955703471,-0.03267405180969931
,-0.03481265945784377,0.013775859612859695
,-0.029457839704597373,-0.05148635160761772
,-0.03382718429709701,-0.04611290045849732
,-0.03234905525360198,-0.01953508268527098
,-0.02904298569700754,-0.04114450605272813
,-0.04510974776370922,0.03383164210162452
,-0.04379982152145639,0.0356027966771378
,-0.037474406695678905,-0.0537589476950008
,-0.043653417538878005,0.034844149386408105
,0.039127781165617034,-0.03866490350703893
,-0.04284001926239885,0.03502229874567397
,-0.03254116369415134,-0.048452031042984824
,-0.041356294434707744,0.036999162566356714
,-0.032785123585375206,0.02673529571013576
,-0.03542994799851659,0.025701561563192858
,-0.023682017284350283,0.012952732906154455
,-0.039934863937116524,0.02922133965861107
,-0.03874936251395143,-0.039193030403923426
,-0.0352212365589419,-0.05195669453057519
,-0.03905430141464955,0.03089207570919865
,-0.04256862169206698,-0.005515831734205922
,-0.03904912047575797,-0.004579773583559635
,-0.04100231609240362,0.03309658480532638
,-0.040966766827142,0.0209918006230982
,-0.03747288664296672,0.0006568188626971674
,-0.03733954486537473,-0.04972606066549387
,-0.025215467942587912,-0.0028499566684733915
,-0.030391421013603218,0.03635897673386654
,-0.039148213981605874,0.038227078007455825
,-0.039505341432574725,0.02319289126812352
,-0.03607280269738179,0.02516404113844669
,-0.03833838479446669,0.029857774640056248
,-0.03802022276861033,0.0012085469755297234
,-0.03425397712474708,-0.015769710332824184
,-0.04008606241631382,0.027499821443248897
,-0.038357337819389804,0.01125797556008665
,-0.0359579569537248,0.016731143585453842
,-0.0384003989392185,0.022581054287801834
,0.02791087345568004,-0.04242843403851501
,-0.03876886427851695,0.015602396942785824
,0.02768107484603928,-0.04184569991581757
,-0.04085809348999103,0.027739097452984345
,-0.04346535305558033,0.036912087775140344
,-0.04136228245895867,-0.04486568788335935
,-0.04089035806502867,-0.015141198717797556
,-0.03504259413105601,-0.05343412416798569
,-0.038866992880219976,-0.04646573136043441
,-0.03813232339792311,0.02690302501223056
,-0.009918842903740161,-0.03245590729653366
,0.031143845855057195,-0.03526852690520814
,-0.026577348926655187,-0.046585074270669755
,-0.031318128395963124,-0.05006646308947535
,-0.03501242712653743,-0.05308662157494792
,-0.03511475413779244,-0.05178701247395997
,-0.035272090281237185,-0.055408120000376426
,0.03284210110322903,-0.03760576434077298
,-0.0325307377777583,-0.04995878900293277
,-0.0395579683060521,0.004513469238124911
,-0.032165588209150844,0.004522936755827955
,-0.03334811871264051,-0.050414064622782424
,-0.02653902901899533,0.03815236124915497
,-0.040766191617704804,0.013326968676981512
,0.03752847105008839,-0.030111217722045436
,-0.039260170004787986,0.03372832816163619
,-0.033851493428243576,0.043271203804960565
,0.03435609260497888,-0.04481277149289529
,-0.0024790535337391706,0.03917199713955347
,-0.03502635610511916,0.03529880033232522
,-0.027928530256056405,-0.04760632750647747
,-0.031086409415750943,-0.04963870396450385
,-0.037164029323803895,0.03119086963577641
,-0.03786443137194017,0.03106564175668255
,-0.036061709659438196,0.03036317883023273
,-0.028473366889122324,0.024661027339340235
,0.027434677081103444,-0.02436520105673141
,-0.027527089435503468,-0.043889818595082175
,-0.028142104486880197,-0.043823164845433714
,-0.04056685823398044,0.032758659991623064
,0.037796597778852796,-0.043482858264431046
,-0.03893033644806322,-0.05320818485950216
,-0.03905433600320117,-0.037387829721635936
,-0.04004348452585115,0.0394810869819378
,-0.04306714758244208,0.0336761618526266
,-0.04019334439356716,0.03650186543989077
,0.04101055349330779,-0.038983588762629744
,-0.0414851701349908,0.039916413111531455
,0.04090548237428775,-0.03954967856118018
,-0.039039426714604336,0.04171057712978771
,0.04071457367963635,-0.03921943112366569
,-0.029686862746674418,-0.04986703857106098
,-0.037677152269659876,-0.05333352824949426
,-0.03669592215790829,-0.05434300520268077
,-0.041342626852474806,0.027131179327015063
,-0.03428224048893177,-0.05277861267714802
,-0.034962259148772185,-0.05342205920785927
,-0.0392154913576482,0.02526664213381299
,-0.04151760411045983,0.03896695444136469
,-0.037577889653596805,-0.056017569594180604
,-0.04235412406809394,0.026011409377956353
,0.026292879862868823,-0.027667076876964704
,-0.005211115453018843,-0.056449382930461346
,0.022853601505401337,-0.038683045546189336
,-0.03521815514929576,-0.051379260051815465
,-0.0369799785205543,0.026852510735237763
,0.022699132148461053,-0.04506670612526877
,0.043189035084239095,0.004280744226005722
,-0.038400453342603134,-0.030274437997639788
,-0.03594484180152749,-0.05217479093490349
,-0.03419204650389006,-0.04905782140708487
,-0.03786954026255219,0.02782556483659086
,0.0332199087118776,0.017287042970282326
,-0.033440352439061724,-0.03598234482263171
,-0.035862654152818314,-0.05284748734429869
,-0.03583602743455129,-0.04857241278912989
,0.04424145114282503,-0.024035800339703074
,-0.03833143909195042,0.028236772393901616
,-0.04295343157213558,0.017212223723513297
,0.04346639564975345,0.03342785944903517
,0.03699196796701751,0.013526895694509107
,0.01889636432745258,0.056205225371605244
,-0.040969804083858516,0.021247730082486798
,0.04647777001920396,0.0016350672040412817
,0.023978305564986147,0.039013070973521996
,-0.013709151712578974,0.05198186695490539
,-0.04437047806795216,0.02803657886947958
,-0.03845446534511821,0.020862355303311333
,-0.027159622996412416,0.020038684052767465
,0.039452763174828126,-0.012366742975340215
,0.03901848539362377,0.030637942047863975
,0.03895840071959377,0.035904216901089206
,0.03997116318820117,-0.005967538266970784
,0.04279974925168996,-0.0037878353736140475
,0.007510810149619423,0.0548321206880355
,0.043274526002116856,-0.021029292178590363
,-0.04354969955765639,0.01389978199264718
,-0.03987354485085743,0.013608777107580716
,-0.037672696870241745,0.010309741584847511
,0.00451394128837528,-0.005740407700683122
,-0.0334249914066765,-0.02538447800832371
,-0.0430598879200859,0.01931635217115636
,0.03720462286892772,0.008085798595014883
,0.029669241141555638,-0.03890346362890367
,0.025682526518445735,-0.026366764700252874
,-0.04109155513320064,0.019064856887599964
,-0.031579775323103396,0.04839586645877248
,-0.02344611347202027,0.052582619476604885
,0.022546609961185748,-0.053316728528401344
,-0.024423679512288368,0.049885008712922355
,-0.008204010483764089,-0.025320705057402592
,0.037722109871630355,-0.00018963699479632168
,-0.0019557057160868134,-0.04142072199594083
,-0.02674163109985205,0.029101073682905227
,-0.03726749430003837,-0.05443381108588173
,-0.03723584518066536,-0.053943147702817835
,-0.04124706475290162,0.0027582543513807074
,-0.02385389936343903,0.04170017261002534
,-0.0361413299644069,0.03190227071231805
,0.03580563099685384,-0.032698596679702874
,0.026098107651229708,0.05306527036279888
,0.00710597269037125,0.05490299912445841
,0.018715898647334438,-0.03855792309848118
,0.019953363888760144,-0.038226618308460074
,-0.039565881357554,0.0125431041289879
,-0.0005125315478565117,0.05458438711008519
,-0.017996232653747977,0.053422517883202264
,0.0412811127595744,-0.000643076156315587
,-0.03117232972571348,0.043611815072109504
,0.03537548299648688,-0.030710036512106707
,0.016063972273312216,-0.05014140261104341
,-0.03321747697985842,0.013515526245492971
,-0.03236668628283653,-0.04377238199904321
,-0.03855546685691012,-0.05263675358359221
,-0.03355478078885535,-0.0503796450210617
,0.03137513427843853,-0.012699696732642447
,-0.03776497663557986,-0.04582926798685442
,-0.01666034059723168,0.040943727221058525
,-0.03204879739835155,-0.02890349267892583
,-0.03808475107476063,0.013611834728596641
,-0.040067793736413226,0.023568973710676833
,0.034158069120896056,-0.03113115929525636
,0.013468795485379076,-0.05140153773717515
,-0.04008808498598976,-0.03901024061975944
,-0.03241527203527579,0.03724350576840745
,0.016270533533069155,0.045069094363880104
,-0.024119878641670495,-0.047393770451110956
,-0.009637392582431745,0.051016267911938806
,-0.011576435292291756,-0.05687036379762186
,-0.021728129964218693,-0.05766600878230921
,0.03496793192305619,-0.03741139140114433
,-0.036839188497487636,-0.009080028854894851
,0.03683868131654131,-0.015665880580873943
,-0.0011098680382578463,0.03871756800169547
,-0.035814809662587495,-0.017259495038147738
,-0.022966657198972916,0.046378805549854324
,-0.025548735149879345,-0.018715741615358893
,-0.033562606749559555,-0.05177852121253828
,0.04068712783042756,-0.009830063432355417
,9.953363111254716e-05,-0.04780183497909103
,-0.04072544173890085,0.0352131439758441
,-0.01904263681964687,0.03463499278898379
,-0.001927849407035193,-0.0444567640560423
,0.01733819618741074,-0.03476536685817693
,0.018773300068830465,0.05484638746274939
,0.029275376973827073,-0.04892799787112793
,-0.005800005192097481,-0.0552622475575355
,-0.03628458571403652,-0.05333929601571685
,0.01844203631144125,-0.050278064491759124
,0.04182216112144775,0.006338880237555165
,-0.03776968761788192,0.02492190559460146
,-0.030880179649168043,0.036382926509513316
,-0.04181696855623664,0.01302873049201192
,-0.03795335112229557,-0.052053013457169825
,-0.02861662709115105,0.01828162670406115
,0.002148828429217369,0.03317358718800784
,-0.03503217220937588,0.03709717759656008
,0.04442574425029891,0.002884406386161269
,-0.0037198631214437994,-0.005227298506728588
,0.0016086085275616399,-0.05703314464107189
,0.013244315740515532,-0.04901738021506691
,0.034870370083391805,-0.016342026763217343
,-0.019816363671461657,0.03974450539528925
,-0.036159143283269905,0.033297941910696315
,-0.04004080647146406,0.010241103762028374
,0.03191659213465432,-0.04270933253417535
,0.030607278512303694,-0.031003321680107866
,0.020268763037722293,-0.038669346542714804
,0.029715866412832633,-0.03753078439589087
,-0.037587175105011604,0.013618629245177344
,0.03915771251617119,-0.028969254148440225
,0.02544979154713979,-0.027114425117318416
,-0.045007634352335305,-0.011504053879080166
,-0.04158752795026391,0.03768440653441292
,-0.008744525501617341,0.025097198996158795
,-0.044621710304715644,0.027504434506309242
,-0.04072510343957961,-0.02138258327594354
,-0.03805481645721862,-0.045983906431722316
,0.02337113805203309,-0.0476587147986733
,0.027043378680532883,-0.04254456963969861
,0.030277180968533653,-0.04111477139787366
,0.029331221654772914,0.005668650344832317
,-0.03784289806323595,-0.018942160389564772
,-0.03172687732673069,-0.04229363296415126
,-0.03817106639237315,0.0020079403145426096
,-0.04031909663668821,0.01781444974598871
,-0.0019867640127019253,-0.013017680168837874
,-0.0071201063084681505,-0.017920382653936747
,-0.03618318619324831,-0.05350205379586873
,-0.03633142366574455,0.004628993160190733
,-0.039154386413911065,0.03874609020362912
,-0.0374381431650213,0.02554507369634892
,-0.01678628279558954,0.04139514088263559
,0.018426417686054967,-0.03569311185637835
,-0.029183987662251602,0.012609312129831194
,-0.009847572917116368,-0.0101282665889294
,-0.02740559491227179,0.02227035127834966
,-0.029120140604233898,-0.01888616719932994
,0.0005871385817331439,0.017114883763177872
,-0.03902409844994145,-0.044402599436035445
,0.026868338730142854,-0.03553730857060294
,-0.010728787244920036,-0.032232550203394696
,0.00901990902962412,-0.03020554572889066
,0.03617830596108225,0.004795864289685741
,-0.040931103584648694,0.016189413938886708
,-0.04114203159715326,0.012849531503437147
,-0.038686445767191234,-0.021245989579214246
,-0.044592126286458374,-0.014449659398443272
,-0.04341769974606784,-0.02970211282344437
,-0.04590051621838746,0.01527902375811182
,-0.02064229621029728,-0.028532272610310924
,0.0326810614841778,-0.007337328999825835
,-0.03626335246008302,0.0019026726937978813
,-0.03376982390124947,0.008413243591996241
,-0.04021499772438171,0.011036708983741428
,0.03640025574556368,-0.00860107521361173
,-0.003304106575268105,-0.03175589371450205
,0.02969599135232158,-0.02542470652825857
,0.035903052410237474,-0.02926838477134348
,-0.03730685234185418,-0.05328887506534669
,-0.04308694273916113,0.02117602132289872
,-0.04094794193562911,0.028083104419544546
,0.00021280531673240923,0.04951472172202783
,-0.044211574683374555,-0.002374386594081175
,0.037809245910234844,-0.029423814153447525
,-0.03889324162874823,0.015030560299633178
,0.04223912970478983,-0.020065519089592202
,0.04007576740132856,-0.03391301184550981
,0.04184326228003373,-0.020915032214987056
,-0.04568625183267813,-0.02491036185821968
,-0.04141903693134144,0.00696358094428421
,-0.030095776980903217,0.009375620514858591
,-0.029816425343156847,0.0276667309685366
,-0.03273329183340916,0.008810058449379762
,-0.0341031357199533,-0.04791943872246727
,0.008761882222798872,0.013786774965565952
,0.018036950175745813,-0.0008886604640116866
,0.02332969936327488,0.047846276164048254
,-0.04273757705160792,0.010536517869653447
,-0.0022268199236425376,0.009007710918911675
,0.030663153157001546,0.02215818568186226
,0.03786067404201496,0.0020691447811726424
,-0.03952151627770077,-0.007029391745717201
,-0.03386234526247209,-0.053178978851380454
,-0.04105090472098948,0.03507990726586772
,-0.04610440625145084,0.0003965733472714526
,-0.03861211171043945,0.008545541362749053
,0.01702676667693352,-0.042089890097276615
,0.015166057813555745,-0.007985091003047909
,0.021042972713608377,-0.01237571505001805
,0.027112881030332544,-0.01042535531803934
,-0.03660746945643044,-0.008652978608539879
,0.038942080198091936,-0.033902203381088285
,0.03453905490087779,-0.03637947676031613
,-0.02003645549259734,-0.039244991015132666
,-0.03531337083051127,-0.00987608741461222
,0.00768323850085151,0.0005212217521904305
,0.02132299597565394,0.04894452621777331
,0.018185506355642235,0.05136143551741044
,-0.03027566281629498,0.044789887880510235
,-0.02402039412378452,-0.013878955905788606
,0.04445798590347742,-0.02510013288783378
,0.040972926163425384,-0.021819891233129267
,0.04566810301658857,-0.02144287029869144
,-0.04252077053350268,0.025720461463458168
,-0.035835950408719994,0.0063571873506148326
,-0.025160389124493518,0.0011733066447253784
,-0.043680235089472774,-0.022541670396914744
,-0.03720220808860247,-0.0295524388973367
,-0.02588181398825925,-0.04852974391815695
,-0.03726223326310269,0.0058819545666156025
,-0.023774984783136496,-0.05082305895729475
,-0.036933611091849304,-0.03579178604767118
,-0.02546340914584265,-0.05260122295936706
,-0.03287650518409837,-0.030996840716925326
,-0.03488020577678037,0.034859269387029955
,-0.019141157155567478,0.005895213721886699
,-0.03930317808776003,0.007707517369740201
,-0.0018567039058557445,-0.010100454556889411
,-0.03706402127283926,-0.047204254744780336
,0.034689765225690714,-0.04130022544297318
,-0.011320003528367876,0.008955512234129784
,-0.03516125447490594,0.035976122229574685
,-0.036082241538118016,-0.04358574617071474
,-0.035559683489407336,-0.05225630672770493
,-0.03572213292763318,-0.015351699187372206
,-0.03403973069922912,0.019662545299053112
,-0.023392131218311015,0.03522201438168253
,-0.027510279073250193,0.03432920968616727
,-0.018924371347959986,-0.053945447712773376
,-0.03577342842295987,0.01247370556477418
,-0.036899423522201706,0.04335398260023732
,0.040665784120686055,-0.04014773737848555
,-0.03883067994229543,0.030296898692714444
,-0.041365422999483585,0.01295316038554735
,0.008020360361847926,-0.05490249979799146
,-0.04382398891871955,0.03593050510829504
,-0.04574435560593995,-0.01250583443803797
,-0.04380118046496518,-0.030317827781253227
,-0.044098196690875203,-0.02080292455736237
,-0.032808083165235535,0.04057902331814793
,-0.03491378109226509,-0.05176542087321614
,-0.03459386191968099,-0.051820484877018014
,-0.03680323964262209,-0.05282483657071899
,0.013904662316782135,0.02700689019021917
,-0.01671647781974354,0.027386664818066703
,0.04365962956834122,-0.03674790569717662
,0.04051585467784415,-0.03934046905043777
,-0.037305523495106914,0.02724377541657997
,-0.035500745637541915,-0.05011836550695097
,-0.04046509861188568,-0.03676357322373015
,-0.03884456278205455,0.016114137387406465
,-0.03579702599018111,0.035521732287486785
,-0.04151057707703172,0.015765436045313587
,-0.03496004972418963,0.011127619262446115
,-0.03446072636907185,0.000686469946936697
,-0.03550917764010467,-0.032803602490516205
,-0.036280241591125466,-0.05367287224941002
,0.026742951253929476,-0.04420507112017323
,-0.019561322453626375,0.035281638213735984
,-0.03649559006288719,-0.053590270391361966
,-0.038919629295647226,0.016626938765744736
,-0.03008347751491886,-0.055069044853354635
,-0.03845192459671668,-0.0500128093647729
,0.0250823545378045,0.04463011576567734
,-0.03734002193430921,-0.042509298819907504
,-0.039762617767812695,0.007847104691732004
,-0.03115802330429712,0.03979125465834106
,0.027813574545684398,0.0029958625962387166
,-0.03158937882017599,0.03970763104026617
,-0.03972800389634055,0.014842432152253277
,-0.03893894191402976,-0.002352000108286769
,-0.02479863548938293,0.0019166835461666832
,0.03477327891979574,-0.036772332321574557
,0.03474117149405216,-0.04283124596983683
,-0.03593668098126504,0.04086820368444992
,0.03991986862920732,-0.01376437921655166
,-0.044842820571965064,-0.01861399592767644
,-0.04173542235876401,0.013913486134604946
,-0.04304403978695808,-0.02440960338706141
,-0.041855359398141966,-0.03624812896523445
,0.03999385563953165,0.017383108915921618
,-0.02508788031792685,0.02442564340793293
,-0.039716157838338303,0.010297341546258467
,0.014545471188454794,0.0029466509192295673
,-0.03603107677237266,-0.0489896310455131
,-0.03649371912435456,-0.0488222447851052
,-0.035772174905135956,-0.04898977085397835
,-0.03409406893234355,-0.04747116841766369
,-0.04024377495912474,0.006716031060558959
,-0.03316912852647604,-0.04396998609032497
,0.04055405290374014,0.013069768084708945
,-0.013699622037359775,0.014267698344609636
,-0.016948041652157932,0.0442927779386013
,-0.027921470919422625,0.032749761609658916
,-0.04174674550293604,-0.039175368712058414
,-0.040577012931025294,0.011123296642550075
,-0.024445510277825842,0.040407870185643346
,-0.03600315060208809,0.02052660737711376
,-0.03299688694328485,-0.00749746793392799
,-0.036474645438289294,-0.04495394906380191
,0.005247297670669429,-0.04471927550967796
,-0.03748827494382055,0.0033329960419824513
,-0.030303311627008982,0.01383879630454397
,-0.01637546079515751,0.02907161195350887
,-0.037702589807841705,0.013073036541877206
,-0.005443687861763542,0.01791091749717271
,-0.035173482860668535,-0.03477747647044129
,-0.034561645708007224,-0.04734440272762711
,-0.04172460736370703,-0.018986939828353998
,-0.039209162932115495,-0.04440606657951627
,-0.02885061625571376,0.01078873565547564
,-0.030829322651493702,0.02942455721274056
,0.04322963415541034,-0.012643830044463795
,0.033689527532263695,-0.02218633834826233
,-0.03357170541970186,0.023219976082060594
,-0.036924536716916145,-0.05274122568834425
,-0.026388682575708818,-0.028950858361910102
,-0.03650471239547744,0.014512519916892433
,-0.028241373486793377,-0.0035298283039388745
,-0.03320728895781948,0.013100391997293877
,-0.029108133511542303,-0.046540111030946574
,-0.014614359729623928,0.002987872959309751
,-0.03400803214270194,0.021332302739137037
,-0.03162631438297659,0.0058051492175718615
,0.0053065920738095155,0.005972779029264273
,-0.03295140369423747,0.0021235877846547276
,-0.035377728816453846,0.02266639585768132
,0.027580993862373886,0.02633679226065326
,0.01808040573698341,-0.030547866568549444
,0.03142234475525087,-0.00785073698868715
,-0.029144238773457554,-0.031930190238798874
,-0.028027201785481324,0.026029339506017934
,-0.04105549728099421,0.01981319657936263
,-0.0376957552246718,-0.002340715980838606
,-0.03905207290741798,-0.007940154718335425
,-0.03558920721184714,-0.023823988272253908
,-0.03573877222349312,-0.05131636767213738
,-0.040904071605768776,0.03258457598816215
,0.03825907823914261,-0.025877295982290025
,-0.03775588442714427,-0.04676755394174281
,-0.03615998159773203,-0.05165475136714526
,-0.032415706481381895,0.031755513435380425
,0.03372809614317183,-0.03835642256803232
,-0.03263030001136149,-0.049490141692170454
,0.028164951641659816,-0.034100391117113604
,-0.04189569725976442,-0.005624904578981156
,-0.042933667804931776,0.026054783388419187
,-0.033519478177537476,-0.049357257877157695
,-0.041684907973127856,0.0021069102177148982
,-0.030300439364364388,-0.018227836912514072
,-0.04575204397498916,0.024312743967759537
,0.039642954339473555,-0.028229844083615865
,0.04117833365085099,-0.02786219011372057
,-0.04181154685729571,0.02045991826812143
,-0.03716311305971427,-0.034318524929805916
,-0.03706806603446808,-0.02759606274065428
,-0.0381831494199647,-0.05472806778632103
,0.044327591449570374,0.0006463126930687476
,-0.03496937488503057,-0.05315396624634164
,-0.03965633087651564,-0.05055393113217466
,-0.037836320668228826,-0.008767550712512994
,-0.039989951503548116,-0.02546717783535173
,0.0152683367970084,0.014556451055383453
,-0.02507818850795368,-0.021632603131228903
,0.03165011114802459,-0.028805964802981462
,0.02952634745874167,-0.038630640672254773
,-0.03548865266953586,0.025102709852263535
,-0.04135824848438572,0.01343468650695517
,-0.041821522227987726,0.010633484028821864
,-0.03312270952058797,0.0022047188984465264
,-0.041659880473615886,0.03563269363127417
,-0.04306520845265171,0.03222897682626697
,0.03750953276633836,0.020606677561620823
,-0.03704107321095845,0.008473054394473455
,-0.0344510474623345,0.040420113957471006
,-0.0391705700798011,0.03845988457478856
,-0.043864281822845685,-0.014513203639136248
,0.03186911555211383,-0.013108619096248424
,-0.03432189055727898,-0.049407212780287514
,-0.03169570370884808,-0.0445086791824826
,-0.04021469357657153,0.009318727543800653
,-0.04527722421911879,0.010599603209360558
,0.0315017739966353,-0.04473846387197521
,-0.03562047879905545,-0.026137147990228204
,0.014563397353923842,-0.04004782585964116
,-0.0270679555598428,0.030849094912691118
,-0.03961851269298863,0.005722574300793759
,-0.036281964813401534,-0.05160524276683326
,-0.010801619691594976,0.037316155277686135
,-0.014377382994395144,0.03395018217535474
,-0.021359616711019765,0.012298078812345802
,-0.00469818023691606,0.05219282951831187
,0.004041658820593168,-0.049952437673151
,0.0025209566501961395,-0.05125103525325556
,-0.04139056116265209,0.010410128501074593
,-0.038532586563034175,0.04288019721610408
,-0.03580270653840109,0.04482455660163267
,-0.03760323838855481,0.018310955389410213
,-0.021559055107046622,-0.0407612000786394
,-0.041083844343184434,0.006015843684324099
,-0.03845229738163112,-0.03176384062138946
,0.03815516314632546,-0.02972096726670304
,0.04126091017942037,-0.01320871532513278
,0.03943841959986998,-0.013332901874476982
,-0.03723151592978159,0.02922817560603029
,-0.03857769492672447,0.02356671828151321
,-0.028069899921879683,0.04048324895795201
,-0.03855060936648441,-0.05243826427646667
,-0.028568330787562383,-0.049888751751771994
,-0.0355650566650961,-0.053542386397121576
,-0.02824124848641102,0.028338315799712466
,0.0035422776015639093,-0.00140227437959029
,-0.022426308990578805,-0.0017654181158938019
,-0.026244261115088187,-0.03232224909816312
,-0.04237582741416086,0.018837465702309653
,-0.037569056063423326,-0.05284368039043225
,0.03616873429934063,-0.030707642265626323
,0.03862107506433161,-0.021786804864267536
,-0.042214895040556304,-0.03464947323713734
,-0.04091852198339534,0.012804450040485893
,-0.043392341713037005,-0.011400191405230017
,0.03899111464920045,-0.028624528699262977
,-0.04029945023493939,-0.022907345727162375
,-0.03940562970608702,-0.021200054339444153
,-0.03460200551086539,-0.04891966240077718
,-0.03749024621518159,-0.052735513945584414
,-0.03597646142508075,-0.029618714383137616
,-0.03426878024598524,0.03875378152823837
,0.03485833520504998,-0.020057369024606798
,0.03495438399561549,-0.03433771907113009
,0.03189884939523034,-0.04017136432195292
,0.03416704528325154,-0.03578002772004193
,-0.0368448377657384,0.014086269188995965
,-0.03967618249516064,0.011060179918172873
,-0.03590421890545399,-0.03870164208662092
,-0.04024863285882128,-0.04244991050071479
,-0.0414400278078089,0.025326824142887033
,-0.038179456557780926,-0.0535092737977478
,0.03973575312451659,0.013137791446675333
,0.01590740932518455,0.05707411301400037
,0.04510760080443335,-0.021122735835667577
,-0.04057806855218519,0.032455792984792446
,-0.03203458138930495,0.00847413804969354
,-0.033357650900511675,-0.050349456637732215
,0.03886642092857689,-0.01840529987814261
,0.04287388670403014,-0.004719417688449923
,0.03877872501369832,0.012635388811056332
,-0.03453851869273172,-0.049343253639731514
,0.03418943535695541,-0.027987285468714478
,-0.026312346679136463,0.011439498842121473
,0.03736442195181086,-0.038502163933720523
,0.045586871957177554,-0.023234633562280105
,-0.04294323662539787,0.006376934229561896
,0.03550569612981518,-0.01910027508415716
,0.03879387048338152,0.0009393700078788892
,-0.03915413876486522,0.010706337837597115
,0.037707761191539346,-0.028789930583479437
,0.03323861703683865,-0.032731207778073125
,0.02073562225937681,-0.04127669998379608
,-0.035660288109587004,-0.0489375962870476
,0.030723213164981975,-0.03858650143312521
,-0.03718809525871567,0.013947675723874996
,-0.03961583560584887,0.006707141941017149
,-0.0303033929481361,0.02805238446334082
,-0.04090068905642041,0.01461556126909733
,0.040934021659486154,-0.0077816409052798826
,-0.039077074869957935,-0.05481368044764659
,0.01887508288374056,-0.04721768905148972
,-0.0384216766868483,0.010526009630005917
,0.03586982953018549,-0.02958756060717048
,-0.02492456716145255,-0.05240422118375084
,0.03925543135499023,-0.01769728131350843
,0.03529922547012173,-0.030316059197843956
,-0.03813567468889005,-0.032685118400237814
,-0.03496063071242627,-0.05203572575515486
,-0.0364481506829678,-0.05181500831761037
,-0.03735816957203486,-0.05322345274470855
,-0.037483776419286866,0.01530910407338439
,0.03357237482139619,-0.038097510805897426
,0.033066439050391284,-0.04484796793295922
,-0.04319936180940289,-0.02599022575127626
,-0.032994568382622255,-0.047298176902916905
,-0.03521010465419776,-0.03483964374353305
,-0.04522820683468256,0.014757133210469089
,-0.020614312914789067,-0.05744822124751438
,0.04125127795099184,-0.025764655623089813
,-0.04121070510540068,0.015563689819357603
,-0.04284817776337874,-0.016267919460048293
,0.03460602256897393,-0.04088032325300019
,-0.03736883446846752,-0.05204310668038585
,-0.03918150157355582,0.025144601702518334
,-0.04084941284003958,0.01102538633743602
,-0.03838855251725384,-0.053254944226826716
,-0.03690190944726739,-0.051844436792131895
,-0.024391045913881446,0.03857343144450283
,-0.03943402784436313,-0.04450491507624554
,-0.039326351210798215,-0.04969396459217795
,-0.0407603643920229,-0.03821238219420032
,-0.03945709900551893,-0.02912432796938659
,-0.04313099908482087,0.008103647112190995
,0.003696352826417905,-0.04385276886722923
,-0.01050367444822042,0.002019928937440455
,0.030873302120554554,-0.04773829788922572
,-0.02529579339452619,0.050656654761108526
,-0.0314761051780148,0.0468535402878089
,-0.03160384719190009,0.041661386371018606
,0.02017798912775021,-0.04966471718624707
,-0.0337761466964915,0.03258655016066736
,-0.03324505534050601,-0.048742279154922914
,-0.03595541433142719,-0.05048865414469006
,0.03989066550082998,0.005569284084860215
,0.03935381980788325,-0.03301255367650518
,-0.04340475371492597,-0.005006348529714637
,-0.030302558910051878,-0.03533936326415228
,-0.03426573473522852,-0.04417909780560901
,-0.015376545796124132,-0.035103222595608566
,-0.0348267870571603,-0.050790780347828184
,-0.03571071720057187,-0.05161599756913351
,-0.03679922766313265,-0.05315351344728752
,-0.01474161446267886,0.016270450299152268
,-0.0011738182995849372,0.033820251819136456
,-0.036141967747546265,-0.052650213538753564
,-0.013188083438478817,0.017217866641899785
,-0.039010363113096296,-0.05087078852323739
,-0.013503148176289257,-0.054655265009744505
,-0.03612934434659083,0.028035835662468915
,-0.017696576337054935,-0.048894922768703115
,0.04095215102161315,-0.003055367919220566
,0.03590386869782166,-0.022335084691723878
,0.0401661558141283,-0.004369007149997681
,0.030891033935146927,-0.03328682839986329
,0.03367010196861082,-0.014305379494779379
,0.0015373065160862879,0.024839284213561817
,0.00884044794062712,-0.04067411301935446
,-0.01670032603506658,0.028444488173410352
,-0.03326224709482611,-0.01538820004325247
,-0.03538138867036475,-0.051479547718380564
,-0.03576003709145467,-0.05199828387920306
,-0.04072874848907237,-0.029662581217654114
,0.007347707653432472,0.02225135015063934
,0.039699784086610575,0.0060690449404550515
,0.021663618962082565,0.040589515643393984
,-0.009373515991568016,0.04774497168164479
,0.03979923312213514,-0.0019255850406017234
,0.0036182360245801963,0.03901810823035143
,0.029320506953434744,-0.01145251519513905
,-0.03163456270402279,-0.022516632031837385
,-0.04052438822639343,-0.02816720666887232
,-0.04444481005592909,-0.002634138322341075
,0.019421928288613062,-0.042279320005739335
,0.035665602119660786,-0.03232155068894297
,-0.039520382503257755,0.033401767996964975
,-0.039892425016067205,0.002457495249697167
,0.015030691352824872,-0.01568639409306758
,-0.0356658048847068,-0.031676080239681555
,-0.040865534664296176,0.009042683391596442
,-0.025608520294220095,0.027190096520762076
,0.03498731930237891,-0.0337185776427653
,0.03067050430915306,-0.02813369147869373
,0.029561427945818033,-0.041483579417409704
,-0.037931755456268264,0.022301475121863222
,-0.04288240025245978,0.012774070320125166
,0.035408083561649976,-0.0009095283054328478
,0.04057452472132322,0.011367076154090106
,0.036039446630606646,-0.00023607300369994394
,0.03290501358279073,-0.026495923772676334
,0.02844429313253978,-0.015329456361459654
,-0.024514972573179514,0.044388607200334065
,-0.0009243078264948793,0.030597157178093828
,0.04001924031633801,-0.018872326420466483
,-0.042914381127006934,-0.007732178805477063
,-0.03815113261738605,0.014537230734594585
,0.04513276735852593,0.0033445706266465093
,0.04090146221063623,-0.025424266088943305
,-0.043353835853032374,-0.007555491266916314
,-0.044592865152061935,-0.004698191372797809
,-0.04302130558588818,-0.026650651868741257
,-0.034812891401510816,-0.051443654808437024
,-0.035518998157233715,0.014038216730414497
,-0.03935609591323272,0.001061827010940459
,-0.0043124287919056635,-0.03665361914876722
,-0.03535105514447029,-0.05177460294968248
,0.03644389836259525,-0.021299159301549526
,-0.020307858619984825,0.0051621173093985345
,0.0372599950571392,-0.02740072746881565
,-0.04015543693374186,-0.02427341654567185
,-0.03651194564475729,-0.05324789798296062
,-0.0342604450715504,-0.050619876514566835
,-0.03654181826618513,-0.05213257116968271
,-0.029229518740058157,0.0046282353450564665
,-0.019924452741228543,-0.05053312289258454
,-0.036099427719859876,-0.05156843871914757
,0.004556224044989,-0.040327953851550274
,-0.042583264353691856,0.03002625103727765
,-0.03153463084423424,-0.04970025981966103
,-0.043400386818841376,0.0022106978448809336
,-0.043372749648537705,-0.00033518722435277803
,0.018462985962563364,-0.021386162958920957
,-0.021469700978494162,-0.025381240285943064
,-0.005235970468373056,-0.01497730768458012
,-0.03919910797180453,-0.03978893527086258
,0.010770972053266933,-0.02107081178866905
,-0.042732733006171836,-0.002524116769109842
,0.02354266744967469,-0.032741775597871094
,-0.010181036349957885,-0.05449395834508149
,-0.029342827383134127,0.024172172402376745
,-0.03856736882148952,0.004583975618624723
,-0.03922314489429307,0.007288727320279474
,-0.039608924754351384,0.012184867110503057
,-0.037239189416031306,0.021587792684788012
,0.030826173083215315,-0.03635551959089603
,-0.036471674439920256,0.02648452457151009
,-0.023426728099218662,0.03858980294786564
,-0.023793212652092423,0.03791290060706974
,0.027854465129918887,-0.0008140749458831567
,0.017391256150865265,-0.015652675788610373
,-0.016630031429358715,0.03257602791068635
,-0.004734066645094121,0.045015026476921044
,-0.02360868084375034,0.0317371098811348
,-0.004998310815406728,0.0442250199242937
,0.003466580644100008,0.05528653847784972
,0.040169749036367074,0.0047861830103170695
,-0.004764119359523312,0.054333428549772536
,0.03056175095797847,-0.03739642255817541
,-0.03614208009575775,0.030212652020592052
,0.03283393258412109,-0.04495412586480924
