"REAGAN, Ronald Wilson",republican,-0.0013200698543284206,8.080064141225383e-05
"DICKINSON, William Louis",republican,0.002346542185707179,0.07729787682106026
"BEVILL, Tom",democrat,-0.05484664923059993,0.013301319297842187
"NICHOLS, William Flynt",democrat,-0.04358695225529468,0.03424576860172002
"FLIPPO, Ronnie Gene",democrat,-0.05240669379721343,0.024447692975728463
"ERDREICH, Ben",democrat,-0.05340595062748299,0.031592632488265576
"CALLAHAN, Herbert Leon (Sonny)",republican,-0.006820028048783049,0.0823679841912719
"HARRIS, Claude, Jr.",democrat,-0.052289495385429624,0.03488712712858359
"YOUNG, Donald Edwin",republican,-0.016316923998697407,0.058117364616279386
"UDALL, Morris King",democrat,-0.06313238348905825,-0.008282459087518401
"STUMP, Robert Lee",republican,0.03215106812250191,0.07020898476834621
"KOLBE, James Thomas",republican,0.0021097260922083197,0.08260230155149376
"KYL, Jon Llewellyn",republican,0.019344099864670814,0.08273741471753412
"RHODES, John Jacob, III",republican,0.0015609275587997774,0.08925477419415125
"HAMMERSCHMIDT, John Paul",republican,-0.012897632647140842,0.06890893415228909
"ALEXANDER, William Vollie (Bill), Jr.",democrat,-0.06142969378192235,-0.006800102912297164
"ANTHONY, Beryl Franklin, Jr.",democrat,-0.0641540287865807,-0.0008474668316947454
"ROBINSON, Tommy Franklin",democrat,-0.047290163187598315,0.03417604466906768
"BROWN, George Edward, Jr.",democrat,-0.05788831295473713,-0.01257919951011565
"EDWARDS, William Donlon (Don)",democrat,-0.06172342221253921,-0.0253813422074763
"HAWKINS, Augustus Freeman (Gus)",democrat,-0.05757622861868938,-0.017259378451101686
"ROYBAL, Edward R.",democrat,-0.061564918314207774,-0.02010195230809587
"ANDERSON, Glenn Malcolm",democrat,-0.060470586398517455,-0.004347404937898221
"DELLUMS, Ronald V.",democrat,-0.06074620412771851,-0.024079147677048933
"MOORHEAD, Carlos John",republican,0.012661076936516972,0.0870230961697094
"STARK, Fortney Hillman (Pete), Jr.",democrat,-0.05582326075119637,-0.01982191558474749
"LAGOMARSINO, Robert John",republican,0.0007832070016256987,0.08865105316091404
"MILLER, George",democrat,-0.060200091457218816,-0.018631566036680758
"MINETA, Norman Y.",democrat,-0.06555382395770727,-0.015926018296553084
"WAXMAN, Henry Arnold",democrat,-0.06086921287674013,-0.012784082854619629
"BADHAM, Robert Edward",republican,0.013467566592869488,0.05654776292501588
"BEILENSON, Anthony Charles",democrat,-0.05706659441944921,-0.02116090888190748
"DORNAN, Robert Kenneth",republican,0.0097280515814908,0.07881441919359516
"PANETTA, Leon Edward",democrat,-0.06638890930118431,-0.012101427771438978
"COELHO, Tony",democrat,-0.06738839317572093,-0.012754674550116644
"DANNEMEYER, William Edwin",republican,0.027937698669849173,0.07010305929022066
"DIXON, Julian Carey",democrat,-0.059341019140834166,-0.0175864585111267
"FAZIO, Victor Herbert, Jr.",democrat,-0.0676754437621822,-0.01126665383618292
"LEWIS, Charles Jeremy (Jerry)",republican,0.0054062910647487,0.06636411071401468
"LUNGREN, Daniel Edward",republican,0.016010523932113475,0.07325854085892411
"MATSUI, Robert T.",democrat,-0.06712693918823273,-0.012664444759674612
"PASHAYAN, Charles, Jr.",republican,-0.01471514328129766,0.07181347556603085
"SHUMWAY, Norman David",republican,0.012412173825462943,0.06936349725774654
"THOMAS, William Marshall",republican,0.003913732085715015,0.07922384218022234
"DREIER, David Timothy",republican,0.020331907046022425,0.08023863270330292
"DYMALLY, Mervyn Malcolm",democrat,-0.05629330221488824,-0.02076056509526447
"HUNTER, Duncan Lee",republican,0.015539930490683404,0.07801379932412149
"LANTOS, Thomas Peter",democrat,-0.0678114286346756,-0.005013968754690283
"LOWERY, William David",republican,-0.0024649383103485835,0.07670527806324105
"MARTÍNEZ, Matthew G.",democrat,-0.06494117619167311,-0.010963226016917016
"BATES, Jim",democrat,-0.05615459905539683,-0.007234673889046372
"BERMAN, Howard Lawrence",democrat,-0.06362937139548983,-0.0167827794729558
"BOSCO, Douglas Harry",democrat,-0.05810216173608436,-0.005004101389503121
"BOXER, Barbara",democrat,-0.06034342628950322,-0.01955781682836821
"LEHMAN, Richard Henry",democrat,-0.06667639574463996,-0.010952116040371388
"LEVINE, Meldon Edises",democrat,-0.066043444709372,-0.01871151293851058
"McCANDLESS, Alfred A.",republican,0.014837872136992178,0.0750540406790689
"PACKARD, Ronald C.",republican,0.00026295901979937053,0.07950640507092736
"TORRES, Esteban Edward",democrat,-0.06475016936639172,-0.012002403443041092
"BURTON, Sala Galante",democrat,0.0,0.0
"GALLEGLY, Elton W.",republican,0.008132758580040483,0.08967650519494458
"HERGER, Walter William (Wally)",republican,0.00970822340021177,0.08439328718145135
"KONNYU, Ernest Leslie",republican,0.0023732647044095753,0.07281466733711509
"PELOSI, Nancy",democrat,-0.05378431066454397,-0.015975570041291184
"SCHROEDER, Patricia Scott",democrat,-0.04477582592665699,0.002798113577538261
"BROWN, George Hanks (Hank)",republican,0.012608931832332226,0.07082082420198263
"SCHAEFER, Daniel",republican,0.006961795791994351,0.08091624613194127
"CAMPBELL, Ben Nighthorse",democrat,-0.061782965263660616,0.006651593804749837
"HEFLEY, Joel M.",republican,0.005849366519835846,0.08304640779989521
"SKAGGS, David Evans",democrat,-0.0651207229876031,-0.0019117997084429662
"McKINNEY, Stewart Brett",republican,-0.0028893353195228347,0.0012306294289449976
"GEJDENSON, Samuel",democrat,-0.06754068412335654,-0.015026758325603636
"KENNELLY, Barbara Bailey",democrat,-0.0675373836014785,-0.0067335688088513
"JOHNSON, Nancy Lee",republican,-0.031253956873249424,0.055784978367600574
"MORRISON, Bruce Andrew",democrat,-0.060855039207191944,-0.020527181624792085
"ROWLAND, John",republican,-0.018175907714187586,0.07101217410055526
"SHAYS, Christopher H.",republican,-0.020526396566885704,0.03526887878268859
"CARPER, Thomas Richard",democrat,-0.05887572355885181,0.008574590177457665
"BENNETT, Charles Edward",democrat,-0.060341310438903645,0.013309361762343631
"FASCELL, Dante Bruno",democrat,-0.06809682879623251,-0.006757813753003555
"PEPPER, Claude Denson",democrat,-0.055120824212274946,-0.000933789715289013
"GIBBONS, Sam Melville",democrat,-0.057990270116957884,0.004056953846678241
"CHAPPELL, William Venroe, Jr.",democrat,-0.052858555457167694,0.02028003128155519
"YOUNG, Charles William (Bill)",republican,-0.0019082537458181181,0.07921565173854934
"LEHMAN, William",democrat,-0.06858840071663914,-0.01703814311053666
"IRELAND, Andrew Poysell (Andy)",republican,0.006125061468559109,0.08350070895056137
"HUTTO, Earl Dewitt",democrat,-0.043809017669582916,0.044088942388972804
"MICA, Daniel Andrew",democrat,-0.04338451595794306,0.0022804875414879737
"NELSON, Clarence William (Bill)",democrat,-0.055388350662252624,0.020307650655576152
"McCOLLUM, Ira William, Jr. (Bill)",republican,0.002385742716294677,0.080129262544386
"SHAW, Eugene Clay, Jr.",republican,-0.012238718036175688,0.07847965935945876
"BILIRAKIS, Michael",republican,0.005178487085382453,0.08267629106634365
"LEWIS, Thomas F.",republican,0.006486526814364089,0.08632082365021676
"MACK, Connie, III",republican,0.016266307815779167,0.0549302624685639
"MacKAY, Kenneth Hood, Jr. (Buddy)",democrat,-0.038100504206733596,-0.003177185884030915
"SMITH, Lawrence Jack",democrat,-0.06443834253612263,-0.006222345803975301
"GRANT, James William",democrat,-0.059035298602617865,0.01652982379616237
"BARNARD, Druie Douglas, Jr.",democrat,-0.03912199758668451,0.030315420668613337
"JENKINS, Edgar Lanier (Ed)",democrat,-0.053556085699869846,0.022440077520095542
"GINGRICH, Newton Leroy",republican,0.0041263398623655806,0.08549996161057397
"HATCHER, Charles Floyd",democrat,-0.056222232167620054,0.0174945711365329
"RAY, Richard Belmont",democrat,-0.03683068593321715,0.02453565236636158
"ROWLAND, James Roy, Jr.",democrat,-0.05933822525885215,0.020376228865339994
"THOMAS, Robert Lindsay",democrat,-0.05984174776221139,0.021520175461851428
"DARDEN, George (Buddy)",democrat,-0.05601596693611672,0.025655046599523567
"SWINDALL, Patrick Lynn",republican,0.014447365587036525,0.08338603359443873
"LEWIS, John R.",democrat,-0.0660686901467985,-0.02011454296535836
"AKAKA, Daniel Kahikina",democrat,-0.06400127506576109,-0.010839997089692655
"SAIKI, Patricia",republican,-0.029009768513713587,0.058669939258243514
"CRAIG, Larry Edwin",republican,0.011300378922197048,0.07734338323372358
"STALLINGS, Richard Howard",democrat,-0.054142492394516545,0.019388574195380894
"MICHEL, Robert Henry",republican,0.0017194996127887104,0.07884735968671719
"PRICE, Charles Melvin",democrat,-0.03622096510095003,-0.01247576324712039
"ROSTENKOWSKI, Daniel David",democrat,-0.06008190830791681,-0.0012529792335271947
"YATES, Sidney Richard",democrat,-0.061013319507858016,-0.021250408631903552
"ANNUNZIO, Frank",democrat,-0.05849895271190814,-0.0006474789862318842
"CRANE, Philip Miller",republican,0.031944358084519404,0.060533194421220016
"MADIGAN, Edward Rell",republican,-0.0020642854725928415,0.07549458978720781
"COLLINS, Cardiss",democrat,-0.06017662794421353,-0.02080959254176151
"HYDE, Henry John",republican,-0.0037318522271266538,0.08069409224787392
"RUSSO, Martin Anthony",democrat,-0.057273592239879226,-0.003187430790382141
"PORTER, John Edward",republican,-0.012702627920370288,0.07216757006295277
"MARTIN, Lynn Morley",republican,0.0052953117239484425,0.08010102923044343
"SAVAGE, Gus",democrat,-0.057588398775012345,-0.022781110681637653
"DURBIN, Richard Joseph",democrat,-0.06625242497313723,-0.011983365768538656
"EVANS, Lane Allen",democrat,-0.06737857421698533,-0.02132332823672983
"LIPINSKI, William Oliver",democrat,-0.05360208278200552,0.01260591286278464
"HAYES, Charles Arthur",democrat,-0.06254250544860267,-0.0266421552635281
"BRUCE, Terry Lee",democrat,-0.06646593217708821,-0.0062666217126550825
"FAWELL, Harris W.",republican,-0.0022870148752720735,0.07198847163596153
"GRAY, Kenneth James",democrat,-0.056540736808938605,-0.01056519790164686
"DAVIS, Jack",republican,0.005800172180837156,0.07562521946040668
"HASTERT, John Dennis",republican,0.005596377879372098,0.08773696639006758
"COSTELLO, Jerry Francis",democrat,-0.013618215594869063,0.006932265085016012
"HAMILTON, Lee Herbert",democrat,-0.06508240674314542,0.005654383986404485
"JACOBS, Andrew, Jr.",democrat,-0.035106714732844366,0.011457762048684018
"MYERS, John Thomas",republican,-0.02232238974233964,0.06299642932988693
"SHARP, Philip Riley",democrat,-0.06130447681672238,0.008120292335677393
"COATS, Daniel Ray",republican,-0.008317885873769191,0.08256288614629506
"HILER, John Patrick",republican,0.0023164938420927074,0.08913890042143527
"BURTON, Danny Lee",republican,0.022509333656340075,0.08011453331387614
"McCLOSKEY, Francis Xavier",democrat,-0.06840649494701227,-0.00682922626606616
"VISCLOSKY, Peter",democrat,-0.06702722712812466,-0.010545759728516511
"JONTZ, James Prather",democrat,-0.06691376846881511,-0.01240021631368961
"SMITH, Neal Edward",democrat,-0.0624149374447311,-0.0034374259437626813
"LEACH, James Albert Smith",republican,-0.019010078151200222,0.050327648902000276
"TAUKE, Thomas Joseph",republican,-0.002606020792800869,0.06923998027748303
"LIGHTFOOT, James Ross",republican,0.003352469494792942,0.0804280745137617
"GRANDY, Frederick Lawrence",republican,-0.009513103215963216,0.07058173865576464
"NAGLE, David Ray",democrat,-0.06522006954144889,-0.008459466467785798
"GLICKMAN, Daniel Robert",democrat,-0.06080728073834509,0.00962740038777412
"WHITTAKER, Robert Russell",republican,-0.0006796509258389606,0.08092159026692686
"ROBERTS, Charles Patrick (Pat)",republican,0.003829343974211014,0.08134643768858038
"SLATTERY, James Charles",democrat,-0.05591649048751034,0.01575529114814044
"MEYERS, Jan",republican,-0.014246309288991711,0.07278080902011326
"NATCHER, William Huston",democrat,-0.06866666066752433,-0.0027152882076428597
"MAZZOLI, Romano Louis",democrat,-0.06359849712717383,0.007355903626638525
"HUBBARD, Carroll, Jr.",democrat,-0.04791205637507761,0.028688996571592726
"HOPKINS, Larry Jones",republican,0.00044919331825137373,0.08428445733166033
"ROGERS, Harold Dallas (Hal)",republican,-0.007140135746259496,0.08206060037039786
"PERKINS, Carl Christopher",democrat,-0.06549304264219061,-0.015357186118561184
"BUNNING, James Paul David",republican,0.011195815948662736,0.08769392301350078
"BOGGS, Corinne Claiborne (Lindy)",democrat,-0.06517294766512394,-0.0014377612281210716
"HUCKABY, Thomas Jerald",democrat,-0.046427656844642486,0.033394122758882094
"LIVINGSTON, Robert Linlithgow, Jr.",republican,-0.005931492830302459,0.059187686405749125
"TAUZIN, Wilbert Joseph (Billy)",democrat,-0.03827146070947854,0.028702362981604387
"ROEMER, Charles Elson (Buddy), III",democrat,-0.0016088349356962958,0.007757282261224055
"BAKER, Richard Hugh",republican,-0.003913525868369666,0.08148645579155084
"HAYES, James Allison",democrat,-0.056586144787841186,0.017873714424341925
"HOLLOWAY, Clyde Cecil",republican,0.0016564756331919057,0.07505636474357057
"McCRERY, James O., III",republican,-0.008643972891602932,0.036218466216604815
"SNOWE, Olympia Jean",republican,-0.03442963732280229,0.05112834181611685
"BRENNAN, Joseph Edward",democrat,-0.0676904542763295,-0.007487857204305194
"BYRON, Beverly Barton Butcher",democrat,-0.04678306894401941,0.03541196866704117
"DYSON, Royden Patrick",democrat,-0.054715922747768944,0.020411724908043237
"HOYER, Steny Hamilton",democrat,-0.06903876240880205,-0.013259290378473369
"BENTLEY, Helen Delich",republican,-0.008894662336185865,0.06857234488540816
"CARDIN, Benjamin Louis",democrat,-0.06778153982511902,-0.010186545671582108
"McMILLEN, Charles Thomas",democrat,-0.06931150789608993,0.00041540413111191643
"MFUME, Kweisi",democrat,-0.06825403748281066,-0.013431086310812444
"MORELLA, Constance A.",republican,-0.04712904455020766,0.021161119258546576
"BOLAND, Edward Patrick",democrat,-0.06113647875622929,-0.005958598630108491
"CONTE, Silvio Ottavio",republican,-0.0507093596393574,0.019939950533835297
"MOAKLEY, John Joseph",democrat,-0.06877665708550806,-0.01310653562335484
"STUDDS, Gerry Eastman",democrat,-0.06511594892185,-0.022615394064921437
"EARLY, Joseph Daniel",democrat,-0.05954406095473731,-0.010068230010678737
"MARKEY, Edward John",democrat,-0.06651494035550143,-0.020876428556743674
"DONNELLY, Brian Joseph",democrat,-0.058757200665090444,-0.01152501206055486
"MAVROULES, Nicholas James",democrat,-0.0655883035095841,-0.00824076566646883
"FRANK, Barney",democrat,-0.059371506153981256,-0.022749652178972752
"ATKINS, Chester Greenough",democrat,-0.06644711975005012,-0.02058234029965746
"KENNEDY, Joseph Patrick, II",democrat,-0.06626563993046394,-0.017019319744285482
"BROOMFIELD, William S.",republican,-0.014040904924065886,0.0728004771570142
"DINGELL, John David, Jr.",democrat,-0.06280329706652328,-0.014474354643352743
"CONYERS, John, Jr.",democrat,-0.05539917709872676,-0.023415313155702742
"FORD, William David",democrat,-0.06132738226925231,-0.017068207592990405
"VANDER JAGT, Guy Adrian",republican,-0.00973399038546717,0.07823824095587704
"TRAXLER, Jerome Bob",democrat,-0.06335613569202557,-0.00887199525771618
"CARR, Milton Robert (Bob)",democrat,-0.06090149033429858,-0.0007963382906975723
"BONIOR, David Edward",democrat,-0.06293895004847015,-0.014123452801012328
"KILDEE, Dale Edward",democrat,-0.06918704802683753,-0.01793976249563605
"PURSELL, Carl Duane",republican,-0.025694590793248602,0.05809255985617669
"DAVIS, Robert William",republican,-0.04216817984153646,0.04069294426365894
"WOLPE, Howard Eliot, III",democrat,-0.06729582954265644,-0.01470070105802243
"CROCKETT, George William, Jr.",democrat,-0.0540383087388607,-0.021227153423277346
"HERTEL, Dennis Mark",democrat,-0.06671734716717345,-0.011331655051080185
"LEVIN, Sander Martin",democrat,-0.06944198705698633,-0.014916031949863552
"HENRY, Paul B.",republican,-0.0039243046135809204,0.07030408583734378
"SCHUETTE, Bill",republican,-0.012397456284647968,0.07669735645067415
"UPTON, Frederick Stephen",republican,0.00274737328809529,0.08270913416169381
"FRENZEL, William Eldridge",republican,0.004167499208708839,0.06025099006257567
"OBERSTAR, James Louis",democrat,-0.06511188571061645,-0.01996804488343887
"VENTO, Bruce Frank",democrat,-0.0671994738910092,-0.018953194715881593
"STANGELAND, Arlan Ingehart",republican,0.00039198710244378197,0.08029349741233173
"SABO, Martin Olav",democrat,-0.06738349172899148,-0.017714883437907974
"WEBER, John Vincent (Vin)",republican,0.000528440051244799,0.08315040901363364
"PENNY, Timothy Joseph",democrat,-0.03614489350827036,0.023388546118557275
"SIKORSKI, Gerald Edward",democrat,-0.051913788881734674,-0.0071732392176345125
"WHITTEN, Jamie Lloyd",democrat,-0.06414707292906663,-6.74043083134833e-05
"MONTGOMERY, Gillespie V. (Sonny)",democrat,-0.04636681715906469,0.03831240585934561
"LOTT, Chester Trent",republican,0.0015572688876728255,0.07056976648877542
"DOWDY, Charles Wayne",democrat,-0.040786454703656,0.004763262926491114
"ESPY, Alphonso Michael (Mike)",democrat,-0.06320209844304396,-0.0072385951448241505
"CLAY, William Lacy, Sr.",democrat,-0.04397605756467618,-0.017306194896533688
"TAYLOR, Gene",republican,-0.012377022151572764,0.0636329698892034
"COLEMAN, Earl Thomas",republican,-0.010192308619099956,0.08075594019611329
"GEPHARDT, Richard Andrew",democrat,-0.033459626567012624,-8.658152240001024e-05
"SKELTON, Isaac Newton, IV (Ike)",democrat,-0.05102382955146779,0.024585345709525586
"VOLKMER, Harold Lee",democrat,-0.05853062205003336,0.01444813327007001
"EMERSON, Norvell William (Bill)",republican,-0.003248216182198285,0.08136954692406033
"WHEAT, Alan Dupree",democrat,-0.05987882788619121,-0.01937083269950452
"BUECHNER, John William (Jack)",republican,-7.602392995177268e-05,0.0802934597792542
"MARLENEE, Ronald Charles",republican,0.011003085151793629,0.0765852982366149
"WILLIAMS, John Patrick",democrat,-0.05461023329178086,-0.01246637132535742
"SMITH, Virginia Dodd",republican,-0.02154594245094181,0.07120320813456035
"BEREUTER, Douglas Kent",republican,-0.01694636213450594,0.06980436306613208
"DAUB, Harold John, Jr., (Hal)",republican,0.006641035451547896,0.07178846294344143
"VUCANOVICH, Barbara Farrell",republican,0.01030916026390604,0.08317913596767262
"BILBRAY, James Hubert",democrat,-0.06271746868407035,0.011529339676381693
"GREGG, Judd Alan",republican,0.011988904958557223,0.06792568217932839
"SMITH, Robert C.",republican,0.020782786930661754,0.08064556592021135
"RODINO, Peter Wallace, Jr.",democrat,-0.06386720983893951,-0.02003552593254224
"HOWARD, James John",democrat,-0.03668583585430772,-0.014176623931928378
"ROE, Robert A.",democrat,-0.06462088520107,-0.0020480216393590806
"RINALDO, Matthew John",republican,-0.04358113171099872,0.0467031282823472
"FLORIO, James Joseph",democrat,-0.0619556018519637,-0.00891798065222454
"HUGHES, William John",democrat,-0.061347304159288976,0.004789857615080854
"COURTER, James Andrew",republican,-0.010733625191138898,0.06696260227099515
"GUARINI, Frank Joseph, Jr.",democrat,-0.06415460079137256,-0.006295580344430377
"DWYER, Bernard James",democrat,-0.06862554194174467,-0.007447313953188998
"ROUKEMA, Margaret Scafati",republican,-0.02042351151526639,0.06183317952199292
"SMITH, Christopher Henry",republican,-0.04476820414503408,0.046899686028407425
"TORRICELLI, Robert Guy",democrat,-0.06357127037926101,-0.002978768989061805
"GALLO, Dean Anderson",republican,-0.012499494804469886,0.07721373428018338
"SAXTON, Hugh James",republican,-0.01544369414821432,0.07918930114430643
"LUJÁN, Manuel, Jr.",republican,-0.009765912111894419,0.07063491995535255
"SKEEN, Joseph Richard",republican,-0.007379780037083922,0.07591006470544547
"RICHARDSON, Bill",democrat,-0.06569645134091343,0.0016768255485674142
"STRATTON, Samuel Studdiford",democrat,-0.04698627462210876,0.021983481863858144
"HORTON, Frank Jefferson",republican,-0.04778152492353114,0.02839668058306809
"SCHEUER, James Haas",democrat,-0.058846533537415896,-0.012248782767516574
"BIAGGI, Mario",democrat,-0.018767985692846566,-0.009619432610732946
"FISH, Hamilton, Jr.",republican,-0.04325226638917661,0.04097225077899244
"KEMP, Jack French",republican,0.0012785877094335957,0.03287382596397747
"LENT, Norman Frederick",republican,-0.025899130531222156,0.06409496487331437
"RANGEL, Charles B.",democrat,-0.05885229019268789,-0.018967160672130036
"GILMAN, Benjamin Arthur",republican,-0.044842086667716954,0.0376701612566237
"DOWNEY, Thomas Joseph",democrat,-0.06755227338908176,-0.014438863265237275
"LaFALCE, John Joseph",democrat,-0.06301582592068065,-0.0038804536656102404
"McHUGH, Matthew Francis",democrat,-0.06659895182553859,-0.013008749607164142
"NOWAK, Henry James",democrat,-0.06805135137293913,-0.0090667034869753
"SOLARZ, Stephen Joshua",democrat,-0.06647475350194085,-0.012355023556246554
"WEISS, Theodore S.",democrat,-0.05735899147600848,-0.02271240922610099
"GARCIA, Robert",democrat,-0.05767569530938424,-0.015561085422526712
"GREEN, Sedgwick William (Bill)",republican,-0.043516306692384016,0.024575550140142833
"SOLOMON, Gerald Brooks Hunt",republican,0.014593847649958254,0.08003342354461428
"MARTIN, David O'Brien",republican,-0.020581164609522987,0.06752449910873246
"McGRATH, Raymond Joseph",republican,-0.01727909319371035,0.06459855920919783
"MOLINARI, Guy Victor",republican,-0.0066345218105876656,0.0726373750109967
"SCHUMER, Charles Ellis (Chuck)",democrat,-0.06435763733128645,-0.015190885869415985
"WORTLEY, George Cornelius",republican,-0.019003220956121225,0.0614138186193115
"ACKERMAN, Gary Leonard",democrat,-0.06471380887480875,-0.02100079775295338
"BOEHLERT, Sherwood Louis",republican,-0.029933492993986496,0.04587984958790683
"MRAZEK, Robert Jan",democrat,-0.06327915509380497,-0.01634224536655299
"OWENS, Major Robert Odell",democrat,-0.058400977402902926,-0.02175359088286445
"TOWNS, Edolphus",democrat,-0.05652969956929187,-0.017199633533059668
"DioGUARDI, Joseph J.",republican,-0.010198700426118992,0.07530458605605529
"MANTON, Thomas J.",democrat,-0.06544786486350194,-0.01154984573639604
"FLAKE, Floyd Harold",democrat,-0.06052831631268623,-0.012378100076371818
"HOCHBRUECKNER, George Joseph",democrat,-0.06654496349139166,-0.006166958771275571
"HOUGHTON, Amory, Jr.",republican,-0.021846331613678303,0.0660787310810593
"SLAUGHTER, Louise McIntosh",democrat,-0.06412375311491053,-0.003281006127474045
"JONES, Walter Beaman, Sr.",democrat,-0.05940024618279152,-0.004289077888393149
"ROSE, Charles Grandison, III",democrat,-0.0599515925194899,0.00035569554020279136
"HEFNER, Willie Gathrel (Bill)",democrat,-0.06027037443471186,0.008587828007756683
"NEAL, Stephen Lybrook",democrat,-0.05709604303044051,0.010157554738942053
"CLARKE, James McClure",democrat,-0.06287251037269515,0.005926304960634219
"VALENTINE, Itimous Thaddeus, Jr., (Tim)",democrat,-0.05338414759295066,0.02669141038915165
"COBLE, Howard",republican,0.0054788341416733555,0.08682074527156487
"McMILLAN, John Alexander, III (Alex)",republican,-0.008593291002882099,0.08373963672577775
"BALLENGER, Cass",republican,0.006700470055279118,0.0882199548956426
"LANCASTER, H. Martin",democrat,-0.057530971976267505,0.019402869923134197
"PRICE, David Eugene",democrat,-0.06477719753801048,0.007119543477452146
"DORGAN, Byron Leslie",democrat,-0.059159666908326254,-0.0029739160837161985
"LATTA, Delbert Leroy",republican,0.0038464495018871838,0.07490487667751877
"LUKENS, Donald Edgar",republican,0.014825755450583117,0.0742246801952844
"MILLER, Clarence E.",republican,-0.003305991080822258,0.07864954455914337
"WYLIE, Chalmers Pangburn",republican,-0.020573940978045737,0.07152855325754355
"STOKES, Louis",democrat,-0.061334690158568406,-0.019172039973738057
"REGULA, Ralph Straus",republican,-0.02612329955330603,0.06414623885947947
"LUKEN, Thomas Andrew",democrat,-0.05985706906385861,0.007787479730583553
"GRADISON, Willis David, Jr.",republican,-0.016112112160044382,0.06497145103383177
"APPLEGATE, Douglas Earl",democrat,-0.05404381415959149,0.015971267614329505
"OAKAR, Mary Rose",democrat,-0.06480745461063295,-0.012261419876812276
"PEASE, Donald James",democrat,-0.06444853961853915,-0.008838929448370279
"HALL, Tony Patrick",democrat,-0.05722091674953551,-0.00019979763415959825
"ECKART, Dennis Edward",democrat,-0.06477520416126302,-0.0022666763351325003
"McEWEN, Bob",republican,-0.00387482571899041,0.06918432354793166
"OXLEY, Michael Garver",republican,0.00012965965706696753,0.08173523058747617
"DeWINE, Michael",republican,-0.0027556009622287463,0.08562579153327178
"FEIGHAN, Edward Farrell",democrat,-0.0651344405642554,-0.00785180396498569
"KAPTUR, Marcia Carolyn (Marcy)",democrat,-0.06270999262450926,-0.005627135455796867
"KASICH, John Richard",republican,-0.01176151461361899,0.07909095201315762
"TRAFICANT, James A., Jr.",democrat,-0.0642082346257588,-0.008275921702907483
"SAWYER, Thomas Charles",democrat,-0.06955050690956031,-0.010692890608781293
"ENGLISH, Glenn Lee, Jr.",democrat,-0.04812970358100803,0.03274138843723434
"EDWARDS, Marvin Henry (Mickey)",republican,0.0023271640583805418,0.08313705050847933
"WATKINS, Wesley Wade",democrat,-0.055996131948257234,0.015794021316133458
"SYNAR, Michael Lynn",democrat,-0.06647947405693964,-0.010469944719658208
"McCURDY, David Keith",democrat,-0.05634413031990111,0.013142902719783689
"INHOFE, James Mountain",republican,0.010607085351448326,0.08652643076291255
"AuCOIN, Les",democrat,-0.05847733999664135,-0.00903710091809325
"SMITH, Dennis Alan (Denny)",republican,0.020717668908006946,0.07545842026966378
"WYDEN, Ronald Lee",democrat,-0.06513986595379699,-0.005621941967020644
"SMITH, Robert Freeman",republican,0.00031510605008191,0.08022421020358873
"DeFAZIO, Peter Anthony",democrat,-0.05894415695392369,-0.014172438598610804
"McDADE, Joseph Michael",republican,-0.034970371477035016,0.050171750126589115
"GAYDOS, Joseph Matthew",democrat,-0.060887509628465016,0.0035807230616490457
"COUGHLIN, Robert Lawrence",republican,-0.01864723951156358,0.059246298576657364
"YATRON, Gus",democrat,-0.06427564781181841,0.008966833154829311
"SHUSTER, E. G. (Bud)",republican,-0.006207737543461501,0.07472678809862103
"MURTHA, John Patrick, Jr.",democrat,-0.0613677755538094,0.008089695032765767
"SCHULZE, Richard Taylor",republican,-0.019244048448650918,0.06734737023215909
"GOODLING, William Franklin",republican,-0.008195395827014135,0.07088894290654028
"KOSTMAYER, Peter Houston",democrat,-0.06666645696912736,-0.013249396151315245
"MURPHY, Austin John",democrat,-0.04476954350092421,0.018663629225696116
"WALGREN, Douglas",democrat,-0.06514075924456125,-0.008402608971064832
"WALKER, Robert Smith",republican,0.022645931813812966,0.0797406128642006
"CLINGER, William Floyd, Jr.",republican,-0.02371456800121731,0.06438136052335272
"GRAY, William Herbert, III",democrat,-0.06066266612752182,-0.013829805783363337
"RITTER, Donald Lawrence",republican,-0.014920439900603785,0.07152018217296793
"COYNE, William Joseph",democrat,-0.06670833458627205,-0.017847142154980192
"FOGLIETTA, Thomas Michael",democrat,-0.06152129246935126,-0.011459462919420151
"BORSKI, Robert Anthony, Jr.",democrat,-0.06898593106833628,-0.00873450374335789
"GEKAS, George William",republican,0.012392103563803835,0.08210885076648108
"KOLTER, Joseph Paul",democrat,-0.05891763680043284,0.0023934857856477494
"RIDGE, Thomas Joseph",republican,-0.01745216091156762,0.056199045897281245
"KANJORSKI, Paul E.",democrat,-0.06615389601826106,-0.00015418944886305246
"WELDON, Wayne Curtis (Curt)",republican,-0.018564732918175734,0.07126803782792251
"ST. GERMAIN, Fernand Joseph",democrat,-0.06224451469026765,-0.009714562503572059
"SCHNEIDER, Claudine",republican,-0.04133762889778246,0.027954857261515767
"SPENCE, Floyd Davidson",republican,-0.009161352501639002,0.05868413901639304
"DERRICK, Butler Carson, Jr.",democrat,-0.060921314771961665,0.00848263854485513
"SPRATT, John McKee, Jr.",democrat,-0.061266344068320114,0.010869681117728968
"TALLON, Robert Mooneyhan, Jr. (Robin)",democrat,-0.05231246399277046,0.02998614284241415
"PATTERSON, Elizabeth J.",democrat,-0.05565001058332464,0.022476632273676116
"RAVENEL, Arthur, Jr.",republican,-0.03044219336881614,0.06751305945525006
"JOHNSON, Timothy Peter (Tim)",democrat,-0.061589687710245776,0.008251251822653252
"QUILLEN, James Henry",republican,-0.021836391106938666,0.05964522138626879
"DUNCAN, John James",republican,-0.010832715099205215,0.033514085592547725
"JONES, Ed",democrat,-0.049908932427320085,0.0033792606761444692
"FORD, Harold Eugene",democrat,-0.04596313894969666,-0.009665225085238646
"LLOYD, Marilyn Laird",democrat,-0.04530362105557313,0.030550796554306207
"BONER, William Hill",democrat,-0.009124711884623462,-0.002160792448751965
"COOPER, James Hayes Shofner",democrat,-0.06190531512054651,0.00680195124560356
"SUNDQUIST, Donald Kenneth",republican,0.0014415510844277282,0.08486749785360105
"GORDON, Barton Jennings",democrat,-0.06558858906092427,0.0034220535638994154
"CLEMENT, Robert Nelson",democrat,-0.031060788768545115,0.010652433556809188
"BROOKS, Jack Bascom",democrat,-0.062233406593169886,-0.00988861509468527
"WRIGHT, James Claude, Jr.",democrat,-0.0011681177066553358,-0.001152831618224625
"GONZÁLEZ, Henry B.",democrat,-0.06254625418114677,-0.023006389312176842
"PICKLE, James Jarrell (Jake)",democrat,-0.05772305940199999,0.0027757450490082033
"de la GARZA, Eligio, II (Kika)",democrat,-0.05827679473911253,0.005632018979794371
"ARCHER, William Reynolds, Jr.",republican,0.006632490520875882,0.07522153898268431
"WILSON, Charles",democrat,-0.04891206951980428,0.016072498805782365
"FROST, Jonas Martin",democrat,-0.06215187988189659,-0.0030466008414254107
"LEATH, James Marvin",democrat,-0.03757862796818798,0.03407221527593515
"LELAND, George Thomas (Mickey)",democrat,-0.05663562340807615,-0.021226600189737883
"STENHOLM, Charles Walter",democrat,-0.02705448313481261,0.05330400257599526
"FIELDS, Jack Milton, Jr.",republican,0.01521586855443315,0.08549796359252729
"HALL, Ralph Moody",democrat,-0.03264405721000815,0.052916555118399565
"ANDREWS, Michael Allen",democrat,-0.06016272413807314,0.01937034647868273
"BARTLETT, Harry Stephen (Steve)",republican,0.0009300139453510379,0.07541118405692233
"BRYANT, John Wiley",democrat,-0.065775188814394,-0.0049702808859181605
"COLEMAN, Ronald D'Emory",democrat,-0.06756050587872527,-0.00457425301430029
"ORTIZ, Solomon P.",democrat,-0.060051243520914344,0.003018956987843538
"BARTON, Joe Linus",republican,0.018296251311380934,0.07653359199955695
"BOULTER, Eldon Beau",republican,0.010130559192340563,0.049249861850621024
"BUSTAMANTE, Albert G.",democrat,-0.06427729209680137,-0.00426416809205
"COMBEST, Larry Ed",republican,-0.0023027159017760084,0.07218824246106993
"DeLAY, Thomas Dale",republican,0.022803262366591668,0.07235582545358582
"SWEENEY, David McCann (Mac)",republican,-0.0023018925593817127,0.06798914650473671
"ARMEY, Richard Keith",republican,0.023356687213073508,0.07932033280133904
"CHAPMAN, Jim",democrat,-0.05713182026102716,0.020678968635901296
"SMITH, Lamar Seeligson",republican,0.001331351448729646,0.08519773492575237
"OWENS, Douglas Wayne",democrat,-0.06407566086993383,-0.000621049398913462
"HANSEN, James Vear",republican,0.010215682286424598,0.07865954907393626
"NIELSON, Howard Curtis",republican,0.011704780493569026,0.07421357229115663
"JEFFORDS, James Merrill",republican,-0.0437405471432776,0.027186266316681536
"DANIEL, Wilbur Clarence (Dan)",democrat,-0.008154199810700074,0.018545459458764065
"PARRIS, Stanford E.",republican,-0.008078842113494604,0.07517272208781413
"BLILEY, Thomas Jerome, Jr.",republican,-1.5362648956329626e-05,0.08427062911541498
"WOLF, Frank Rudolph",republican,-0.010391765635173342,0.07846720620659269
"BATEMAN, Herbert Harvell",republican,-0.020407392464872318,0.07036128092807226
"BOUCHER, Frederick C.",democrat,-0.06543142445151005,-0.005610247292017106
"OLIN, James R.",democrat,-0.055481261268927266,0.0060307793780016595
"SISISKY, Norman",democrat,-0.05752470904943085,0.015835891999916436
"SLAUGHTER, Daniel French, Jr.",republican,-0.0029939458804210677,0.08504257247377879
"PICKETT, Owen Bradford",democrat,-0.061904387332371025,0.011642500934849332
"PAYNE, Lewis Franklin, Jr.",democrat,-0.01823144181437504,0.009823576310751666
"FOLEY, Thomas Stephen",democrat,-0.06560023556601881,-0.011334193688926547
"BONKER, Don Leroy",democrat,-0.05950504184021204,-0.008380315113435352
"DICKS, Norman DeValois",democrat,-0.06678013624170442,-0.0030038172928204725
"LOWRY, Michael Edward",democrat,-0.05855016058152639,-0.022330168173092305
"SWIFT, Allan Byron",democrat,-0.0665724701730245,-0.012615303247800832
"MORRISON, Sidney Wallace",republican,-0.031065389364911457,0.05942589536351001
"CHANDLER, Rodney Dennis",republican,-0.009316016545299562,0.07314245763460937
"MILLER, John Ripin",republican,-0.028578256567539193,0.055888291949806795
"RAHALL, Nick Joe, II",democrat,-0.06221476277483354,-0.0032544138002248233
"STAGGERS, Harley Orrin, Jr.",democrat,-0.06741479272740436,-0.005722667415611926
"WISE, Robert Ellsworth, Jr.",democrat,-0.06643327457197204,-0.0036017012379860923
"MOLLOHAN, Alan Bowlby",democrat,-0.06052818672886385,0.008885504527079854
"KASTENMEIER, Robert William",democrat,-0.06436006477228975,-0.019768323516849203
"OBEY, David Ross",democrat,-0.0643213300704449,-0.019598345395382674
"ASPIN, Leslie",democrat,-0.05895740453266589,-0.005774264348136008
"ROTH, Toby A.",republican,-0.0015021335364730438,0.0768063590170991
"SENSENBRENNER, Frank James, Jr.",republican,0.017341629128881642,0.07568976606256418
"PETRI, Thomas Evert",republican,-0.0099280810758653,0.06381625439069606
"GUNDERSON, Steven Craig",republican,-0.02232382301205673,0.0696474171181022
"MOODY, Jim",democrat,-0.05301634848851048,-0.014368103263717335
"KLECZKA, Gerald Daniel",democrat,-0.06398747458523728,-0.013427383703470575
"CHENEY, Richard Bruce",republican,0.01263183101320028,0.06754530021038842
"SHELBY, Richard C.",democrat,-0.02006580548764328,0.00843315518214191
"HEFLIN, Howell Thomas",democrat,-0.01570404383466958,0.003789180646281756
"STEVENS, Theodore Fulton (Ted)",republican,-0.011266676714281906,0.008528218011598828
"MURKOWSKI, Frank Hughes",republican,-0.009770408092533215,0.003914254624096386
"DeCONCINI, Dennis Webster",democrat,-0.019810051348573898,0.004944069208786564
"McCAIN, John Sidney, III",republican,-0.005686710443532089,0.00028203591560023043
"PRYOR, David Hampton",democrat,-0.020184704437532612,0.012459328063090996
"BUMPERS, Dale",democrat,-0.02070979346280849,0.007132720060978321
"CRANSTON, Alan",democrat,-0.020848553664890027,0.013991435544566014
"WILSON, Pete",republican,-0.0059599659965809135,0.00256413484459509
"ARMSTRONG, William Lester",republican,-0.00500104397625714,-0.002894012000142341
"WIRTH, Timothy E.",democrat,-0.021491012199910873,0.013194004064677519
"WEICKER, Lowell Palmer, Jr.",republican,-0.01313336639810798,0.00777167701611948
"DODD, Christopher John",democrat,-0.020000361666132584,0.010020072542121073
"ROTH, William Victor, Jr.",republican,-0.008960338393913083,0.00544479388057214
"BIDEN, Joseph Robinette, Jr.",democrat,-0.009689608262235121,0.0028616733860301422
"CHILES, Lawton Mainor, Jr.",democrat,-0.02165372235298337,0.008468064636773255
"GRAHAM, Daniel Robert (Bob)",democrat,-0.024863302889802676,0.012030949628355323
"NUNN, Samuel Augustus",democrat,-0.024692717148677865,0.009854917168717758
"FOWLER, Wyche, Jr.",democrat,-0.023202429787214356,0.011972653890634578
"INOUYE, Daniel Ken",democrat,-0.02405990678678934,0.010426458289045648
"MATSUNAGA, Spark Masayuki",democrat,-0.02225090306162283,0.009663097614781018
"McCLURE, James Albertus",republican,-0.0046708287051177785,-0.0007528201207381426
"SYMMS, Steven Douglas",republican,-0.00031617703488067756,-0.00034964030893072895
"SIMON, Paul Martin",democrat,-0.01258618352401331,0.009469093560418435
"DIXON, Alan John",democrat,-0.02164844856947434,0.010141893719044828
"QUAYLE, James Danforth (Dan)",republican,-0.004975528122998618,0.0015556565278919765
"LUGAR, Richard Green",republican,-0.012075987257923512,0.007293902906386358
"GRASSLEY, Charles Ernest",republican,-0.010811503237748245,0.005365114342069698
"HARKIN, Thomas Richard (Tom)",democrat,-0.019904497236459984,0.012325189495578946
"DOLE, Robert Joseph",republican,-0.013130385954274225,0.004662735657812254
"KASSEBAUM, Nancy Landon",republican,-0.011951867626165678,0.0017459466895326503
"FORD, Wendell Hampton",democrat,-0.024021948198257825,0.009387724512265246
"McCONNELL, Addison Mitchell (Mitch)",republican,-0.01046677581296638,0.003957603436954153
"BREAUX, John Berlinger",democrat,-0.02484873669878067,0.011697627476968106
"JOHNSTON, John Bennett, Jr.",democrat,-0.022211643288641766,0.011432548986720692
"COHEN, William Sebastian",republican,-0.016019943837488827,0.0059296347949187814
"MITCHELL, George John",democrat,-0.022456383854342874,0.011733446889236063
"SARBANES, Paul Spyros",democrat,-0.02309379666529519,0.012590130147031003
"MIKULSKI, Barbara Ann",democrat,-0.02173027010247778,0.014320545120047405
"KENNEDY, Edward Moore (Ted)",democrat,-0.022039734087584736,0.01039889247504572
"KERRY, John Forbes",democrat,-0.02210550325922241,0.012302733199007952
"RIEGLE, Donald Wayne, Jr.",democrat,-0.02194256787512046,0.010242897767624843
"LEVIN, Carl",democrat,-0.023056354829528256,0.011755211563469752
"BOSCHWITZ, Rudolph Eli (Rudy)",republican,-0.008597486870762373,0.007125559536476826
"DURENBERGER, David Ferdinand",republican,-0.016294465746610438,0.01026303461864758
"STENNIS, John Cornelius",democrat,-0.021921782410658994,0.009912465656155237
"COCHRAN, William Thad",republican,-0.014228049159295103,0.006044097493702512
"DANFORTH, John Claggett",republican,-0.01665167437712303,0.005064273516367033
"BOND, Christopher Samuel (Kit)",republican,-0.010214401273025583,0.002931338817311837
"MELCHER, John",democrat,-0.022417592140422448,0.012066142745603001
"BAUCUS, Max Sieben",democrat,-0.02190214004848612,0.012349580558990665
"ZORINSKY, Edward",democrat,-0.0010535992734309596,-0.0002935266135437581
"EXON, J. James",democrat,-0.021649244315647066,0.00992049724887296
"KARNES, David Kemp",republican,-0.010321767776495051,0.00453652027506487
"HECHT, Jacob Chic",republican,-0.003134759178733361,0.0033471755252062305
"REID, Harry",democrat,-0.023782633877292722,0.013358354179703207
"HUMPHREY, Gordon John",republican,-0.00029886276028395824,-0.004062738207996549
"RUDMAN, Warren Bruce",republican,-0.01084287629607572,0.002366644577003266
"BRADLEY, William Warren (Bill)",democrat,-0.019041758186983896,0.011358068234916096
"LAUTENBERG, Frank Raleigh",democrat,-0.021951436679511264,0.011783613624498743
"DOMENICI, Pete Vichi",republican,-0.013382234532372427,0.006797421435255535
"BINGAMAN, Jesse Francis, Jr. (Jeff)",democrat,-0.02079372419380044,0.011483787102819713
"MOYNIHAN, Daniel Patrick",democrat,-0.022748116052111973,0.010699107784061043
"D'AMATO, Alfonse Marcello",republican,-0.016165434516573575,0.0047726251434859505
"HELMS, Jesse",republican,-0.0009623793675157259,-0.004195978213062801
"SANFORD, (James) Terry",democrat,-0.02190775551514884,0.011838723378152853
"BURDICK, Quentin Northrup",democrat,-0.0220859320470425,0.015554002498329021
"CONRAD, Kent",democrat,-0.016943074675941465,0.012169285102923843
"METZENBAUM, Howard Morton",democrat,-0.021463225523143625,0.009567520957126223
"GLENN, John Herschel, Jr.",democrat,-0.021967951825928138,0.012892022451810516
"BOREN, David Lyle",democrat,-0.020326717621244033,0.0065700414907457665
"NICKLES, Donald Lee",republican,-0.006741999528754645,-0.0006386201238062242
"HATFIELD, Mark Odom",republican,-0.010835336680201943,0.010212040416040062
"PACKWOOD, Robert William",republican,-0.014675999863907217,0.011616488787600137
"HEINZ, Henry John, III",republican,-0.018212505111054787,0.010617472230941295
"SPECTER, Arlen",republican,-0.014685323017073305,0.009916176554027252
"PELL, Claiborne de Borda",democrat,-0.020668497578861886,0.010728460691760729
"CHAFEE, John Hubbard",republican,-0.012649607207964873,0.008030397557498263
"THURMOND, James Strom",republican,-0.010352917796257728,0.0016239016176136174
"HOLLINGS, Ernest Frederick",democrat,-0.016233472737404348,0.008873543689816419
"PRESSLER, Larry Lee",republican,-0.009089198691305884,0.004049511824523428
"DASCHLE, Thomas Andrew",democrat,-0.022421349920770235,0.009345849679874715
"GORE, Albert Arnold, Jr.",democrat,-0.013017531970014522,0.009067853969151484
"SASSER, James Ralph",democrat,-0.02166389562178616,0.011010426295097757
"BENTSEN, Lloyd Millard, Jr.",democrat,-0.021252227047726124,0.010025072555741359
"GRAMM, William Philip (Phil)",republican,-0.002860820853698563,0.0009590935123739873
"GARN, Edwin Jacob (Jake)",republican,-0.003229106870209243,0.0014959225521655034
"HATCH, Orrin Grant",republican,-0.007057731232783781,0.0074229985685031405
"STAFFORD, Robert Theodore",republican,-0.019626473775586285,0.014242773738574807
"LEAHY, Patrick Joseph",democrat,-0.022434016051672622,0.01109085215689374
"TRIBLE, Paul Seward, Jr.",republican,-0.011554402838334907,0.002328252338839091
"WARNER, John William",republican,-0.013463720420647099,0.006772341694519627
"ADAMS, Brockman (Brock)",democrat,-0.02206059924024141,0.01094983479049709
"EVANS, Daniel Jackson",republican,-0.006367503541404612,0.0036219132366061006
"BYRD, Robert Carlyle",democrat,-0.025197381848537842,0.010241105882176221
"ROCKEFELLER, John Davison IV (Jay)",democrat,-0.023168465913514583,0.01308677184586043
"PROXMIRE, William",democrat,-0.009258128310386676,0.0066439624701045185
"KASTEN, Robert Walter, Jr.",republican,-0.008964372753355121,0.0032063065505064836
"WALLOP, Malcolm",republican,0.0008889303235551717,-0.0014339333161614977
"SIMPSON, Alan Kooi",republican,-0.010133538885450636,0.008786788888369777
