0.9488630908427313,-0.9191845321548857
0.909792827814038,-0.9006566707536179
0.9322559706258244,-0.8991992515842092
-0.9308185805309601,0.8853486381432399
0.9272967874901434,-0.8909420887233969
0.24863812728915302,0.7598550623629337
-0.8222755867327792,-0.8573770225338396
-0.8197723564530631,-0.8606754127708983
-0.8821184428306411,0.8526273478653384
-0.8597662483955875,0.8487103918301201
-0.8822842437727386,0.8734881930010452
0.7343918996170544,-0.8636812375706993
-0.8574680376422578,-0.8841380803950873
-0.8535492809144483,-0.8956783989092408
-0.040920102821402037,-0.9811900833072308
-0.8660746601557238,-0.9053825673437719
-0.8547232640707273,-0.8948195367511602
-0.7816706615210095,-0.919930415072656
-0.842401170760378,-0.9194426973715245
-0.8404259619684998,-0.9157662004529606
-0.8269783241436233,-0.894635841183106
0.905795947948022,-0.9249474831489554
-0.821809509072692,-0.9409847587217315
-0.8808600097729778,-0.9217432866618007
-0.878708708983043,-0.9204005084741749
0.9439621286626667,-0.9246272224345286
-0.7866393165915604,0.8817408942489187
-0.7479366818687395,0.9137753540750839
-0.9108713395445225,0.9227292041345648
0.5832345787835412,-0.929508271309137
-0.8852812506161255,-0.9245439755255893
-0.8669775464905052,-0.9246956127463404
0.9401916715990767,-0.9293113950921278
-0.5464587039196637,-0.9675275168341252
-0.7923009160956043,0.9565954079609847
-0.7587026951982367,0.9578982888520607
0.5124745313528327,-0.980689996292424
-0.841827185626425,-0.8967630149004014
-0.8670495906065276,-0.9202128307680327
-0.8590833640480646,-0.9185217270523391
0.9085358701036544,-0.9152982404395938
-0.8530947823503071,-0.918725362806484
-0.9390488255715659,0.8916932133718161
-0.9172550256925704,0.8644109577647889
-0.8346204122085946,0.93266037873365
-0.9394918823750892,0.9238989452078072
0.8949485741555812,-0.8791462758867541
-0.8941961692071705,0.9149089218125009
-0.8212478341032178,0.9316297774114214
-0.9378220817288498,0.9031303992541234
-0.24266311724187709,-0.8625831738015124
-0.6126770300435567,-0.8766049168275768
-0.7978540688595009,-0.9256447623464212
-0.7735844147511892,-0.9080573851036152
0.8638851568403848,-0.611828032078225
0.5778582401943841,-0.8757117756561125
0.6453380811491674,-0.7575826603020887
0.7386998587280459,-0.1834241089826075
0.80744265183993,-0.7751353596555127
-0.5906600028706782,-0.8066309082577212
0.8797433486376268,-0.8414337472716382
0.31604475765287376,-0.39228304245656126
-0.883605948522685,0.9306730448662154
-0.907124237898301,-0.8534998026199905
-0.8093559765376616,-0.8470641588505614
-0.7782493428987124,-0.8531196838665818
-0.8191895682332603,-0.856530859815635
0.9294456072180924,-0.888299984845016
0.9208400985733607,-0.9018676536206354
0.9503912975687372,-0.9053125051967424
-0.8753624493427236,0.9291074994807192
-0.3275973907095671,-0.016818421933595146
-0.5490674723840495,0.6305654881894351
-0.8973228105389726,-0.8938264189902353
-0.932835812121052,0.9206901164567988
-0.5390685766495447,-0.9599946546662148
0.9597361513052755,-0.9318694327678473
0.9300651230060129,-0.920123400253454
-0.9193494832913045,-0.9244433472709287
-0.8828201903742434,-0.9191171213815698
-0.769237535661111,0.9215725604756358
0.985881608097599,0.08095365410368584
-0.896880392207685,-0.9042970976962392
-0.3583494165223159,0.9772883586249016
-0.09507216921500859,0.9661631112806356
-0.660018044167314,0.9685036929494428
0.9721497586047732,-0.847978414642224
-0.8260459924326263,-0.8922020184039717
0.06552229935626205,-0.6516723336551582
-0.8507514600345862,-0.8679019224626952
-0.8437588155475095,-0.8684909099454292
-0.8595975957284121,-0.8717215283718704
-0.8716214641870358,-0.9008725273624735
-0.8770946267003661,-0.8794891024174738
-0.9186070172972872,-0.7476305155757383
-0.8970838114355202,-0.9100006244887492
-0.9037965231941143,-0.9166114989749936
-0.9098659993876117,-0.9087622189985944
0.9033806496733123,-0.9428457729508951
-0.8836817866765858,0.9286828400080539
0.6050225710056789,-0.9790584165793828
0.45039959971757343,0.9398749142993525
0.951156159686771,-0.9201211957677196
0.9303507026980972,-0.9205536790168859
0.9209172365838949,-0.8786891828696551
-0.9476164595833504,0.9185126818908415
0.3080129811991897,-1.0
-0.846170566277237,-0.8913963643247648
-0.882446051245745,-0.9005357092156142
-0.862336110118027,-0.9001981732062705
0.8961376236434755,-0.9232817620973927
-0.9033259679769451,-0.9067866200570456
-0.8983631861841065,-0.9029965739509259
-0.7163402304479836,0.8848613225731136
-0.7313552837162274,0.8537857864290329
-0.5304930632235961,0.8513958598711634
-0.6852344877119907,0.9595515496940175
0.372902219016281,-0.6714461561012965
-0.13256033708403447,-0.9521816841514226
-0.45766410428022547,0.7092943820887346
-0.7481833798374786,0.767086840716282
-0.8019342436330289,0.922687202766303
-0.7955746606711237,0.7916698676873958
-0.9268890176314064,0.5841865475208919
-0.9838027256765564,0.12182695096512443
-0.9003722376809119,0.4106389232660377
-0.7679531225450724,0.7510812017487212
-0.877788033241347,0.7623240712256424
-0.815340805667439,0.9390669269042751
-0.6162049264733815,0.7172194031631006
0.6334780192165484,-0.8268516088245146
-0.8953614632105602,-0.8749455170295988
-0.9626470092492867,-0.3293955897154603
-0.557041561054564,-0.8276972290893757
-0.8688881306395273,-0.911829380418813
-0.6545360935741174,-0.9522419441980655
0.9580240051328871,-0.9282458139662196
0.8883105666129965,-0.9319387314199228
-0.8472236820266675,0.8718201875040027
-0.6768665342258074,0.8622457908292036
-0.662306421181123,0.8875192284943074
-0.7483424916336014,0.8992345341153607
0.5096080470445858,-0.9155785467297014
-0.913854696382951,-0.7583717056251592
0.9514811814071366,-0.9320613478732885
0.9339556845953407,-0.9302968740486176
-0.4028579893249436,-0.7454507788111268
0.9554439887417236,-0.8246711328710925
-0.6237701707454272,-0.7230423273687656
0.9387807458212587,-0.8982995350957379
-0.8781224577035533,-0.8998902702995673
-0.9329015438554449,0.9053208463700924
-0.9057842938319945,-0.8586325686691973
-0.8943072943335341,-0.9089583611063866
-0.877464762086258,-0.9108196461570292
-0.8653102478519686,-0.8798176548961905
-0.8947508243495927,-0.915232602279155
0.9343988232123519,-0.9112448837787851
-0.9485601166224583,0.9102222903949193
-0.3771740546885807,-0.9705445047216044
-0.6652309342999445,-0.9411627158736928
-0.8563368664095538,-0.9107067457409218
0.944624474532021,-0.9238572047706229
0.5003696297205745,-0.8989940767016686
-0.598357597375893,-0.9723424786452557
-0.9394053001879727,0.9203881736166831
0.2856132197771823,-0.8543186474747653
0.026060561911226347,0.9744328833882597
-0.7782625699438498,-0.920010275433886
-0.8010182179037257,-0.866171542683005
-0.8053256524430951,-0.8671205426330606
-0.8053821459417952,-0.8707771629897498
0.8841617684191443,-0.9070153070409254
0.8705821641306742,-0.8941950086242414
-0.923648448198398,0.6603156314844737
0.951792619394658,-0.40416334467106074
-0.7638915380776933,0.7560083232397112
-0.9273276204355638,0.6725734282069858
-0.8818849680197416,-0.9343028089987081
0.9509861918026854,-0.9203461667398792
0.32673349505998417,-0.9357385362867541
-0.8085564241164097,0.9356036731772429
-0.8232879616797661,-0.4981109778632153
0.7367873805477558,-0.880231773270442
-0.7907724375212735,0.9387141394763223
-0.9264620643688797,0.9276839478672978
-0.9375236806860108,0.9180115381080207
-0.8780445242737587,-0.927817491473376
0.9260553417334987,-0.8743158666864753
0.9219814823141399,0.07364021640611494
0.7413569793505862,-0.20813820221969936
0.6001895585454865,0.5678861340512147
-0.7962314254651706,0.8776692360497541
0.9249842903998846,-0.03377263117209568
-0.7758204350712617,0.2975050166847877
0.9431307591422374,0.20187521409213813
-0.8971320942837729,0.9145006587252624
-0.12759368490896192,-0.9009219491299351
-0.8514884790506951,-0.8470425521169973
-0.8273127677210985,-0.8487032392398007
-0.8541285094779424,-0.8500616257606524
0.905148054154959,-0.8896982661038737
-0.8826550837583426,0.5600853388451644
-0.9136023876849235,-0.9281670230484372
-0.8900654329862645,-0.9172358934708649
-0.13814602528113373,0.9672011212452842
-0.08147925883331267,0.5805901853606374
-0.627748688559155,0.8771133506840804
-0.6527272838530529,0.9389592435982809
-0.8762704617768337,-0.8660307229018013
0.9563789713353567,-0.9166609148788044
0.935712691208984,-0.9075613057696788
0.6967419724533839,-0.8685248402887175
-0.7621002201859763,-0.9461380958108963
-0.7330732033631685,0.7875707767602684
-0.9017901780703457,-0.9222154847991507
-0.026807488419113432,-0.9976303384190446
0.23966913656645605,0.6073751157720116
-0.2518108187069912,0.9610182779868922
-0.971605801364846,0.8652896222396553
-0.5702096048400462,-0.961907757712939
0.9297722206941212,-0.9086221981872982
-0.9303540484171889,0.7984083941659339
-0.5982143623629833,0.8771278875523429
-0.8862835970230533,-0.9291137376644149
-0.8923212823100783,0.9057540020848746
-0.8339478833279691,-0.9015712053730304
-0.8428478935746441,-0.9113272456812807
-0.860938515324516,0.6395916155708117
-0.4973535741343719,0.6614090364562409
-0.855144567904273,0.7035152472124364
-0.6889641807276369,0.14535351826440904
0.2933516116264319,0.3305108047842582
0.7415054567961402,0.5642569687151562
0.926565362034479,0.28785026400787705
0.9324421917451435,-0.4024354153985904
-0.8670114672038731,-0.8385002644582495
0.5162841290882423,0.6164801370767642
0.954019885291657,-0.8942831544481965
-0.7525193895277348,-0.8428512957544874
-0.7517125507492114,-0.8371233578589773
0.9016985195984822,-0.8990739977848415
-0.7595626451268893,0.7862511071745497
0.15405778025417216,0.16667649694642023
-0.9539392518828276,0.6340341515856429
0.2088898244900915,0.505056044340958
-0.6364599860546536,0.15072357712797754
0.9655860439093796,0.04221934450773603
0.4686252761910438,-0.5408902171030149
0.6730071020555772,0.8785030838369632
-0.539554785899577,0.7520800913410937
0.9495411669438089,-0.05611335936584675
-0.7362608304239163,0.6650579412122577
-0.4799252459709806,0.8789653381640314
-0.9478532584523477,0.8960188166854186
0.6503328475817985,-0.8188162256189009
-0.9566655598801689,0.6285561093214758
0.9442689642454553,0.3958142827978394
0.9611833576197506,0.22220674192608614
-0.911962730969092,-0.8368129262443795
0.8639902851207294,-0.6586196683800983
0.8168855190079972,0.18521266181494164
-0.8020137612320449,0.948252475092409
-0.40417485367379513,0.8904290708532799
-0.7680512428252163,0.8216093523920752
0.8810818515697809,-0.791382643959069
-0.8932924583903785,-0.883991258698147
0.9499920637693311,-0.9057045028586534
-0.757912348829945,-0.9341587801387732
-0.7408768174895539,-0.9311481805426922
-0.8162667434604195,-0.9243566500929301
0.9129577348584212,-0.9077525747211667
-0.5524612272016828,-0.916611125280564
-0.5782648280674265,-0.9110416150569269
-0.470277851868615,-0.9363457434570346
-0.8371124060616082,-0.8943947838939352
0.2779596969647806,-0.888487074480311
0.9058313350503517,0.01693753246525947
0.8963463557947295,0.09613116188884294
-0.866055803199097,0.8312776712965367
0.8322116438370728,-0.8630828768444468
-0.9108519485701682,0.8209841961374575
0.09464961342894933,0.9548512980092468
-0.3784185322816037,0.9455941033498498
-0.7861044544172557,0.8962281380323999
-0.7354760989041159,-0.9171747021892855
0.9593577426737024,-0.9122714536372667
-0.9233132066052948,0.9175683383207338
-0.7869732878989678,-0.9227929025839515
-0.9142199019452389,-0.9005693874002985
-0.909822292784466,-0.9090017725913885
-0.3373902993045124,0.9190506222706112
0.9225798524438557,-0.9005352243038369
0.8999340404969549,-0.897156924055093
0.24754880492356893,-0.8752854674173037
0.9343910853296378,-0.889280361704028
0.9184073991517325,-0.8963633522561252
-0.47342278192852283,0.9167294860650388
-0.26117358615333786,0.38661199446421685
0.744631195178319,0.13160896854485957
-0.8087984551270097,0.8985050103512733
-0.2535609136082044,-0.7946609065850473
0.9271608124038277,-0.9169867189888548
-0.9870029948495189,0.2344154694180948
-0.9387887754477876,0.8359509508240741
0.5065148196209013,-0.03298356397970671
0.9047413256717246,0.05121244258170344
-0.9123761916969327,0.6499525639636962
-0.7436019984521605,0.9187648802430136
-0.8615124188861415,-0.13078298652285547
-0.011399831246265622,-0.6657515099185753
0.9191025851463367,0.23022676917071053
-0.8854365340757342,0.87494586474916
0.8897670845969163,-0.2989002504670931
-0.8824391080743038,0.5535288681617437
0.8781774880556439,0.1376090763897274
-0.6992893612554526,0.8829818193661125
-0.8642925901919959,0.8193004531819811
-0.8901774593786903,0.8808924281274577
0.48647715365598404,-0.8420702762561028
-0.7736157944005988,-0.8140548060831034
-0.7649466454184355,-0.816809976185028
-0.8517673247200066,-0.8803831260380071
0.9072167054595179,-0.8904542613841454
0.5976746670727207,0.47861658112806393
-0.30229726291342623,-0.1613167821215928
0.9088929782834725,-0.8922386188666092
-0.7064953112611764,0.8194446640617659
-0.1303618677348247,-0.8413138157498554
-0.660207992288973,-0.04497522416084525
-0.6770165228176641,-0.17170643011186867
-0.04549138798870187,-0.6321297772338785
0.8917583743689567,0.06190909501010791
-0.8895240876118132,-0.7061024752117622
-0.9602204674001287,0.3178950179636151
0.9204617453274876,0.4593633202696547
-0.96089526852877,0.653496308993718
-0.9534933903382341,0.6894360345144346
-0.8903436530865276,0.45605789153424364
0.8871015183148063,0.5842757089819651
-0.7787040042547818,0.8362619121546842
-0.9050738823637016,-0.08843093898463067
-0.30232421932372705,-0.22509872717613988
-0.7746205998487273,0.6965214030098928
-0.6828409114612705,0.7844320615109616
-0.9328330157142771,0.5331482194561687
-0.5157801874547104,0.7898955448638143
0.5315458850300984,-0.8685501497507035
0.6152830498679949,-0.6922744029108284
-0.6992953859621936,0.7817873897244101
0.9510167874918615,0.25454411629566587
-0.7145844634398689,-0.3528187001451182
-0.9544921857760993,0.8508170708976812
-0.28051561087946475,0.8547196825796782
-0.923458225661525,0.6100049376019384
-0.9577970261004068,0.7421636757910175
-0.8306763042004288,-0.8555296877451166
0.9094674389005865,-0.8832690237584226
-0.7762129237264778,-0.8680144090075458
-0.4931825257334683,-0.9171225874626344
-0.8672079909219113,-0.9201278451454263
-0.7292959874288776,-0.8259861693181921
-0.7243729831092022,-0.8336719753756348
0.9044221120286285,-0.9020185164381842
0.9003727130075942,-0.9100858096849412
0.7891876540352698,-0.9478173889646038
-0.8781663140265081,-0.9183527975349268
0.6719307247289088,-0.9639680804502306
0.8598339597903457,-0.936355992896422
0.8832789503651888,-0.879152272148542
0.8161885701273628,-0.889748750288672
-0.8394319999013513,0.7774758773322534
0.010107096705706005,-0.05880067270904785
-0.8672140814310901,-0.908558680846571
0.4377576532899404,0.4677402257004586
0.3424456640194459,0.5929366609706826
-0.8936457640154637,-0.8163142387911738
-0.8422447358516795,-0.8653522264533761
-0.7796704609329513,-0.8713442264648648
-0.8102454997915178,-0.8284870333303791
-0.8023838287615662,-0.8637449355281821
0.9311068776693021,-0.9176468173639754
0.8952237991784935,-0.9176198127285538
0.8832636496101036,-0.8911941914107081
-0.9132052920674744,-0.9037562596295091
-0.9123112871432009,-0.9091331192387646
-0.9110770448563974,-0.917443477813238
0.8163269033700328,-0.7796662300154353
-0.9090674591824012,-0.9011038770793561
-0.26254050648145844,0.9829451401380508
-0.9668680943721765,-0.47348142506063573
0.9617362640670193,-0.34280871291935494
-0.906130066439869,-0.8993783679783696
-0.1329258056223026,-0.8422058009905818
0.23657150059128787,-0.9786084909246543
0.3286131975927535,-0.9553437905111105
-0.9576263953339585,0.9251303349605122
-0.30852655626653497,-0.9012745129589155
-0.8774876235223189,-0.9022605477126938
0.9413010779885653,-0.9132724037613696
0.9341838393441433,-0.9160406905855133
-0.9250136922112079,-0.7079569116568081
-0.9241014195764209,-0.7469615680461121
-0.29296998416294184,-0.9884313063624427
-0.8923040044763081,-0.6908722538946707
-0.9063821060490906,-0.8578813441908225
-0.9247698943682328,-0.7491296931194663
-0.9435008467718181,0.44570096636820594
-0.498721870415822,-0.9583543614214384
-0.5639394937251585,-0.9533707398364323
-0.8814154367355269,0.5857138369001672
-0.9572251549925509,0.8627312551005472
0.5734432135537207,-0.875224982275535
-0.8555698617334825,0.7882851941434836
-0.7522233109146367,-0.8463655107267939
-0.8222211994536003,-0.8027956511592715
-0.8194706066877281,-0.8022279990151805
-0.6444288128534574,-0.8189343035401871
-0.9051955716192248,-0.9133819038152294
0.791159963408209,-0.920825581127403
-0.9111810904477599,-0.9159181358073493
-0.8951587309482893,-0.9125970092966936
-0.91607179227187,0.9211922025749734
-0.9331899241950725,0.9256861482334205
0.6501749554349247,-0.970849334958935
-0.906923158514202,-0.9005715172605314
0.9829136574394272,0.26653857291391575
0.9752573686679721,0.5228472970266183
-0.9413655394727117,-0.7748420698454006
-0.8975947961128286,-0.9134449706686316
0.9657025811078598,-0.9210396407729124
0.9553484287863192,-0.9276026831016891
-0.9173475948764738,-0.9128768696074337
-0.9070657261800253,-0.926211459876929
-0.9060261496762781,0.9278958658928761
0.6442429730332475,-0.9328560508956689
-0.9037342728114406,-0.9196813893966671
-0.8979574751840804,-0.9292380059453323
0.9551706506203714,-0.9213332912826118
0.947172935089591,-0.9170702154414057
0.9609275841604439,-0.9256938739197935
0.8323978897477041,-0.7368517525588998
-0.8340353450406847,-0.8227202390532148
0.299214174181441,-0.7740220925581054
-0.879356522366564,-0.8478775558893946
-0.6604268492840617,-0.8519254454813425
-0.9002080933086386,0.9408204084773061
0.8330445012324226,-0.8812414351809319
-0.8754978186270297,-0.856365892475949
-0.11309373934276469,-0.6777784894080304
-0.730171731053203,-0.9222828501918445
-0.8910748984817571,-0.8565715434976454
-0.8090740933990186,-0.8790221690256904
-0.8107750611400951,-0.8768792699281555
-0.8636553288935735,-0.8844126742703132
-0.8698825872725131,-0.8925008763023301
0.9207874492375332,-0.901752412152459
0.7733527868794867,-0.9007732219180208
-0.908771557925555,-0.8315928621100265
-0.8727348125463211,-0.9061467516454202
-0.867662335354871,-0.9040023290186929
-0.8590566608412288,-0.8960879357972629
-0.8012464014596202,-0.9005180965069723
-0.8283040182456752,-0.893540748199068
-0.8292427938614635,-0.8836813764778038
-0.9169103491080874,-0.024503003646102573
-0.04241363569776823,0.928380129280724
-0.9472511080004795,0.6965834360754918
-0.7220613584551364,-0.712082620976777
0.9196561360661554,-0.903699357386977
0.9212746687866896,-0.9024982341236681
-0.5789875460623225,0.8915133891814945
-0.8851084607786756,-0.8951215449595035
0.8743896174331276,-0.8975162212326345
-0.8445138067260464,-0.8744758203559461
-0.8454340380797043,-0.8761161531920205
0.9437804600599948,-0.9067412128407119
-0.8915578469331914,-0.9032229718089636
-0.9014622282500018,-0.9062136968007329
-0.9139462680440117,-0.8454478695413914
-0.9697793598251018,0.8409526116081093
-0.9510311551371262,0.8229734272449666
-0.9254831850963015,0.9136040331628583
-0.9358933119699984,-0.7072313572912434
0.9046826046396992,-0.903370039384833
-0.47148909601757605,-0.7530835202345947
0.1517880309383183,0.35554562186697347
-0.8794151152952959,-0.8794034297935598
-0.9129495805844319,-0.7698978401139077
0.9825934969986632,-0.5481348216348119
0.8784484820005838,-0.8539658059120028
0.7465614137433392,-0.8667583253125185
-0.8221828080750196,-0.9053584677900456
-0.8704713432750171,0.8385698761970155
-0.8336667365737677,-0.8984324017858596
-0.9376137101404091,0.9256252204385658
-0.037501159149448224,-0.9677136357101707
0.881237524694613,-0.8999485338407954
-0.9330303247847056,0.9241641420203835
-0.8541546516076437,-0.9141028426510398
0.7285464630801837,-0.9673820697275777
-0.6056341760695405,-0.9659028304875348
-0.5572313035274822,-0.9636088667858658
-0.8248823061935314,0.7460510698706692
0.6878067958826574,-0.732059504059424
-0.27589604475191176,-0.9371610553203363
-0.8294152313630309,-0.8956487486373155
-0.88169845174822,-0.9182188961093684
-0.8823761278986636,-0.8976836178963477
-0.8809783083223395,-0.9103317772274272
-0.2357433677969621,-0.9678821671902806
-0.8519425406783578,-0.2924562158991743
-0.8661802408441948,-0.9161736579548729
0.9489159407708139,-0.8677243931758379
-0.43918371724568295,-0.7806184122798813
-0.9421449502925588,0.8979206676858912
-0.9454163209321007,0.8924353219895437
0.9622780163794703,-0.8232807523269555
-0.7620579666374717,-0.7666752962529075
-0.42183576322443883,-0.7074475796709053
-0.7461147106528454,-0.8204953261647592
-0.7426254231848964,-0.7431897465782528
0.1979604434918314,-0.9892173698637583
-0.8995464501877192,-0.8640887297160023
-0.8863203498492577,-0.9240713859576177
-0.8729282047852116,-0.9303069263650414
-0.8777664163311025,-0.9235804733949474
0.25521021979860886,0.9748463771719774
-0.3174865607235744,0.9855571268332262
-0.8490264024500506,0.9195436191087939
-0.735656922743548,0.9261017520093068
0.23711908693420825,-0.9921785872215447
0.4425948582256115,-0.9810441599452793
-0.9486096588299702,0.840856599461421
-0.8337370295747335,-0.8752059086966255
-0.8283644356084374,-0.8865817521053484
-0.8157669026362622,-0.8761098419586686
0.9329697036742585,-0.8958642067261554
-0.4756988955522787,-0.7456679307030297
0.9274136158839443,-0.8053953184292799
0.847139082723194,0.6590149706090546
0.903747993309158,0.3515582806305646
0.926837022451291,0.54368382579726
0.8899547576627452,0.48081938913697586
-0.9499841383546012,0.8936795552693058
-0.19055182264384046,-0.8588343965372275
0.3983654132632924,0.6200046829289659
-0.8802297897654374,-0.8828921754146464
-0.8666971837247078,-0.8791759339021082
-0.8251619062945174,0.8720206329199378
-0.9331388060653483,0.8829583435281683
0.8096365472458674,-0.8825495368707695
-0.9483291369771554,0.3233348023597471
-0.6202441188574761,-0.5374788146216017
-0.8122111784871778,-0.8370037643422595
-0.7973904373846366,-0.8742521810661278
-0.8029503686232611,-0.8707163065023772
0.5397799853670903,-0.6152936441757381
-0.863363839452908,-0.8869949152970296
-0.8588240629891463,-0.8873406356788952
0.9084296545779343,-0.896092786900101
-0.7734719112192225,-0.8979514025581771
0.2897817029857013,0.9368328973715063
0.42303384573602715,0.9223718912615022
0.6049879134116349,0.6788279154199274
0.459937965817104,0.9306634862892359
-0.5329310783905479,-0.9036612366760043
-0.8206728899388681,-0.6069158261668534
-0.6599000517516003,-0.8329986561818017
-0.7144158934445853,-0.5747115952224634
-0.6644686826642662,-0.8275781718851126
0.8243721812442527,-0.8817141135930021
-0.7757411613031662,-0.9028387791368652
-0.7847081563973418,-0.9090208211145085
-0.7714769033832437,-0.9084522408662108
-0.8623756654646427,-0.8938376242354628
-0.8595657278994165,-0.8983954519516776
-0.8628822094473719,-0.9019509189270892
-0.8541968911081579,-0.8138181542820333
-0.8095347651851827,-0.8458082539225066
-0.858650251105946,-0.8890980361165934
0.02575620016517859,0.9501723387506941
-0.9558314904904017,0.8997196051005398
-0.48642293604831033,-0.9523854744133483
-0.8791725786106704,-0.9209240042009095
-0.8741541794654754,-0.921244390407185
-0.9318784807717028,-0.426587530941852
-0.38684522775864283,-0.9472836505759269
-0.7878932556011983,-0.907699128470349
0.0327845107972317,-0.9827546991719452
-0.5203229558921751,0.5988886295969721
-0.8942648821426576,-0.9120622866471325
-0.8963045116261903,-0.9173563742347514
-0.704110005100621,-0.949180135667558
0.8052287096058199,-0.9292960445071592
-0.8946381413096509,-0.8959562723061285
0.9826702446493684,-0.7753490773649857
-0.7510275130390319,-0.9461326767446011
0.9416254026353351,-0.90691985896452
0.9818807446575021,-0.8463246456505101
-0.8709192651948183,-0.8868346067972841
-0.9043807621115324,-0.9256039616299013
-0.8244106419856971,-0.7655719534936778
0.9455761529575533,-0.8501343219185766
0.9418541484345184,-0.8464622675726338
0.8391065393717672,0.8822038299743665
-0.8206109594269012,-0.8999080288157606
-0.8127215236603124,-0.8977725435678289
-0.8031783332371161,-0.8884241671012103
-0.9137979775593452,-0.5459641847296235
-0.8357230360152693,-0.9185279699239071
-0.858836029819636,-0.9049416542018276
0.9343679919079377,-0.9217650302555769
-0.1387987845813758,-0.855466828618743
-0.8901937890342421,-0.9231581603868994
-0.8601044316843811,-0.9017543309345493
-0.866378121329383,0.9329274243850111
-0.8975693607022547,0.9415198914959644
0.9056274353450131,-0.929340297539947
0.8939998639243201,-0.8878791334547141
-0.8587643929761383,-0.8755095846211874
-0.9176104544042928,0.026141219986901273
-0.8336285817095391,-0.8183367976746769
-0.933388322188427,0.8933543257304117
0.56580831970904,-0.8391842263340621
0.973604627092508,-0.8397179517460232
-0.8193257401428856,-0.9298241672873172
-0.9939511392041102,0.08211137167477114
0.7924389630270161,0.16772313781538498
-0.9078596200159933,-0.9161424738111289
0.9387627523810749,-0.9194450739540811
-0.9531392523894676,0.9233035291951656
0.33919396492299003,-0.9564561288806682
0.9540461057282557,-0.8714464170567432
-0.6724624970792683,-0.9552610022386356
-0.8951177378659898,-0.9158827062086577
-0.6526815925250401,0.9483113168149131
0.5136167130555682,-0.8842379509654122
-0.8686661820624987,-0.8255034719556608
-0.7970218331748354,-0.9220117481088569
-0.9625887511683551,0.6581805403739764
0.9527257246693084,-0.9018664699884406
0.9495629045843529,-0.8837720617113363
0.919797036723591,-0.8473097721520528
-0.891073615287096,-0.8846331564769068
0.28594309611603863,-0.9774928590703679
-0.9055467468117636,-0.9029916968114154
-0.7404203593107005,-0.9097642235128072
-0.8857846306515638,-0.8722369081166352
-1.0,0.5468651356725559
0.44956896590542356,-0.9159886175172586
-0.903575257057559,-0.8969128401123875
0.877687813166326,-0.3840101564968723
0.6994302319372725,-0.8508450875359435
0.6916083070874409,-0.9270458200536482
0.08380786183955916,0.9179060325105065
0.7736040507964614,-0.3064107119310599
-0.9360654088781994,0.8985036932733452
0.6621185528305725,-0.8120021685910775
-0.8430552876192,-0.8792374520882009
0.900531454571596,-0.8661739446456762
-0.8925267755304634,-0.88324316317949
-0.5161486431238961,-0.9408509280589572
0.8368993226918221,-0.7671892674437483
-0.7019369164594426,-0.8808280534368014
-0.8227033115933713,0.9042202009618955
-0.010520894315803555,-0.8494352057750238
0.9473234598137837,-0.8383692950550158
-0.8053391704124306,-0.7158296474365207
0.9593609297941006,-0.9222877112387046
-0.7647283970383169,-0.6946253936536405
0.9785494144994641,-0.8420967267817986
-0.8004410369301735,-0.8484229761565146
-0.8085071583813833,-0.8688373414157889
-0.8497284175687311,0.8067889980314386
-0.8509074799561391,-0.8978130714266281
-0.8493342588181929,-0.9036027676214095
-0.8805528539579481,-0.911738450171001
-0.8837692828500187,-0.8697778786160503
-0.820100438406789,-0.9154800158025902
0.8964050025708125,-0.894096628550792
-0.8340700052876385,-0.8845089128473659
-0.8394363971389264,-0.8693522102077743
-0.8418475529138579,-0.8784168326107482
-0.8690045438702282,-0.890496638384599
0.9354813658481433,-0.8762912281098807
-0.8456358394838083,-0.9199776951140081
0.3197740358412184,-0.9009421364044639
0.946755220600262,-0.9098595594751046
-0.9576558005077922,0.39062352428038555
-0.9027849496611602,-0.8236335980885928
-0.8754738647583676,-0.9046711941576533
-0.8883076679557694,-0.9119337008845476
-0.8810925971281078,-0.8911451371207456
-0.8924825003917642,-0.894314908611873
-0.5392793978387546,0.8582761626685808
-0.4869853116010558,0.8408623059469734
-0.8222517386500721,0.3579975348135761
-0.7122622298575436,0.969880108781714
0.3193181466651899,-0.8955382625543367
0.929521132385968,-0.9026918255932653
-0.8804552235856008,-0.8589425043859609
-0.8919135510226858,-0.8451096536042341
0.5654456081178151,0.5337957936797091
-0.8181999255221295,-0.8727176872051331
-0.8396280437026576,-0.8732670583375403
-0.2408826992047545,-0.9755230069944161
0.9200592658131522,-0.917261295563452
0.6970840162835219,-0.7186142549421018
-0.8611591611255686,-0.9060461214311565
0.8112559047591904,0.6785256752567694
-0.8615795658421499,-0.897680530300608
0.5759560843291894,-0.8327179681460108
-0.9040925487275396,0.7419387143040806
-0.8587044501314782,0.8398172272968951
0.8203940104584851,0.4323751443750532
0.8926328534092479,0.3538749490662381
0.8525580264114451,0.3166667615268705
-0.8920765102319761,0.8221868289256322
-0.6384180446037813,0.8503565328334385
-0.9441126640059014,0.8146189671779629
-0.9413992350930784,0.48334171746793636
0.9259259366612146,-0.9100329786331696
-0.9484557855873361,0.8111582715836433
0.9602661331587017,0.2153442690667649
-0.9199187705374218,0.9183931706299363
0.9698358822740847,0.2996097347714903
-0.8326388739199415,0.8439727852825403
-0.9241704379770714,0.8437954865469497
-0.9375604971140499,0.8798486270154323
-0.8624167001356825,0.906237147919448
-0.8718686154462266,0.9285945373193516
-0.4270733188173693,-0.8216162160701732
-0.9689884737630899,0.15225861969746865
-0.9237897903243548,0.642539227843121
-0.8466288888799496,-0.8707937495454657
-0.2250359957764648,-0.45910465442460174
0.9437170230616002,-0.9132744320976052
0.16669791289348868,-0.7987174178216989
0.7523175519340182,0.13002777808314467
-0.8965829553548212,-0.9315047514865566
-0.8904313350922777,0.9076240934555249
0.9052971098643932,-0.9120448146778438
0.9078727196746047,-0.8691202749811372
-0.8784950034799819,-0.9053873180991833
-0.9221964114874373,-0.6116355353148354
0.9622940846228354,0.24017767382865002
-0.9313281756519887,0.8669886764171404
0.8143657734034409,-0.8137854062561419
-0.8571474688252717,-0.8851951126920475
-0.8545317295881224,-0.8746724997285372
-0.8448819535916484,-0.8650410706976548
0.9498909054472504,-0.9212648750786159
0.947962488331358,-0.906320299067946
0.931117008193749,-0.8791955944143617
0.8655954283601526,-0.7984491724995134
-0.8926267486485704,-0.9241118397765867
-0.879194376310213,-0.9018888133666417
0.9549622656945914,-0.9216039839363654
0.9353025103772453,-0.9110829037167435
-0.9789542655555972,0.5300510775732578
-0.9043721426753539,0.9159920361211732
-0.8969276045731635,-0.934916320542697
-0.8993738217875988,-0.9242403527597371
-0.9011066368643831,-0.9122740823036968
-0.9033255091003465,-0.9056207369170712
-0.8942029273330983,-0.9151185827379473
-0.8567253909422928,-0.9070759401952668
-0.857451941598216,-0.898907913773159
0.9253616587169473,-0.9245692199582116
0.9501040166131889,-0.9246697726020687
-0.8984263389488867,-0.9100090660365008
-0.7682018489915066,-0.8710053724382939
-0.3447189073022895,-0.9923793090545998
-0.9000752664825733,0.9187861371537668
-0.006940384358463908,-0.9823333944229725
-0.8764966871503318,0.925978420504137
0.9409909503314638,-0.8411124739148927
-0.8550017771425384,-0.9007821855030604
-0.8653213360610932,-0.9064782542609007
-0.8797787944566071,-0.7961252486160503
-0.8992498973527625,-0.8902363339359455
-0.9438651217092384,-0.6523278118619552
0.8537637319816245,-0.9366991013964442
0.9592963996046643,0.07183565761443943
-0.9535180819541883,0.8139486972881762
0.9144738497310863,-0.804975121182009
-0.8756215796712644,-0.9116162523337168
-0.9091763195945055,0.8856082025032653
-0.9823085550878898,0.11784647505890997
0.9526166574287821,-0.9169788133684896
0.928447563289397,-0.9317017320163383
-0.9250328732177506,0.9296020659086953
-0.9458176021377147,0.8852698551943985
-0.8804710705681559,-0.9211373810237244
-0.8538977074627881,-0.9123073232434203
-0.8379089236598792,-0.9070431073593375
-0.8502632324096407,-0.8960914574013205
-0.8952604201434609,-0.8783709539639822
0.9273977012417384,-0.9276462894068932
-0.2186125970092402,-0.9834147266214682
-0.8690453899402066,0.9406452538632954
0.8402638724281568,-0.9614624625659746
-0.7202971266984788,0.8031170356869767
0.5424570021511707,0.8941433295314912
0.2350948072603705,0.9007673069085964
0.9192595916031491,-0.9087516144401252
0.9366782482558211,-0.9217010537302577
0.613576605667746,-0.8815152779471312
-0.2337190513612063,0.9651297986618069
-0.89678248498993,-0.8543149760598187
-0.9465637271448724,0.8861673450247531
-0.6218393250755194,-0.9678260718081824
-0.8453988055360967,-0.8952283317408153
-0.6786667353330509,0.7769952099322834
-0.6711168682597158,0.8040172519978099
-0.72003114237847,0.7777757246166108
-0.7464334403960795,0.7629009518126457
0.6413391036282753,-0.8041947885047435
0.9343774899254846,-0.9267106863605403
0.9244337467796537,-0.9149266943809138
0.9253875881761733,-0.921264972678272
-0.3639856033473819,0.9988540034619567
0.9922257094715209,0.16388502782960004
-0.846904169564235,0.9482549020348976
0.9587440699078408,-0.8488156591153131
-0.8759550788489602,-0.8020856669857753
0.9151010038518573,-0.8920703094306557
0.9183327702046531,-0.8905862795237387
-0.8639374002870378,-0.8889063805314766
-0.9540141011374212,0.36618689365919377
0.8696027215078085,-0.17716862388397958
-0.8711080583315056,0.5650668541756886
0.9447188198252644,0.02071122605309794
-0.8766847414662041,0.397049270643947
-0.7167002197623368,0.39910572693892493
-0.8994625625325544,0.6596134237719842
-0.6450443575514223,0.49619219931601954
0.9423536810922774,0.07766755846110598
0.1143688397765225,-0.8083997447467688
0.8968925885247967,-0.8595335245634436
0.8947369446891296,-0.8752264102940255
-0.4202789750360361,0.7756549345282988
-0.828812472969672,-0.866146554673332
-0.7695233639209307,-0.8279055322715384
-0.7913839268507451,-0.6473354482893506
0.9211933821887686,-0.86001046636812
0.9168821367425009,-0.8679599364926651
-0.5368944781102507,-0.872650161709847
-0.8266962240915279,0.4907097224884573
-0.6505695538031839,-0.5233961206766391
0.8804196893611257,0.7006026494385511
0.7518055794695231,0.4625473706901927
0.8923138239463202,0.19896048509910405
0.34842727572323334,0.33043654527320016
-0.21180705224178328,0.396344821427058
0.5132380747122688,-0.9127492023904001
0.7741959869784716,0.3329232248201571
0.8426078059984116,0.29572192900374755
0.8646226985239628,0.28671614958302616
-0.6972325129246627,-0.7713088714759755
0.9115443709289035,-0.9117304949000004
0.6504481671840973,-0.9201761161475501
-0.2500512200925366,0.18281594622684438
-0.2322480727610236,0.9205053620989444
-0.8696409241190091,0.6888603055534904
-0.8620298855867952,0.6283433607389075
-0.397028117700273,0.8641668736997227
-0.44083150322985254,0.7887402347868828
-0.5607573870808991,0.8700687914829678
0.9312077350007274,0.27499634712311116
0.9189539001074615,0.44858809315371656
0.8675521963150132,0.6070170685865858
-0.8573807609285353,-0.819251000805038
0.8480918406931471,-0.9373868346106771
-0.816176331748165,0.8021458214868415
0.7642245724124906,-0.7520429166626893
0.9297520111224398,-0.8858225552341822
-0.7019013699516606,0.9429012897905206
-0.6344557259372133,0.9175419179977534
-0.695118080027902,0.9134426682887672
-0.8137247599841646,0.7415555016209304
-0.8892778496948723,-0.3300467287653369
-0.8717287735075346,0.6231515490646475
-0.6582908671487416,0.7224140127164734
-0.8362988150645491,0.8246550602743534
-0.8425666508723016,0.8134132576877102
-0.8301455705225924,-0.4643941488388162
-0.6151279586351479,0.8509119506196279
0.9089135338494492,-0.14612204506823093
0.749930179627926,-0.8045552263203428
0.18584818042620116,-0.9349509558579854
0.8877372502729646,-0.8129784580270609
-0.7775824001620544,-0.8771185171751748
0.9172112918296154,-0.9012734717221996
0.9133642505905022,-0.9018709051988733
-0.6769315436662184,-0.6729491139425149
-0.5602877657871604,-0.9364055583915389
-0.9309895297627018,0.9086053753187269
0.7998504216473009,-0.93607557820399
-0.9717744602258411,0.30885558369317995
-0.5709797633294832,-0.9147304485420437
0.6779918457031665,-0.9492427311834178
-0.5470240750669159,0.5799597561130985
0.5461793671113373,-0.9372798017080506
-0.2615545887205961,-0.9541518240674458
-0.4437222414845103,0.8736686283886711
-0.6425228697940332,0.9406120371924696
-0.02244995376546479,-0.9054998382680796
-0.6818006985806148,0.8269892418060143
-0.653527860147456,0.7029053146856471
-0.7224838717135681,-0.21922564668314407
0.8661342185758042,0.1733034604670695
-0.14798101963902618,0.8511883247356928
-0.4658055821826391,0.6338580449312547
0.894875897882426,0.07263838587436218
-0.6456446315700775,0.7365580679339092
-0.8431880608370494,-0.6667895857515367
-0.7611731332001592,-0.8054696654996857
-0.7611731332001592,-0.8054696654996857
-0.7655280723085234,-0.8049399344207209
-0.7537833406442899,-0.8169314448503862
0.7828506426794066,-0.8257759143927188
-0.85981877201145,-0.8927911158295821
-0.45353729841420376,-0.8219028174226749
0.905453471293069,-0.882718578753305
-0.8823285690686531,-0.9016114735583839
-0.8345057916017874,-0.915367550174962
-0.2065205989828949,-0.12390531774856377
0.8517947217914995,-0.8351940301343593
-0.9677416775933103,0.34756128340900977
-0.9509578891012485,0.6229227548306038
-0.7303916950772967,0.7404214632130391
-0.946429170335937,0.21217188078166857
-0.9615475373323554,0.5479692297488774
-0.9768332190864922,0.41645137831161644
-0.7388116377873095,0.7869091840113266
-0.8826740133617504,-0.25672308749625666
-0.9589067647012192,0.6228400786188487
-0.972266895482773,0.7672625828448576
-0.9106201309632255,-0.3382056246503541
-0.731778863950027,0.6421584353920875
-0.7072459849611473,0.7474908186246527
0.9561592524862819,0.2660620273946382
0.8810787259657301,0.5142421007003366
0.9368885433387726,0.3661720869517465
0.924676313107733,0.49481370697822474
0.9028858884886671,0.4981570070809536
-0.9233395446376265,0.39890065401608665
-0.9706558862422503,0.8152651230317995
-0.9304126870051743,0.1519808846430071
-0.6052236453950496,0.7880615832213912
-0.651729646833123,0.7749960228222428
-0.8938555802864973,-0.7908657332589564
0.9083795483335986,-0.899204146356558
0.5591579816760126,-0.9274707083132897
-0.6410822202702742,-0.6845323091435612
-0.646846110696752,-0.677028823443434
-0.6440036604198088,-0.7041710394401146
-0.7251801104650595,-0.9268408127126015
-0.8827490112201744,-0.9115242032669166
0.42332305521908553,-0.8174679170596965
-0.8311654327958355,0.7843615649762792
0.9276106359348523,0.5214410804018479
0.6427802249853487,0.07860922820352463
0.8257336919888161,0.4344503085369063
0.8488046320269339,0.46215896906957044
-0.5209777591798977,0.9006317537475673
-0.5083443023707334,0.9311693664884239
0.9046764358408359,0.528361661972389
0.9010967542096556,0.5640205140330384
0.9011140169755187,0.4851484326655286
-0.7502085163695591,-0.941109563243007
-0.9022481739323125,-0.9138374661112113
-0.8949451548969679,-0.9042729942554024
0.9233553778237726,-0.9173258811385219
0.9271719337979385,-0.9261876501790922
0.9412556664952941,-0.9246792494909523
0.9384680596357077,-0.9271553177054795
0.8725147060055086,-0.9517624525519931
0.9329005832591931,-0.925732570448213
-0.8382302877695649,0.9287704388953357
0.5806734333467238,-0.969992191489802
-0.6940473497372314,0.8941550375531564
0.624301806128655,-0.8455643034017415
-0.8104697781400211,-0.8716764742679396
0.9010701209493129,-0.9079327160965724
-0.8597152831091973,-0.9096765113033887
-0.8417303869483842,-0.9028902689507564
0.8947189400694928,0.18420413346281084
0.9494869341526783,0.32493589568672254
0.7874637978737677,0.059500186035630356
-0.8846762477192704,-0.8854070043166932
-0.9848098722907564,0.6031959363764624
-0.9564368365124053,0.7872510678295968
-0.590196740320285,0.7882099369822453
0.6379503764608273,-0.1423203838513812
-0.2545908354624577,-0.4730586453505253
0.5515626867886633,0.8718481113049036
0.4723803381638729,0.882818888229308
-0.4847631509357396,0.8548199127692973
0.9294708763102388,0.3446710862286473
0.9110065674716039,0.36212365609078534
0.9251185631204936,0.43945843347241753
0.9267846243561887,0.384088400788988
0.9040115140526368,0.5048299685382021
0.04714884992146427,0.527331321101286
0.9460646385405499,-0.4364644329907054
-0.3838937256504145,0.5242453579540767
0.9321615096122436,-0.11554372470435723
0.6194180948942324,-0.6849172054098677
-0.7687759076993609,0.8521328024939252
0.6008884773341607,-0.8171426642952253
-0.11724928153728933,0.953545409820326
0.7865439413491632,0.26859478499852046
0.9182167660293037,0.17653583881300391
-0.8228930263996195,-0.7998691627854563
0.9238369275334788,-0.9007015210884051
0.9316680831976817,-0.8950916663578162
0.9186838576298295,-0.9101986178350009
0.9445582363243662,-0.8970019438530223
-0.5669456439193299,0.8050960082321679
0.5859352637909478,0.6523436606337454
0.6405612591738562,-0.7386253865758756
0.7874575511308751,-0.8703547130250839
-0.7632132476939798,-0.8166073610819526
-0.7622085363775448,-0.8139966572427251
0.9037241308521202,-0.8665473075153621
-0.12088374267739078,0.8544970085556727
-0.6992121486479694,0.90733069901569
-0.14884277666935894,-0.8177875504484169
0.9423295719897995,-0.9045383330925182
0.1401519372295,-0.9377742812448494
-0.988085180594097,0.3980108898831412
-0.9482924651081305,0.9023656937275094
0.6767490086834654,-0.95241362970243
-0.8910311556781189,-0.8924530915403347
0.9615523683630626,0.11274921606716391
0.9867036913402432,-0.1813742079101648
0.9503465162907946,-0.5832797154013231
0.991424435309276,-0.055883056966018536
-0.9429137891020335,-0.6553532076340214
-0.7792478337712703,-0.7522905834223743
-0.7655450501057663,0.10915839356333151
-0.768797064069929,-0.7945617440542603
0.6779757429299621,-0.7890832352430242
-0.888292236453712,-0.9266758689490199
0.4564086016638121,-0.8943513178399213
-0.8886493110787376,-0.9270483395961627
0.9565251810601009,-0.9068275684563569
0.6967979173821804,-0.973059301320007
-0.7047687832537135,0.8422884053714531
0.6260912438194849,-0.9361691012146309
-0.16831571310059798,-0.9855714116848568
-0.8926070902408751,-0.9226587991390025
-0.8719893852733135,0.5515863175235768
0.9170290785247501,-0.9028077887560892
0.8555038644546041,-0.933794733515774
-0.8204379569493858,-0.9187171424164677
0.7656795587183822,-0.7285248000533562
-0.8726862227561448,-0.9101796478612372
-0.7617654713939039,-0.7826571541013101
-0.803362864274534,-0.49514923197213445
-0.7814454855300715,-0.7353076101244612
-0.880577920435577,-0.8998799418534549
-0.8888836739947732,-0.8785636577307142
-0.9854594482225068,0.24517080767831445
-0.9058415634569911,-0.8669356665202036
0.052679771565328944,-0.9772451381782514
-0.8824312490823257,-0.9098649019974625
-0.9007822567159323,-0.9110586569635742
-0.8987677867718248,-0.9192290464467592
-0.7641864048637954,-0.9438300391672014
0.1517665465374471,-0.9485613610105641
-0.8860683662493222,-0.8912243280861304
-0.3526291843875224,0.7838172882376554
-0.4968461394530305,0.6674955038463537
-0.7173829844955891,0.7719077749035179
-0.34373208637203073,-0.9042416881305758
0.9168755563949936,-0.9016239291100036
0.8984209280479106,-0.9111694358435013
-0.8827639012522899,-0.9097470082719539
-0.927541474570337,0.8961054354194092
0.4220352600576467,-0.8934410667688666
-0.9361254322638182,0.13621783798226922
0.9160850617373775,-0.8743712982658355
0.9224666536029682,-0.8797311740083339
0.8957884925445302,-0.878845944910153
-0.8827315355134683,0.8879048396049751
0.21343247834186443,-0.8104312095083538
-0.8647734148382126,-0.8857810057782997
-0.8861434519756437,0.8723463619623779
0.6166642176588898,-0.763491854885776
-0.8578376251725384,-0.8666230407709461
-0.852683008413286,-0.8707459744053209
-0.8412407812657449,-0.8721737350325266
-0.8510552144184109,-0.8668154016864706
-0.4887409172233839,-0.8303332074748849
0.5499024510813824,-0.27043992867341654
0.6239527743875006,-0.10776167577771575
-0.6451619110942847,0.07750604630405653
-0.9108908382710316,-0.6163451723010218
-0.7789883370098748,-0.8977097442414901
-0.7688820855073027,-0.8921588184813174
-0.7976305241185788,-0.8894320331270582
0.9141587037590603,-0.9049317979177904
0.5848679569470894,-0.8149009631787933
-0.6668152681816344,-0.9495236967633022
0.36571429936839245,0.7506000813287103
0.33583810902573913,0.7453518510663183
-0.5699106926310935,-0.7436328339781717
0.8949790312106454,-0.8977094376465184
-0.9007576461867967,0.8906281074490012
0.37542814097052846,-0.9310877388508899
-0.9653911118581974,-0.2656986949469733
0.9274783212398767,-0.8851309972980755
0.5144915721971319,-0.7314039306106673
-0.8695823396737462,-0.8574891662216678
-0.8337788590143171,-0.8919155805317459
-0.8299770756207074,-0.8912719801674167
-0.8207735271379409,-0.8670537565987856
0.9086651019223454,-0.8649127784704558
0.9331757558324817,-0.9060221937297417
0.9393964504677811,-0.9080346967724887
-0.8600197146950761,-0.9094258243478618
-0.9378292810871114,0.9148738195223847
0.917960452114769,-0.9099983319287344
-0.805425980413747,-0.9193342654694331
0.9340635537892428,-0.9169029075690547
0.9260509237079289,-0.9189386368169882
-0.8863375071405399,-0.9010409509489331
0.9278578661347643,-0.913714269902038
-0.022434993044672443,-0.96455448430365
-0.7845840708912122,-0.9377414498955555
-0.9385211810261713,0.9203009111206747
0.40472954425658986,-0.926718897147971
-0.8917371066334323,-0.9126790111290041
0.4719459854253902,-0.49623333877691744
0.7049512680853444,-0.8387218941617133
0.7189680080024681,-0.833956773647913
-0.7993449659870354,-0.8390254294636839
0.8255321814100335,-0.9167570241136768
0.623616034707348,-0.9184737462482093
0.35108593638552144,-0.9103444594160773
0.6264763517751095,-0.7879683787975884
-0.8195883347501429,0.8773555901264611
0.5244177237732414,-0.9242729029853257
0.7274786981139073,-0.9210980818517024
-0.8665318016070817,-0.8880290831140465
-0.8557991241488654,-0.9154394701780657
-0.8439611507633197,-0.912867216615202
-0.8346018650458955,-0.9165642189480228
-0.8550263044058306,-0.9131995283036731
-0.6912233628111446,-0.927637919797743
0.9310696207593007,-0.9229244346287261
0.911216626449958,-0.913485290605366
0.9128782087980313,-0.8958447852639126
-0.9020929836163786,0.9108194930583213
0.6580866893188344,-0.929391270258077
-0.8722485187937756,-0.9107193267800497
-0.870253115363455,-0.9062209793432547
-0.8705089499180051,-0.9146772446745056
0.9307969312729477,-0.8983575301510534
0.9406160623932533,-0.9021515757064912
0.9098571141435371,-0.9192072800221084
0.9453824019647118,-0.9153348577230939
0.9314966607987811,-0.8917666624221595
-0.9763510651185641,0.242553072387617
-0.904193782037252,0.8652714395860539
0.8033542384319807,-0.8743860672915263
-0.15227802332384283,-0.8063082085469523
0.8831884470907878,-0.8926681105145658
0.8808940613292289,-0.8729072346937679
0.9377192582945917,-0.8663131896847062
0.9225167262858458,-0.9201687987273314
0.6766685894414374,-0.9267214094055939
-0.8630516104653077,-0.897259833224536
-0.6824357172188737,-0.9403919117398015
0.6579588778670242,-0.7657749353991343
0.9114697807695217,-0.8946873203219159
-0.8613627145562128,-0.899115821991417
-0.8628743198782295,-0.896316661084356
-0.7959977279061242,-0.7975824141984847
-0.864266311096892,-0.8907649023676798
-0.8421407931286254,-0.7983586606672276
-0.838759284169587,-0.8177262767499245
0.014382199518008199,-0.3074922022886852
-0.826406883519218,-0.8488212249772117
-0.8669825036246604,-0.6843219402415243
-0.8393997890791617,-0.8462057244247366
-0.8571903812749894,-0.8301076162850272
-0.8555464235089467,-0.8707812367946254
0.7602540764780802,-0.7820252461036715
0.5911191889096615,-0.8830481181715361
-0.53533871989901,-0.9153146220995896
0.905307435812994,-0.8640288366899064
-0.37418266588460214,-0.9079931512714472
0.575479687785081,-0.8467796265236238
-0.8844170392379502,-0.867649469954973
-0.8279310314067834,0.7094418074820742
-0.49328198895565656,-0.8929801003864469
-0.8901751376047682,-0.8617640124707961
0.8870792936912194,0.3189525601097098
0.5170866108644158,-0.5126690033724376
-0.8499563318886231,-0.8505799823048016
0.00789027529844692,-0.13106065935373173
-0.7571616973274614,-0.7508708241926385
-0.34746775999839763,-0.814719562241786
-0.6870700098239018,0.21384498358367907
-0.6504916728817293,0.11014550427738859
