,-0.010453375803396253,0.06548140121211277,-412.0,52.0,-180.0,232.0
,-0.008368449457664129,0.062068897307353765,-387.0,35.0,-176.0,211.0
,0.008883994499809256,-0.06428533176467516,395.0,-39.0,178.0,-217.0
,0.00997323392357044,-0.06115772698080178,390.0,-48.0,171.0,-219.0
,-0.05082253476189926,-0.005788169466496708,-30.0,356.0,163.0,193.0
,-0.038891990145424216,0.015195998564137917,-79.0,265.0,93.0,172.0
,-0.029366407010563835,0.0025140170827139614,27.0,201.0,114.0,87.0
,-0.05109806316054717,-0.005914620397180358,-34.0,368.0,167.0,201.0
,-0.02686035037957522,0.010518843623940014,-76.0,174.0,49.0,125.0
,-0.05333855024334017,-0.0044560702110380355,-46.0,388.0,171.0,217.0
,-0.05135963471782715,-0.004371752513092285,-42.0,374.0,166.0,208.0
,-0.05581139061532162,-0.005010303318407297,-46.0,404.0,179.0,225.0
,0.00891511447624411,-0.06496531529783275,396.0,-40.0,178.0,-218.0
,-0.011294609792076726,0.06039696467948444,-373.0,59.0,-157.0,216.0
,-0.05410091197300973,-0.004737681806267133,-42.0,390.0,174.0,216.0
,-0.05113238840437226,-0.001978414109416502,-51.0,365.0,157.0,208.0
,-0.050726115557808225,0.0008174265780095119,-69.0,361.0,146.0,215.0
,-0.0250414341617196,0.019691166940652333,-138.0,168.0,15.0,153.0
,-0.04485639151693516,-0.004041780691443031,-40.0,314.0,137.0,177.0
,-0.051856292025845456,-0.005990374444559482,-44.0,358.0,157.0,201.0
,-0.03637538413049644,-0.024047911377493417,29.0,253.0,141.0,112.0
,-0.03695424550194376,-0.020780602271294284,29.0,253.0,141.0,112.0
,-0.04640197837278549,-0.006373296174390773,-32.0,332.0,150.0,182.0
,-0.05615022922417457,-0.004998999989156538,-34.0,408.0,187.0,221.0
,-0.052258683036747314,-0.006839167763410217,-22.0,376.0,177.0,199.0
,-0.05592039111205185,-0.004774156262219046,-44.0,402.0,179.0,223.0
,0.04190391726491457,0.03635395155211207,-87.0,-289.0,-188.0,-101.0
,0.02609132664313253,0.05671692790003819,-188.0,-186.0,-187.0,1.0
,-0.05534897917773291,-0.009577716954406842,-27.0,395.0,184.0,211.0
,-0.009078127722564253,-0.07022136374060661,301.0,79.0,190.0,-111.0
,-0.01602501618211806,-0.06592792325799472,256.0,118.0,187.0,-69.0
,-0.02107009037727514,-0.035760465916274325,55.0,145.0,100.0,45.0
,-0.00774341439928648,-0.019305651297868216,22.0,66.0,44.0,22.0
,-0.012254915171350163,-0.060038306999902626,197.0,85.0,141.0,-56.0
,-0.013601908842344827,-0.05010269678069039,165.0,109.0,137.0,-28.0
,-0.010343164884964711,-0.06128009680360905,265.0,89.0,177.0,-88.0
,-0.012462588941319436,-0.04358272578194823,138.0,88.0,113.0,-25.0
,0.012587597016264046,-0.02126577342636344,83.0,-73.0,5.0,-78.0
,-0.038430310337293244,-0.033187751971097766,80.0,260.0,170.0,90.0
,-0.052624787723166366,-0.004845533735587561,-39.0,383.0,172.0,211.0
,-0.05279970731331731,-0.002727442765156649,-52.0,380.0,164.0,216.0
,-0.03837600108939461,0.019047929522328567,-99.0,269.0,85.0,184.0
,0.00760085569442084,0.04991066691795021,-208.0,-66.0,-137.0,71.0
,-0.01308370585773428,-0.05999117440544595,231.0,89.0,160.0,-71.0
,-0.0388573981170192,-0.0017209744120136518,-31.0,269.0,119.0,150.0
,-0.044724631082218,2.2998225646220175e-06,-39.0,319.0,140.0,179.0
,-0.0535002374584256,-0.004950326189179556,-35.0,387.0,176.0,211.0
,-0.05237926520378913,-0.0006657159685924695,-50.0,374.0,162.0,212.0
,-0.0348459264712461,0.03593128960426694,-155.0,225.0,35.0,190.0
,-0.0543276253842306,-0.004025186624861367,-35.0,391.0,178.0,213.0
,-0.045470455673183696,0.014751139206180456,-110.0,310.0,100.0,210.0
,-0.05493138855450552,-0.004491327503376838,-36.0,398.0,181.0,217.0
,-0.05400649673306467,-0.004349961118244404,-35.0,391.0,178.0,213.0
,-0.0008122404196533944,-0.058556547383101065,299.0,17.0,158.0,-141.0
,0.004280159477020524,0.06116484554224277,-242.0,-34.0,-138.0,104.0
,0.013077906055890773,0.046322642807086416,-115.0,-85.0,-100.0,15.0
,-0.04051745875382167,-0.020399192633246455,23.0,275.0,149.0,126.0
,-0.04782531307971243,-0.0041750361280928,-39.0,337.0,149.0,188.0
,-0.050561323930871614,0.0007555136086247896,-53.0,357.0,152.0,205.0
,-0.04886941473475473,0.0047853773529124115,-61.0,339.0,139.0,200.0
,-0.049586741471338666,-0.0026235017066011355,-44.0,356.0,156.0,200.0
,-0.02097181721658451,-0.0439601873380063,102.0,142.0,122.0,20.0
,-0.04545190466252282,0.004626977324087485,-66.0,310.0,122.0,188.0
,-0.047678268560385935,-0.007950080309318526,-21.0,329.0,154.0,175.0
,-0.033381144107247594,0.038201606592576404,-204.0,214.0,5.0,209.0
,0.03079120722316133,0.03946381650653237,-90.0,-206.0,-148.0,-58.0
,-0.016694833728147312,0.03280732168131091,-142.0,110.0,-16.0,126.0
,-0.05089056469298816,-0.005536115285444292,-34.0,356.0,161.0,195.0
,-0.031906062766784635,0.04304589525696404,-215.0,199.0,-8.0,207.0
,-0.05518374861432101,-0.0035356993220048384,-38.0,396.0,179.0,217.0
,0.012309328872012915,0.0634217947725626,-221.0,-95.0,-158.0,63.0
,0.016750207912562154,-0.059717563792862347,284.0,-98.0,93.0,-191.0
,-0.05380672374195876,-0.0024760573193444834,-47.0,379.0,166.0,213.0
,-0.017954243745614093,-0.06165457270998117,219.0,131.0,175.0,-44.0
,-0.009584571996257247,-0.06292624908126755,193.0,75.0,134.0,-59.0
,0.013778896020272498,0.0517961173878339,-123.0,-95.0,-109.0,14.0
,-0.02312328296500824,-0.044149058156018856,90.0,158.0,124.0,34.0
,0.013130796810774314,-0.04589737364797889,199.0,-81.0,59.0,-140.0
,0.007608019134924167,-0.05626726376443549,206.0,-42.0,82.0,-124.0
,0.017134843353104397,0.052526387821999934,-134.0,-122.0,-128.0,6.0
,0.006163796102267704,-0.06598045441537774,266.0,-24.0,121.0,-145.0
,0.01030925215626655,-0.05975529129258612,239.0,-55.0,92.0,-147.0
,-0.01809778782964801,0.05193347672344878,-220.0,106.0,-57.0,163.0
,-0.05570881579064986,-0.007006507225049288,-33.0,399.0,183.0,216.0
,-0.05503172131605555,-0.009735784777488897,-20.0,390.0,185.0,205.0
,-0.045687507142894386,-0.02723268683074875,43.0,309.0,176.0,133.0
,0.020515027545416308,-0.05543571780974613,237.0,-117.0,60.0,-177.0
,-0.047622675569677864,-0.006908979271314931,-16.0,328.0,156.0,172.0
,-0.051481832854646546,-0.0036663736945935156,-42.0,358.0,158.0,200.0
,-0.05420336210967589,-0.011278728570819813,-20.0,388.0,184.0,204.0
,-0.05299340628980178,0.0002467721831468386,-56.0,368.0,156.0,212.0
,0.010723854196812316,-0.060598605650642914,312.0,-54.0,129.0,-183.0
,-0.03718990505716928,0.03873566988426875,-192.0,236.0,22.0,214.0
,-0.05281960487628529,-0.006503191411453842,-35.0,367.0,166.0,201.0
,-0.002242097848287179,0.07375424889595114,-370.0,-10.0,-190.0,180.0
,0.0015676008630420408,-0.07377877763401243,363.0,13.0,188.0,-175.0
,0.0026686684033369605,-0.07388629407460862,372.0,6.0,189.0,-183.0
,0.0024388091264381335,-0.0727379548463417,368.0,8.0,188.0,-180.0
,-0.04419612850333665,-0.020987672808985804,23.0,309.0,166.0,143.0
,-0.0324582719969441,-0.03973759241400244,131.0,231.0,181.0,50.0
,-0.056804068541136,-0.0035426005740590376,-38.0,408.0,185.0,223.0
,0.002141265639430078,-0.07337005793345765,364.0,8.0,186.0,-178.0
,0.002828281854384625,-0.07362222418568183,370.0,4.0,187.0,-183.0
,-0.003383633291409766,-0.07075965206482272,319.0,41.0,180.0,-139.0
,-0.0023555956812219094,-0.055281994394951066,264.0,38.0,151.0,-113.0
,-0.0481422007547746,-0.0038374396047756087,-44.0,342.0,149.0,193.0
,-0.05345436412446201,-0.00671581171353219,-28.0,380.0,176.0,204.0
,0.0009029777327332047,0.053643066935616456,-163.0,-7.0,-85.0,78.0
,0.00279838216923701,-0.04237747023754866,159.0,-21.0,69.0,-90.0
,0.03254188968791732,0.0411770254180937,-83.0,-219.0,-151.0,-68.0
,0.015034352609404554,0.055184947157507734,-156.0,-102.0,-129.0,27.0
,0.016119665630160814,0.04664993883605571,-136.0,-108.0,-122.0,14.0
,-0.048413271088364074,-0.005493235608943665,-36.0,334.0,149.0,185.0
,-0.05159766572959916,-0.006894294463974131,-29.0,367.0,169.0,198.0
,0.00040207026678173633,0.04414982311076668,-149.0,-5.0,-77.0,72.0
,-0.04613040079190675,-0.004392621019495749,-27.0,323.0,148.0,175.0
,-0.045451074651819225,-0.0051829019757944515,-27.0,319.0,146.0,173.0
,-0.05762475115475478,-0.0049946378972447955,-38.0,416.0,189.0,227.0
,0.029446518724413874,0.0466366917401471,-131.0,-201.0,-166.0,-35.0
,-0.011138112483386853,-0.05368326266946923,159.0,81.0,120.0,-39.0
,-0.04414247590782416,0.003060870863548289,-26.0,312.0,143.0,169.0
,0.022641320761776305,0.05295913387942267,-183.0,-149.0,-166.0,17.0
,0.02704452083895914,0.04425331120058773,-131.0,-181.0,-156.0,-25.0
,0.04713580530086927,-0.009223817428807398,92.0,-332.0,-120.0,-212.0
,0.02542190427406422,0.04396649967380624,-99.0,-165.0,-132.0,-33.0
,0.01980279122585969,0.056085596767788404,-167.0,-135.0,-151.0,16.0
,-0.0572993897328551,-0.005635262422516808,-37.0,415.0,189.0,226.0
,0.03185888413199676,0.03499803730434152,-107.0,-215.0,-161.0,-54.0
,0.018193041730045226,0.025785482521484146,-15.0,-119.0,-67.0,-52.0
,-0.006351406919930257,0.023418052340317925,-82.0,42.0,-20.0,62.0
,-0.04338172587322582,-0.03365406498556436,70.0,290.0,180.0,110.0
,-0.052672917347226324,-0.005818998121459506,-42.0,378.0,168.0,210.0
,-0.0508971807368921,-0.0034363522189075064,-40.0,364.0,162.0,202.0
,-0.0037092764975741625,-0.04523056442778024,127.0,41.0,84.0,-43.0
,0.0024024645956471405,-0.04740187511138821,160.0,-6.0,77.0,-83.0
,-0.055293468932240415,0.0015708778687124336,-58.0,392.0,167.0,225.0
,0.019350493253163938,-0.05212993459007762,208.0,-112.0,48.0,-160.0
,-0.04697980299448356,0.013926506386323558,-84.0,308.0,112.0,196.0
,-0.052669337309888584,-0.007477515839131221,-29.0,375.0,173.0,202.0
,0.03213765493115212,-0.00759902331197056,72.0,-224.0,-76.0,-148.0
,-0.053634093619434754,-0.007842369883551362,-22.0,380.0,179.0,201.0
,0.012044365112942868,0.0034351353331383157,64.0,-58.0,3.0,-61.0
,0.00539028358478747,-0.05681718727181523,288.0,-16.0,136.0,-152.0
,-0.04620521187240228,0.015736402651080686,-89.0,311.0,111.0,200.0
,-0.011744254603437738,0.04863673046703302,-302.0,54.0,-124.0,178.0
,-0.023217019162482738,0.03856435051923362,-256.0,142.0,-57.0,199.0
,0.004159453357767316,0.0029041319854324708,88.0,-12.0,38.0,-50.0
,0.021256284214165085,0.023682869764274937,-10.0,-132.0,-71.0,-61.0
,0.0055331701032803535,-0.00427713821363491,108.0,-20.0,44.0,-64.0
,0.0038433301527752185,0.03227535462317457,-50.0,-22.0,-36.0,14.0
,0.007484758041296342,0.0473238853674766,-163.0,-57.0,-110.0,53.0
,-0.022999942459053686,-0.012506078906952796,-3.0,141.0,69.0,72.0
,-0.0061526847725054176,0.0488290820655959,-177.0,29.0,-74.0,103.0
,-0.015889029285999508,0.04790504515195714,-217.0,89.0,-64.0,153.0
,-0.04509055391105167,0.0034999840211091993,-61.0,309.0,124.0,185.0
,-0.05222034535095793,-0.008711869482614163,-32.0,364.0,166.0,198.0
,-0.03416421883322854,0.015663568482710083,-103.0,223.0,60.0,163.0
,-0.054778272325541603,0.002677320200175691,-71.0,385.0,157.0,228.0
,-0.05596716453974899,-0.0060672248520257524,-40.0,404.0,182.0,222.0
,-0.018746635729175065,-0.052471487157155744,162.0,140.0,151.0,-11.0
,-0.005365881898657775,0.03805400776198279,-228.0,32.0,-98.0,130.0
,-0.04664359153758626,-0.009088967708428819,-22.0,326.0,152.0,174.0
,-0.019512125823749022,-0.024793500663696906,-1.0,135.0,67.0,68.0
,-0.019166619450250378,-0.027172151141101886,17.0,131.0,74.0,57.0
,0.019536496086965578,0.0592386513842085,-220.0,-146.0,-183.0,37.0
,-0.003908539559316444,-0.07211816784739741,337.0,45.0,191.0,-146.0
,-0.03102186264761062,-0.05171606490932439,166.0,216.0,191.0,25.0
,-0.057084559548862754,-0.00545058598786903,-42.0,408.0,183.0,225.0
,0.0022030466286208994,-0.04681539051867774,272.0,-6.0,133.0,-139.0
,0.013728515877763576,0.03450053202976684,-121.0,-89.0,-105.0,16.0
,-0.012313134755055587,-0.04278098847970773,131.0,87.0,109.0,-22.0
,-0.03689870156104865,-0.04266013453698444,101.0,253.0,177.0,76.0
,0.005820359602205068,0.0428627043094786,-248.0,-52.0,-150.0,98.0
,-0.03623972458752192,-0.001516475323856299,-10.0,228.0,109.0,119.0
,-0.022397956191279145,0.043858955719325535,-218.0,128.0,-45.0,173.0
,-0.015167597730613174,-0.047541240168023226,167.0,121.0,144.0,-23.0
,-0.045369518427195846,-0.02581388362760588,29.0,319.0,174.0,145.0
,-0.05504559197288599,0.005660461771611091,-71.0,383.0,156.0,227.0
,-0.027281077296374436,-0.048097197407630514,149.0,189.0,169.0,20.0
,0.0032579205660750073,-0.051727684715518016,147.0,-15.0,66.0,-81.0
,-0.040439763498075126,-0.027583362408726175,48.0,278.0,163.0,115.0
,0.024170152871653333,-0.0489935591905441,201.0,-149.0,26.0,-175.0
,-0.01812591727154613,0.043208778425011966,-167.0,99.0,-34.0,133.0
,-0.05150194316149657,-0.009781019543530684,-21.0,363.0,171.0,192.0
,0.017540741221511804,0.023962887688837056,-64.0,-132.0,-98.0,-34.0
,-0.005001499409582171,0.02031180218600201,-184.0,38.0,-73.0,111.0
,-0.029547841476439886,0.030706968758075256,-168.0,184.0,8.0,176.0
,-0.00286820935283148,0.023910394869480392,-145.0,17.0,-64.0,81.0
,-0.050638614263074144,-0.00922060248052378,-28.0,354.0,163.0,191.0
,-0.053120664258943115,0.0028706275647923172,-62.0,370.0,154.0,216.0
,-0.005010202566004063,0.06371276715112686,-270.0,12.0,-129.0,141.0
,0.008121451232254289,0.0331185641204761,-81.0,-63.0,-72.0,9.0
,-0.054722814758766426,-0.005443731082037031,-40.0,396.0,178.0,218.0
,-0.028106581328058378,0.028179367064670797,-145.0,173.0,14.0,159.0
,-0.05104533941702663,-0.014797036069416621,-11.0,357.0,173.0,184.0
,-0.05388201876303736,-0.0029359783757268894,-45.0,379.0,167.0,212.0
,-0.052835246998381984,-0.006204979350654441,-33.0,375.0,171.0,204.0
,-0.05024673272836763,-0.013369570593493854,-7.0,353.0,173.0,180.0
,0.007300150803426816,0.04319593801899738,-122.0,-62.0,-92.0,30.0
,-0.0550360265527956,-0.005346041366452657,-39.0,393.0,177.0,216.0
,-0.0023515273819100626,0.06131553410654116,-237.0,1.0,-118.0,119.0
,-0.04748304576967772,0.012360092398558108,-73.0,317.0,122.0,195.0
,-0.029975125155917406,-0.04970726403164687,154.0,210.0,182.0,28.0
,-0.031047712464352697,0.032773635546327534,-139.0,193.0,27.0,166.0
,-0.005373601584055015,-0.05835932225119126,201.0,47.0,124.0,-77.0
,-0.031774564175088275,-0.037275682405749945,80.0,218.0,149.0,69.0
,-0.04339761641481739,-0.03224356059734649,62.0,298.0,180.0,118.0
,-0.01562617811205591,0.0594086988201199,-283.0,83.0,-100.0,183.0
,-0.05496248269905855,-0.0029981355064795305,-51.0,395.0,172.0,223.0
,-0.01960543812704805,0.057707102602069044,-234.0,112.0,-61.0,173.0
,-0.05085958640450036,0.004995290311999227,-79.0,351.0,136.0,215.0
,-0.03431951211352233,0.0055104216323938505,-54.0,222.0,84.0,138.0
,-0.028584270856199596,0.024907859857215216,-121.0,175.0,27.0,148.0
,0.025423057991549015,0.04637484536494935,-100.0,-176.0,-138.0,-38.0
,-0.02235748837477865,-0.04677078127318108,100.0,154.0,127.0,27.0
,-0.02608342983552078,-0.04225571094898232,76.0,178.0,127.0,51.0
,-0.015821442400101037,-0.04780592812645555,157.0,113.0,135.0,-22.0
,-0.023978353463000656,-0.04382032265522999,81.0,163.0,122.0,41.0
,-0.036976673779694214,-0.007072420851360274,18.0,270.0,144.0,126.0
,-0.0364475701091476,-0.006207401806805962,-14.0,244.0,115.0,129.0
,-0.04783018533231255,-0.004453520529645672,-31.0,341.0,155.0,186.0
,-0.048604757018353616,-0.003936951968111131,-46.0,346.0,150.0,196.0
,0.02961634675907577,-0.03685631890279469,168.0,-192.0,-12.0,-180.0
,0.022793126196844444,-0.050618528651052895,196.0,-144.0,26.0,-170.0
,0.03320967212838202,-0.03824099556127721,165.0,-217.0,-26.0,-191.0
,0.024547690089229846,-0.049730245025648094,247.0,-155.0,46.0,-201.0
,0.02531446217731089,-0.04747454537385038,236.0,-160.0,38.0,-198.0
,-0.05196378966036691,0.008952060319160302,-76.0,364.0,144.0,220.0
,-0.0508895167024561,-0.005394033778247219,-36.0,350.0,157.0,193.0
,-0.04636219696973946,0.011926453284405267,-87.0,319.0,116.0,203.0
,-0.05044598969297774,-0.019635334827179853,15.0,353.0,184.0,169.0
,-0.01639004675759955,-0.05463083385680492,218.0,124.0,171.0,-47.0
,-0.011443253122375732,-0.05719598779810511,202.0,88.0,145.0,-57.0
,0.014906688851505853,-0.06646785278523218,285.0,-79.0,103.0,-182.0
,-0.05679064584976218,-0.003896776996554318,-49.0,409.0,180.0,229.0
,-0.04933546084036984,-0.0038826152239200633,-46.0,338.0,146.0,192.0
,-0.057599425943114735,-0.004289282203880985,-47.0,415.0,184.0,231.0
,-0.05756396408198204,-0.004834619260068277,-45.0,415.0,185.0,230.0
,-0.05365161273214062,-0.004930501873884685,-46.0,384.0,169.0,215.0
,0.019070304123099707,0.005424689198509453,-44.0,-154.0,-99.0,-55.0
,0.013941485046178639,0.008870585465455112,36.0,-90.0,-27.0,-63.0
,-0.04804685560008281,-0.001989564536362183,-45.0,337.0,146.0,191.0
,-0.026968944203694736,0.03251828743582594,-130.0,188.0,29.0,159.0
,0.017092343177812563,-0.010100689733204967,102.0,-102.0,0.0,-102.0
,-0.05301982530372636,-0.007908515081014087,-32.0,376.0,172.0,204.0
,-0.011283984451257653,0.01615616247150107,18.0,90.0,54.0,36.0
,-0.001910751710636305,0.016018123358698053,12.0,22.0,17.0,5.0
,-0.05003866395238134,-0.0066922156038619505,-31.0,349.0,159.0,190.0
,-0.035483245274152087,0.005032183324388981,-55.0,239.0,92.0,147.0
,-0.056259300192996874,-0.006740193725644518,-36.0,404.0,184.0,220.0
,-0.05487404350629237,-0.005827309737673346,-36.0,386.0,175.0,211.0
,-0.056900632317659516,-0.004018271845707732,-43.0,407.0,182.0,225.0
,-0.02662178201655533,0.044117897895158235,-196.0,164.0,-16.0,180.0
,-0.05382415797397435,-0.007126865628785973,-30.0,380.0,175.0,205.0
,0.01901020845994184,0.03898266340264416,-158.0,-134.0,-146.0,12.0
,-0.05367688937509023,-0.007832658582001703,-33.0,383.0,175.0,208.0
,0.008000416845955616,-0.00330934825027681,111.0,-49.0,31.0,-80.0
,-0.057030931356625174,-0.0044077735057156285,-52.0,410.0,179.0,231.0
,-0.05288609294936213,-0.004892182823673698,-36.0,376.0,170.0,206.0
,0.018238731910440644,-0.058383155596570716,290.0,-104.0,93.0,-197.0
,-0.009604674628859082,0.00048787767884911283,-67.0,59.0,-4.0,63.0
,-0.006857913141633741,-0.0016537898537745113,-61.0,41.0,-10.0,51.0
,0.004709867372351933,-0.05500551406659574,312.0,-14.0,149.0,-163.0
,-0.0069264761737348945,0.026675550254447712,-167.0,31.0,-68.0,99.0
,-0.05328749329788388,-0.0050581725529915715,-37.0,377.0,170.0,207.0
,-0.05272776440627594,0.004031613861508481,-72.0,362.0,145.0,217.0
,0.019320598294302525,-0.0058225529815828314,47.0,-125.0,-39.0,-86.0
,-0.04691590242230566,-0.0006527882147963999,-4.0,324.0,160.0,164.0
,0.01161695192650694,-0.04023155009479113,133.0,-71.0,31.0,-102.0
,-0.011268222712944009,0.029620023382766262,-87.0,77.0,-5.0,82.0
,-0.048087483984319584,-0.0073382824708408375,-19.0,333.0,157.0,176.0
,0.009505792856179602,-0.05052435350294531,206.0,-52.0,77.0,-129.0
,0.03634743387724447,0.0017148714179434704,38.0,-254.0,-108.0,-146.0
,-0.03840336410889578,0.007531190435254961,-28.0,258.0,115.0,143.0
,-0.04835057148739434,-0.005770601054505597,-40.0,344.0,152.0,192.0
,-0.05379699257760433,-0.0035419850592947307,-51.0,385.0,167.0,218.0
,0.0314226332685839,0.040035194626641145,-100.0,-214.0,-157.0,-57.0
,0.027688325467232308,0.0430759646998258,-101.0,-195.0,-148.0,-47.0
,-0.047047589041685635,-0.006235304642040576,-21.0,329.0,154.0,175.0
,-0.053916040421889154,-0.004020458226430368,-36.0,384.0,174.0,210.0
,0.002552696710848517,-0.0677098567433511,323.0,1.0,162.0,-161.0
,-0.042183077889441006,-0.00920262069560997,-11.0,293.0,141.0,152.0
,-0.004109497634302411,0.05096881237086582,-236.0,12.0,-112.0,124.0
,-0.006808155458573827,0.04633423050989107,-229.0,27.0,-101.0,128.0
,0.005114874544760514,-0.06773446801632797,296.0,-10.0,143.0,-153.0
,-0.004557217617689961,0.05776989685289629,-231.0,7.0,-112.0,119.0
,-0.03926074843488882,-0.0029782570526547267,-30.0,262.0,116.0,146.0
,-0.04915939195411833,-0.009594533870089343,-9.0,353.0,172.0,181.0
,-0.006080035688949519,0.05899543966476743,-355.0,19.0,-168.0,187.0
,-0.005775929566757122,0.05932433224913128,-358.0,16.0,-171.0,187.0
,-0.04314315690107295,0.0008855694820520789,-60.0,286.0,113.0,173.0
,-0.041052743768257065,-0.029344193429555267,47.0,273.0,160.0,113.0
,-0.037074669723196126,0.022991564004016626,-114.0,244.0,65.0,179.0
,-0.05167158055528942,-0.013770994528419385,-6.0,356.0,175.0,181.0
,-0.010331233423562597,0.0498701286881126,-171.0,53.0,-59.0,112.0
,0.003252975200097965,0.03977313699347397,-91.0,-25.0,-58.0,33.0
,-0.0553689680698826,-0.003122739257825514,-51.0,393.0,171.0,222.0
,0.028789218885637707,0.039063183959297726,-114.0,-208.0,-161.0,-47.0
,0.01767094865714018,0.05494231624526023,-151.0,-123.0,-137.0,14.0
,0.01893128209800897,0.05058430984929263,-123.0,-127.0,-125.0,-2.0
,0.017456483645381552,0.05142015362906726,-160.0,-118.0,-139.0,21.0
,0.0012373794721618158,0.04191863032970799,-93.0,-7.0,-50.0,43.0
,-0.04106793602145319,-0.031254341022288405,57.0,273.0,165.0,108.0
,-0.053685215512079325,-0.010260893592509928,-18.0,378.0,180.0,198.0
,-0.04214409165218594,-0.023519332929727292,31.0,279.0,155.0,124.0
,-0.034327512853060384,0.026346939185384527,-137.0,225.0,44.0,181.0
,-0.04291559914694687,0.001057950150257145,-47.0,301.0,127.0,174.0
,-0.0314979551274041,-0.010156260810051713,15.0,221.0,118.0,103.0
,-0.05051892429583326,0.0017090045511240768,-50.0,354.0,152.0,202.0
,-0.04492439202616495,-0.006259965880988353,-37.0,305.0,134.0,171.0
,0.033398168123841915,-0.0008799967872724608,2.0,-246.0,-122.0,-124.0
,-0.053024977464035054,-0.00025740081465676774,-58.0,374.0,158.0,216.0
,-0.04706841666621552,0.004826679402933251,-73.0,325.0,126.0,199.0
,0.05197984425320762,0.0033873459837228063,46.0,-368.0,-161.0,-207.0
,0.007802396973663222,-0.06453682114004794,376.0,-30.0,173.0,-203.0
,-0.005020808004758559,0.06495954834880428,-322.0,10.0,-156.0,166.0
,-0.002231800035419071,-0.06595948475969769,309.0,31.0,170.0,-139.0
,-0.004354034664856992,-0.06388952798825362,310.0,46.0,178.0,-132.0
,-0.049777877750968265,-0.008455764897742099,-12.0,340.0,164.0,176.0
,0.0316291322927725,0.017112866730920696,-14.0,-220.0,-117.0,-103.0
,-0.0479226007746195,-0.005306511123060641,-37.0,331.0,147.0,184.0
,-0.008930799251225467,-0.028531564735526923,44.0,62.0,53.0,9.0
,-0.01701233145592963,0.04389386921925355,-188.0,98.0,-45.0,143.0
,0.042426382080614305,0.010965604847901147,-25.0,-299.0,-162.0,-137.0
,0.01723334011399673,-0.04851133499643315,156.0,-102.0,27.0,-129.0
,-0.04507169027069149,0.007389932362693193,-103.0,309.0,103.0,206.0
,-0.007035746949508724,0.023808698220203376,-15.0,37.0,11.0,26.0
,-0.047077948995933164,-0.008355995341851148,-22.0,316.0,147.0,169.0
,-0.006297541340181065,-0.026563953903183446,30.0,44.0,37.0,7.0
,-0.0013303380998092892,-0.07149586548301581,338.0,30.0,184.0,-154.0
,-0.003731396250582694,-0.05455746824987866,257.0,23.0,140.0,-117.0
,-0.017575760509007204,0.02295962340473906,-149.0,93.0,-28.0,121.0
,-0.002742352224568641,-0.04078109310203251,165.0,7.0,86.0,-79.0
,-0.04479952350170723,-0.006255031344798931,-32.0,304.0,136.0,168.0
,-0.0499634843178772,-0.002166548949927964,-32.0,346.0,157.0,189.0
,-0.025216133360326572,0.02966745707339155,-76.0,166.0,45.0,121.0
,-0.049870132287218004,-0.012021801974986613,-10.0,354.0,172.0,182.0
,-0.006372210350302197,0.026079218420893967,-38.0,32.0,-3.0,35.0
,-0.04992340682058988,-0.007062585352186484,-33.0,357.0,162.0,195.0
,-0.05149025666215933,-0.00594069056566601,-38.0,368.0,165.0,203.0
,0.05406340864337938,0.007718132641159489,25.0,-389.0,-182.0,-207.0
,-0.05450393014501715,-0.0059494348848108764,-34.0,388.0,177.0,211.0
,-0.025788386311764014,0.04250335253042577,-226.0,158.0,-34.0,192.0
,-0.018809769003505013,0.04577390778203433,-210.0,106.0,-52.0,158.0
,-0.037617862320349124,-0.03433208564657388,59.0,249.0,154.0,95.0
,-0.005064871370303046,0.012422626132161534,-81.0,29.0,-26.0,55.0
,-0.056682347961829777,-0.0021586016830651427,-52.0,402.0,175.0,227.0
,-0.0036301931631151666,0.0253225953391638,-19.0,15.0,-2.0,17.0
,-0.046238350513382695,0.008063724156648312,-61.0,315.0,127.0,188.0
,-0.024592950345180727,-0.009600788953489262,2.0,168.0,85.0,83.0
,-6.871537976145303e-05,-0.03893419300651696,130.0,4.0,67.0,-63.0
,0.026611976156655483,-0.019652992876017468,86.0,-176.0,-45.0,-131.0
,-0.01871340209709308,0.030354916039424577,-114.0,116.0,1.0,115.0
,-0.03966801709609227,0.02991685427789023,-164.0,256.0,46.0,210.0
,0.016305336867190212,-0.03344639152227702,115.0,-103.0,6.0,-109.0
,-0.03634331476659435,0.012021900952594216,-99.0,233.0,67.0,166.0
,-0.04180797064390404,0.025677012846058462,-116.0,278.0,81.0,197.0
,-0.05538632545154019,-0.0025010674652674704,-52.0,394.0,171.0,223.0
,-0.03255433753574228,0.031122405238474746,-158.0,214.0,28.0,186.0
,-0.030874650353242807,0.0287264464856875,-133.0,201.0,34.0,167.0
,-0.04727195964359878,-0.007409792582987473,-33.0,327.0,147.0,180.0
,-0.05473749532776353,-0.003996983472856844,-47.0,393.0,173.0,220.0
,-0.05374462162551384,-0.004480592051907944,-47.0,387.0,170.0,217.0
,-0.018824467504537694,0.0503362190625476,-212.0,112.0,-50.0,162.0
,-0.04892002770122761,-0.008915417794100263,-25.0,339.0,157.0,182.0
,-0.017137856705588733,0.05087366199841955,-232.0,100.0,-66.0,166.0
,-0.05163506801609404,-0.007322972993606504,-26.0,372.0,173.0,199.0
,-0.046318933379790345,-0.01129955210537252,-15.0,323.0,154.0,169.0
,-0.049863022872214974,-0.007913564947505025,-25.0,359.0,167.0,192.0
,-0.038421072392156565,0.011286623814779512,-69.0,261.0,96.0,165.0
,-0.04787216259271144,-0.007813423295003162,-24.0,346.0,161.0,185.0
,-0.047398163456031345,-0.006379945891921111,-31.0,323.0,146.0,177.0
,-0.05001040281917678,-0.006731042795583457,-26.0,354.0,164.0,190.0
,-0.051769862697127335,-0.005878406396805322,-41.0,355.0,157.0,198.0
,-0.04691491960971587,-0.00563243112219206,-40.0,320.0,140.0,180.0
,-0.04332257973287675,0.017229386525916338,-108.0,292.0,92.0,200.0
,-0.05274609537897712,-0.005712963587931104,-43.0,377.0,167.0,210.0
,-0.05097195345097423,-0.0013214374489436958,-54.0,358.0,152.0,206.0
,-0.053219838770921575,-0.0055172730038306845,-41.0,381.0,170.0,211.0
,0.00422087088102258,0.05765869611921928,-248.0,-42.0,-145.0,103.0
,-0.05314393980491017,-0.002633146624030204,-56.0,374.0,159.0,215.0
,-0.047710186629429614,-0.00511607891324672,-45.0,327.0,141.0,186.0
,-0.05178288476004831,-0.003922703572397839,-48.0,372.0,162.0,210.0
,-0.049596288578780665,0.011362161602174974,-84.0,338.0,127.0,211.0
,-0.028867309029731603,0.043321120475791085,-240.0,180.0,-30.0,210.0
,-0.015499531114500368,0.04764534857657968,-271.0,91.0,-90.0,181.0
,-0.053190594791107465,0.00010551971559165836,-63.0,377.0,157.0,220.0
,-0.05494407614855097,-0.002880547328309811,-59.0,397.0,169.0,228.0
,-0.04416300958581534,-0.019001990242550677,22.0,314.0,168.0,146.0
,-0.0432528810996298,0.023259834243167386,-129.0,287.0,79.0,208.0
,-0.04711049701507165,0.00997892936875153,-86.0,328.0,121.0,207.0
,-0.05061594254761905,-0.0031676036822579213,-48.0,342.0,147.0,195.0
,-0.03137687278054767,0.01709621073380462,-74.0,196.0,61.0,135.0
,-0.04575893002718839,-0.0065325639653188204,-28.0,310.0,141.0,169.0
,-0.05393217894341235,-0.0038525517657083236,-43.0,387.0,172.0,215.0
,-0.05256889315508534,-0.0053243065113931405,-33.0,377.0,172.0,205.0
,-0.05370663057197496,-0.004234064396997681,-37.0,383.0,173.0,210.0
,-0.05206950380030224,-0.0028934380085413863,-56.0,352.0,148.0,204.0
,-0.057882668465174106,-0.003668583898539948,-53.0,415.0,181.0,234.0
,0.019955978430940147,-0.05503071497498171,287.0,-121.0,83.0,-204.0
,-0.02441512986101805,0.04949641576710462,-258.0,150.0,-54.0,204.0
,-0.007531138135389322,0.051583820673098996,-296.0,36.0,-130.0,166.0
,-0.009661304686762826,0.059831961095503934,-292.0,48.0,-122.0,170.0
,-0.052097764731962856,-0.0027226057864093048,-50.0,372.0,161.0,211.0
,-0.04788110742323199,-0.001196711191891657,-40.0,338.0,149.0,189.0
,-0.009012583712728442,0.008491661830936725,24.0,72.0,48.0,24.0
,-0.04612753351287321,-0.0038338733070956096,-28.0,326.0,149.0,177.0
,-0.05601945280113829,-0.0037703440144805137,-49.0,399.0,175.0,224.0
,-0.05432021544701076,-0.004106046761588536,-48.0,388.0,170.0,218.0
,-0.04939217711091743,-0.006893237733521398,-29.0,337.0,154.0,183.0
,-0.014270114909941269,0.052479751110951864,-308.0,82.0,-113.0,195.0
,-0.04320664812038495,0.019379723511479673,-130.0,284.0,77.0,207.0
,-0.007846392688707004,0.027278650976366434,-82.0,60.0,-11.0,71.0
,-0.01672076263842317,-0.02363532985068658,20.0,112.0,66.0,46.0
,-0.04821884524171719,-0.0034462412539368477,-45.0,327.0,141.0,186.0
,-0.04370655245984576,0.017910635541608603,-110.0,294.0,92.0,202.0
,-0.04954532155397089,0.011030778530320362,-89.0,339.0,125.0,214.0
,-0.05421773420242012,-0.0007689736152879934,-53.0,383.0,165.0,218.0
,-0.0557144482014961,-0.0063209058232948315,-34.0,398.0,182.0,216.0
,-0.053727663475969516,0.0012388917469675915,-59.0,373.0,157.0,216.0
,-0.04174366722448682,0.021351288121069584,-124.0,276.0,76.0,200.0
,0.023760270569370336,-0.05181692378687309,240.0,-144.0,48.0,-192.0
,0.0065161377764701,-0.05619264228822151,206.0,-34.0,86.0,-120.0
,-0.03469727896345893,0.01915114321038548,-134.0,220.0,43.0,177.0
,0.008230036965004189,-0.05044581475571906,237.0,-35.0,101.0,-136.0
,0.021013397018563883,-0.04258589118847002,185.0,-127.0,29.0,-156.0
,-0.031040600995822936,0.024008342532610936,-119.0,193.0,37.0,156.0
,-0.04863911170758771,-0.015025842611395711,0.0,334.0,167.0,167.0
,0.0014023122049504724,-0.059787918024799436,261.0,3.0,132.0,-129.0
,0.011930047010115876,-0.05149674334570226,211.0,-69.0,71.0,-140.0
,0.004235968864854215,-0.06437257389480526,278.0,-14.0,132.0,-146.0
,-0.004776686765469055,0.06311370125294365,-279.0,15.0,-132.0,147.0
,-0.027886723087371227,0.04744003784960118,-219.0,171.0,-24.0,195.0
,-0.002797155389437575,0.06308952271915508,-336.0,4.0,-166.0,170.0
,0.0026701404477696127,-0.06486371809815952,320.0,0.0,160.0,-160.0
,-0.020321185323605714,0.05499952341622814,-268.0,118.0,-75.0,193.0
,-0.03141062959977854,0.004329814092569255,-74.0,218.0,72.0,146.0
,0.011319122148024198,-0.058071950274600416,284.0,-54.0,115.0,-169.0
,-0.029412657767494584,0.03689992002823522,-163.0,181.0,9.0,172.0
,-0.0405906625271823,0.003350498398114716,-73.0,263.0,95.0,168.0
,-0.048615420253717935,-0.004735530897408662,-44.0,342.0,149.0,193.0
,-0.044757074322472175,-0.004425650007304299,-46.0,298.0,126.0,172.0
,0.0032390761458125383,0.06415414192432618,-307.0,-45.0,-176.0,131.0
,0.015955359832543203,0.06319611807342881,-219.0,-117.0,-168.0,51.0
,0.0346717331101975,0.04331044600099637,-117.0,-237.0,-177.0,-60.0
,-0.05020562804322524,-0.008117954411346088,-33.0,339.0,153.0,186.0
,0.011313985058765024,-0.06389794470566258,223.0,-59.0,82.0,-141.0
,0.03926268567470199,0.03300625309153521,-63.0,-275.0,-169.0,-106.0
,0.011316540703491194,0.054433404667120905,-167.0,-83.0,-125.0,42.0
,0.007001145809495096,0.06781927407682288,-291.0,-63.0,-177.0,114.0
,0.011806077608951962,-0.06965957992788992,342.0,-58.0,142.0,-200.0
,-0.04770113446549047,-0.00027458397763820516,-62.0,316.0,127.0,189.0
,-0.03331841220111835,-0.02704302750615277,32.0,224.0,128.0,96.0
,-0.02123903860559399,-0.053634658702162774,144.0,154.0,149.0,5.0
,0.0332975071914102,-0.0018439200617898165,-71.0,-255.0,-163.0,-92.0
,0.025552549256426912,0.03486171924859578,-29.0,-171.0,-100.0,-71.0
,0.051109315168350294,0.01916173963330757,-12.0,-354.0,-183.0,-171.0
,0.023296883061360917,0.035711243697702864,-68.0,-156.0,-112.0,-44.0
,0.002897025381625512,0.04056697608599318,-133.0,-47.0,-90.0,43.0
,-0.035441676366452374,0.04277738509543473,-199.0,223.0,12.0,211.0
,-0.041379143390911054,0.025455321780209535,-128.0,270.0,71.0,199.0
,-0.0409169701359306,0.0037496167705340145,-68.0,266.0,99.0,167.0
,-0.006234456346322096,0.053085578079265,-153.0,31.0,-61.0,92.0
,-0.03304730854523758,0.009264589947610698,-35.0,233.0,99.0,134.0
,0.018687212462394364,0.04874228659203858,-135.0,-139.0,-137.0,-2.0
,-0.01723564694456111,0.048875408920715936,-217.0,99.0,-59.0,158.0
,-0.035462301727851864,0.03164515410953127,-168.0,232.0,32.0,200.0
,0.013277957974113125,0.03833625881709854,-133.0,-113.0,-123.0,10.0
,0.006061719151131328,0.04833057237204997,-164.0,-56.0,-110.0,54.0
,0.002145754122711778,0.06378976065481395,-245.0,-33.0,-139.0,106.0
,0.04240652855593299,0.03388919515480757,-72.0,-298.0,-185.0,-113.0
,-0.003325503887249539,0.04546168202922484,-224.0,6.0,-109.0,115.0
,-0.003795121094612056,0.05977071479545846,-293.0,5.0,-144.0,149.0
,0.009126857914873327,-0.07070565635691316,344.0,-42.0,151.0,-193.0
,0.018151180764902193,0.04227409292704461,-111.0,-153.0,-132.0,-21.0
,0.007101898952816287,0.06162728420966164,-297.0,-83.0,-190.0,107.0
,0.010403271656394113,0.05188800342111177,-249.0,-107.0,-178.0,71.0
,-0.04148462777169542,-0.021907973633873992,37.0,283.0,160.0,123.0
,-0.046977600076778585,-0.0014770405068865243,-58.0,314.0,128.0,186.0
,-0.03050999192491076,0.0456010960602127,-233.0,187.0,-23.0,210.0
,0.006943060098085971,-0.005893829447580763,5.0,-41.0,-18.0,-23.0
,-0.044850899038923794,0.00019728879143276112,-64.0,312.0,124.0,188.0
,-0.05256214628568568,-0.0052324655355667805,-44.0,370.0,163.0,207.0
,-0.04773847129143186,-0.004538869744140158,-39.0,319.0,140.0,179.0
,-0.03919895554205864,0.0033391986524711204,-90.0,266.0,88.0,178.0
,0.00010598663958660179,0.07119459610644864,-342.0,-24.0,-183.0,159.0
,0.0003132419448529361,-0.07300011779558704,304.0,14.0,159.0,-145.0
,-0.002308540646386213,-0.05960418759002856,234.0,14.0,124.0,-110.0
,-0.04350674576707921,0.015798271104466438,-103.0,291.0,94.0,197.0
,-0.05411896823525717,-0.007200640133639837,-29.0,389.0,180.0,209.0
,-0.008453480798445354,0.04840149415675027,-154.0,40.0,-57.0,97.0
,-0.04787541190536918,-0.003624956400699821,-41.0,323.0,141.0,182.0
,-0.018400873662836655,0.058061665138538235,-303.0,101.0,-101.0,202.0
,-0.030933558875758785,-0.045260652135724305,119.0,217.0,168.0,49.0
,-0.028097721395633032,-0.047881364563488106,136.0,196.0,166.0,30.0
,-0.04964598639812996,-0.0053081177593279965,-39.0,351.0,156.0,195.0
,-0.008687132077774794,0.05036787550897097,-255.0,41.0,-107.0,148.0
,-0.041514417267632296,0.02557317015344351,-123.0,269.0,73.0,196.0
,-0.04657532657903684,-0.001055316056696605,-42.0,308.0,133.0,175.0
,-0.0541194913946435,-0.004755811621583409,-38.0,384.0,173.0,211.0
,-0.05383743688763229,-0.003995869583061338,-43.0,381.0,169.0,212.0
,-0.05331105987622753,-0.004783518748146685,-39.0,377.0,169.0,208.0
,0.031203727463292353,-0.015910095500686262,58.0,-214.0,-78.0,-136.0
,0.0029170502169516884,0.0057402022252234985,-18.0,-30.0,-24.0,-6.0
,-0.04959027641772158,-0.006233098506732509,-36.0,334.0,149.0,185.0
,-0.00025920527614378783,-0.058299277962772504,245.0,3.0,124.0,-121.0
,-0.04498516028881371,0.0025867028960163234,-24.0,298.0,137.0,161.0
,0.023999285764212046,0.005441761788757028,-41.0,-171.0,-106.0,-65.0
,0.007310441491267162,0.012489437467120399,-34.0,-60.0,-47.0,-13.0
,-0.04588002288205549,-0.006283960094317989,-29.0,305.0,138.0,167.0
,-0.05392189452070643,-0.006351068543868339,-32.0,386.0,177.0,209.0
,-0.04280533384989914,0.001151239423697166,-33.0,295.0,131.0,164.0
,-0.039310200191962436,0.020837429179292016,-78.0,264.0,93.0,171.0
,-0.05536907731539149,-0.005638202035043712,-34.0,396.0,181.0,215.0
,0.023356664237268416,0.015203393171862959,-6.0,-172.0,-89.0,-83.0
,-0.05513448481277716,-0.005341924359173266,-36.0,392.0,178.0,214.0
,-0.04474379069562831,9.099473025388667e-05,-42.0,296.0,127.0,169.0
,-0.01865993498855151,0.05544721551401952,-258.0,100.0,-79.0,179.0
,-0.026552136407633077,0.037695036274369056,-162.0,160.0,-1.0,161.0
,-0.04550113061278157,-0.003981053332209939,-46.0,316.0,135.0,181.0
,-0.050187502574771656,-0.002991101589905643,-44.0,338.0,147.0,191.0
,-0.03629933832945348,0.030090228360952802,-163.0,237.0,37.0,200.0
,-0.01429154355950855,0.06578449573588326,-288.0,72.0,-108.0,180.0
,-0.056115685939650224,-0.005591472288876568,-36.0,406.0,185.0,221.0
,-0.05538937073574613,-0.005353179791923048,-38.0,398.0,180.0,218.0
,0.016081056821170676,-0.05697113218327686,230.0,-88.0,71.0,-159.0
,-0.01804317255675813,0.049376970321042046,-202.0,102.0,-50.0,152.0
,-0.04549683582062936,-0.00030838192523468394,-48.0,306.0,129.0,177.0
,-0.05339523097867457,-5.239383222711025e-05,-43.0,375.0,166.0,209.0
,-0.05438394023428208,-0.004894503813779905,-36.0,392.0,178.0,214.0
,-0.046534200855367795,0.009801991013719199,-96.0,322.0,113.0,209.0
,-0.056604731224989456,-0.002620263195708582,-48.0,402.0,177.0,225.0
,-0.054732578377459574,-0.001738270004347018,-52.0,386.0,167.0,219.0
,-0.013585750094050632,0.03502870007824422,-121.0,73.0,-24.0,97.0
,-0.055672151577624895,-0.003923670540111333,-42.0,398.0,178.0,220.0
,-0.03905322649388179,-0.006604672429193744,-32.0,278.0,123.0,155.0
,-0.05560144500879901,-0.006109413892084047,-31.0,399.0,184.0,215.0
,-0.05103280484521956,-0.011943873897980071,-14.0,366.0,176.0,190.0
,0.04286525815684564,0.0311519589062122,-59.0,-293.0,-176.0,-117.0
,-0.04879732079868503,-0.007493852461212524,-25.0,331.0,153.0,178.0
,0.0005576674643094988,-0.058502641261949304,191.0,5.0,98.0,-93.0
,0.04050402613606522,0.011887299512707727,17.0,-269.0,-126.0,-143.0
,0.023756954560141166,0.0275162704717914,-60.0,-164.0,-112.0,-52.0
,0.0352399772687649,0.03813000729735731,-85.0,-239.0,-162.0,-77.0
,-0.054063340627007975,-0.006164931781735383,-30.0,386.0,178.0,208.0
,-0.007656396006188429,0.04554737821770541,-115.0,49.0,-33.0,82.0
,0.004889886179201702,-0.04584018885993089,113.0,-31.0,41.0,-72.0
,-0.013914011593971825,0.04660542748691726,-132.0,90.0,-21.0,111.0
,0.01692765336365956,0.05345056789576551,-143.0,-117.0,-130.0,13.0
,0.032989793082108074,0.029118536850717424,-52.0,-222.0,-137.0,-85.0
,0.04820280083289789,0.015173407153562149,-4.0,-334.0,-169.0,-165.0
,-0.03925270270273293,0.00807359296138846,-64.0,266.0,101.0,165.0
,0.004546731079709493,0.04346847138719302,-186.0,-44.0,-115.0,71.0
,-0.04212813353596683,-0.0048236299473707195,-14.0,298.0,142.0,156.0
,-0.0333341774167142,-0.012833426424295042,5.0,231.0,118.0,113.0
,-0.03324152682338982,-0.0031948104459806133,-24.0,230.0,103.0,127.0
,-0.04898884984113415,-0.0052892675238332635,-31.0,329.0,149.0,180.0
,-0.05585899833658343,-0.0053855956812162665,-38.0,400.0,181.0,219.0
,-0.04696467746111408,-0.007285107769727087,-23.0,317.0,147.0,170.0
,-0.013481569351342761,0.06189523537713443,-321.0,69.0,-126.0,195.0
,-0.036412620676694624,0.017552186841800297,-103.0,257.0,77.0,180.0
,-0.010340413255417201,0.03413625706159573,-44.0,66.0,11.0,55.0
,0.010149916037669262,0.04678983901778647,-123.0,-81.0,-102.0,21.0
,-0.031306617371762886,-0.04013720837323412,77.0,209.0,143.0,66.0
,-0.011040343896966792,0.05120817998151931,-289.0,59.0,-115.0,174.0
,-0.0028426250131637926,0.0394645581094122,-196.0,10.0,-93.0,103.0
,-0.03174647101004335,-0.016018069018212025,13.0,209.0,111.0,98.0
,0.011400129738743233,0.05351405818285119,-143.0,-79.0,-111.0,32.0
,0.03328796554451817,0.04494219770471071,-125.0,-223.0,-174.0,-49.0
,0.03434122647420682,0.025767934806956376,-57.0,-227.0,-142.0,-85.0
,-0.027900883149789567,0.03332578809188109,-110.0,170.0,30.0,140.0
,-0.014234201954908949,0.029689379892853997,-72.0,100.0,14.0,86.0
,-0.014367482217913417,0.030405612767027402,-66.0,98.0,16.0,82.0
,-0.03308005785502757,-0.02798797143021528,42.0,216.0,129.0,87.0
,-0.04537811612386399,-0.006712030310059535,-29.0,307.0,139.0,168.0
,-0.0519033764775069,-0.0057809809463316925,-33.0,371.0,169.0,202.0
,0.014896568981635643,-0.057616767973446066,277.0,-75.0,101.0,-176.0
,-0.024277340403919295,0.048077341727697974,-221.0,139.0,-41.0,180.0
,-0.048354584308964124,-0.01077670160449791,-16.0,340.0,162.0,178.0
,0.014350176938316823,0.04413142268021446,-167.0,-107.0,-137.0,30.0
,-0.03784969490832692,0.03063466101163234,-183.0,243.0,30.0,213.0
,-0.044190602729939535,0.02264454249725501,-139.0,289.0,75.0,214.0
,0.00786649237281333,-0.06622767326421428,311.0,-33.0,139.0,-172.0
,0.03405130072961907,-0.03616212184815742,164.0,-220.0,-28.0,-192.0
,0.007468944589965076,-0.06995110646286426,328.0,-28.0,150.0,-178.0
,-0.04543873809681675,0.021042047144973267,-99.0,303.0,102.0,201.0
,-0.04586929390344006,-0.004011567163025433,-38.0,308.0,135.0,173.0
,-0.03876382798504064,-0.029720109921185317,87.0,269.0,178.0,91.0
,-0.036169367940461404,0.030063668678767214,-134.0,238.0,52.0,186.0
,0.0014163624720139368,-0.06840071712590823,246.0,4.0,125.0,-121.0
,0.006983122922757107,0.06443971291391025,-209.0,-55.0,-132.0,77.0
,-0.022262459579472364,-0.05120841406992774,147.0,149.0,148.0,1.0
,-0.0391078084311707,-0.004510300934127983,-33.0,261.0,114.0,147.0
,-0.05051685045469807,-0.005695164222405403,-34.0,362.0,164.0,198.0
,-0.013693479887266082,0.04792471463294035,-287.0,73.0,-107.0,180.0
,-0.049847444606274716,-0.0035608875107409218,-34.0,352.0,159.0,193.0
,0.007170655096988851,-0.06335103977608376,254.0,-28.0,113.0,-141.0
,0.01750319665410384,-0.053142996777578076,279.0,-99.0,90.0,-189.0
,-0.02400069138139431,0.03931017500038208,-225.0,145.0,-40.0,185.0
,0.030313004953687044,0.029734951810578173,-65.0,-205.0,-135.0,-70.0
,0.024186249602283272,0.03873140079322749,-109.0,-167.0,-138.0,-29.0
,0.02322950263305035,0.03542505818384619,-97.0,-161.0,-129.0,-32.0
,-0.01677774327280396,-0.03609637125746884,103.0,115.0,109.0,6.0
,-0.0460044263755674,-0.0039090296415913205,-36.0,310.0,137.0,173.0
,-0.015924844292140916,0.04602355136917597,-165.0,95.0,-35.0,130.0
,-0.04465329065571787,0.02154231774271612,-118.0,294.0,88.0,206.0
,0.014265630571180939,0.014130981217074661,-8.0,-94.0,-51.0,-43.0
,0.02526777560961207,0.047695154760213306,-133.0,-173.0,-153.0,-20.0
,-0.04045429123788169,-0.028213424493281933,42.0,276.0,159.0,117.0
,-0.047374715142832945,-0.003253760996251547,-42.0,316.0,137.0,179.0
,0.027213648473592315,-0.04502210088374884,175.0,-165.0,5.0,-170.0
,-0.04274889518430599,0.02332616355470226,-119.0,281.0,81.0,200.0
,-0.003568388378904661,-0.06191484764527135,257.0,41.0,149.0,-108.0
,-0.024914448292130627,0.03616991897086738,-114.0,156.0,21.0,135.0
,0.016678873399710362,-0.047431109754019526,174.0,-96.0,39.0,-135.0
,-0.030529426789923028,0.03929723857608789,-186.0,184.0,-1.0,185.0
,-0.0426052266703812,-0.002547054974160732,-27.0,283.0,128.0,155.0
,0.007645059799299089,0.05561786104185318,-205.0,-65.0,-135.0,70.0
,0.003233758485097185,-0.061627390362676435,285.0,-5.0,140.0,-145.0
,-0.0048110188911625685,0.061867269645177504,-294.0,12.0,-141.0,153.0
,-0.053705869237818914,-0.004614875172455403,-34.0,386.0,176.0,210.0
,-0.0003584896067079148,0.05577722808058988,-206.0,-10.0,-108.0,98.0
,-0.016510965994889413,0.06100061338501495,-262.0,90.0,-86.0,176.0
,-0.05417193275785126,-0.006702219139022683,-32.0,386.0,177.0,209.0
,-0.03508230223674571,0.04007429142177084,-163.0,221.0,29.0,192.0
,-0.041857773047525734,0.026933382366740605,-149.0,273.0,62.0,211.0
,-0.017658425242515766,-0.029350743891073186,90.0,120.0,105.0,15.0
,-0.05448893212422499,1.2672181078081135e-05,-60.0,384.0,162.0,222.0
,-0.04659236076945776,-0.004758432431455538,-31.0,315.0,142.0,173.0
,-0.008726439683566609,-0.046737614797057944,169.0,69.0,119.0,-50.0
,-0.049499442882099204,0.0040323714700225026,-80.0,348.0,134.0,214.0
,-0.010978783797447716,0.06286752198948575,-225.0,61.0,-82.0,143.0
,-0.04213787756045853,0.026396286495900128,-118.0,280.0,81.0,199.0
,-0.023282590071024317,0.005926952966640632,18.0,152.0,85.0,67.0
,-0.009572383696286943,-0.0433793679298774,159.0,63.0,111.0,-48.0
,0.038530823399154215,-0.0010586834604528386,45.0,-277.0,-116.0,-161.0
,-0.01619478147541829,-0.03545366618366034,60.0,102.0,81.0,21.0
,-0.049904336821156005,-0.005561345984547639,-34.0,338.0,152.0,186.0
,-0.020262736897513407,0.037992891067961845,-161.0,123.0,-19.0,142.0
,-0.0023590122325415227,0.014756162154173262,-93.0,11.0,-41.0,52.0
,-0.01301203101803389,0.022267125120750464,-106.0,78.0,-14.0,92.0
,-0.004293148990304423,0.013144578107600688,11.0,19.0,15.0,4.0
,0.041683992429313886,0.017860347105641394,-18.0,-288.0,-153.0,-135.0
,-0.04299104421910115,-0.015719049576174003,5.0,293.0,149.0,144.0
,-0.03778841222593331,-0.0037596442820395258,-27.0,251.0,112.0,139.0
,0.006866770043562992,-0.047523362926156346,153.0,-35.0,59.0,-94.0
,0.026588120707013618,-0.032240068864905706,128.0,-170.0,-21.0,-149.0
,-0.04243656907395709,0.011915582030778587,-71.0,285.0,107.0,178.0
,-0.047639753254712584,-0.005168910871007346,-29.0,323.0,147.0,176.0
,-0.053777630664523755,-0.00653945348352859,-34.0,380.0,173.0,207.0
,-0.04876559031391533,0.01314687579114956,-105.0,331.0,113.0,218.0
,-0.02984218907166112,0.04932614999769056,-230.0,182.0,-24.0,206.0
,-0.050431311742254493,0.005613835302587916,-77.0,343.0,133.0,210.0
,-0.047767525418836956,0.0009111252859765938,-50.0,330.0,140.0,190.0
,-0.0026563054245592097,0.04557792960079733,-193.0,1.0,-96.0,97.0
,-0.042655394561875094,-0.0076755937091795,-23.0,285.0,131.0,154.0
,-0.04460273461648687,-0.00827444849382741,-15.0,317.0,151.0,166.0
,-0.016400073036300193,-0.04174205523837143,143.0,119.0,131.0,-12.0
,-0.019232412376619618,0.04465696693612981,-201.0,111.0,-45.0,156.0
,-0.013289330135183906,0.050388006286062124,-227.0,81.0,-73.0,154.0
,-0.011594628241557207,0.0552794284432892,-193.0,61.0,-66.0,127.0
,-0.05066104645793422,0.005129692653520171,-62.0,346.0,142.0,204.0
,-0.04868081775847419,-0.0022108791747507406,-44.0,340.0,148.0,192.0
,0.018584652835733233,0.04207253905689837,-111.0,-133.0,-122.0,-11.0
,0.03213366486092571,0.0053986565140525045,-20.0,-238.0,-129.0,-109.0
,-0.0015519112968231151,-0.046575065043624256,129.0,17.0,73.0,-56.0
,-0.04567704836160889,0.013952383099502022,-81.0,305.0,112.0,193.0
,-0.04516542096776461,-0.005533730958632911,-26.0,304.0,139.0,165.0
,-0.009981289394192721,0.0659731388555195,-380.0,44.0,-168.0,212.0
,-0.033939515177149736,0.03337627476118422,-182.0,212.0,15.0,197.0
,0.015829009247437943,-0.05602684390626832,310.0,-90.0,110.0,-200.0
,-0.010528704217086972,0.06296662685336395,-271.0,53.0,-109.0,162.0
,-0.047387063327474006,0.003744884664628965,-65.0,333.0,134.0,199.0
,0.012832085692413845,-0.056009133655690525,235.0,-65.0,85.0,-150.0
,0.04662907572594039,-0.010341865024558937,92.0,-310.0,-109.0,-201.0
,-0.025104716440502436,0.0508879987945559,-217.0,147.0,-35.0,182.0
,0.021241658457278174,-0.04882837219185298,210.0,-120.0,45.0,-165.0
,-0.02606481531161447,0.02741027438357055,-135.0,157.0,11.0,146.0
,-0.024785299805777126,0.026807847094438522,-142.0,146.0,2.0,144.0
,0.022779397508435446,0.014782296298117704,-50.0,-160.0,-105.0,-55.0
,-0.037243419874475304,0.0020122061828800036,-18.0,260.0,121.0,139.0
,-0.020744230780212872,0.007862754613419799,-61.0,143.0,41.0,102.0
,-0.0064755447799211205,0.013637113108144071,-101.0,27.0,-37.0,64.0
,-0.05283177598269273,0.005148320254851659,-67.0,361.0,147.0,214.0
,0.045717460491499606,0.010638659057500315,8.0,-326.0,-159.0,-167.0
,-0.053338544260347606,-0.007356824663728649,-30.0,366.0,168.0,198.0
,-0.026440181356938826,0.02277703766557136,-167.0,159.0,-4.0,163.0
,0.007185036893407474,-0.05790462222560524,336.0,-26.0,155.0,-181.0
,-0.01602493618778742,0.011478155687572595,-86.0,80.0,-3.0,83.0
,-0.05318455978440004,-0.004172229928399522,-44.0,372.0,164.0,208.0
,-0.048103672604876004,-0.00452374802038945,-36.0,334.0,149.0,185.0
,-0.04529931962704335,-0.002807490497981581,-43.0,299.0,128.0,171.0
,-0.054288819892766786,-0.005672455681760442,-36.0,386.0,175.0,211.0
,-0.0539766077483518,-0.004366868799315696,-44.0,386.0,171.0,215.0
,0.008775143913920194,-0.0002361527026440842,90.0,-46.0,22.0,-68.0
,-0.03934151288487901,0.016480738360163862,-112.0,258.0,73.0,185.0
,-0.03805921992018591,0.016865687123803857,-104.0,246.0,71.0,175.0
,0.006559682041890747,-0.053020145650545886,204.0,-26.0,89.0,-115.0
,-0.00011317059479492359,-0.05364325016685326,218.0,20.0,119.0,-99.0
,0.004780818635477252,0.033827654552859396,-165.0,-47.0,-106.0,59.0
,-0.04214709108399301,0.00022870759976468486,-35.0,287.0,126.0,161.0
,-0.004636083755523272,-0.05582448004798216,201.0,43.0,122.0,-79.0
,-0.054921499255113256,-0.002710191357743307,-45.0,395.0,175.0,220.0
,-0.043775578611117194,0.012803628559224881,-107.0,293.0,93.0,200.0
,-0.05587182935419901,-0.0027037196505756297,-53.0,399.0,173.0,226.0
,-0.03678702101071804,0.03225775160700771,-129.0,233.0,52.0,181.0
,0.00046262622877237653,-0.04075654032477659,133.0,3.0,68.0,-65.0
,-0.0020649305539058,0.032499875681125306,-107.0,13.0,-47.0,60.0
,-0.021380985716504472,0.04622377558919053,-222.0,124.0,-49.0,173.0
,-0.05118036506347292,-0.000741722807694505,-46.0,352.0,153.0,199.0
,-0.01675918622878988,-0.0484140888854129,147.0,119.0,133.0,-14.0
,0.025055579525709203,-0.054929271001934225,265.0,-143.0,61.0,-204.0
,-0.051669319022221924,-0.0051757283904610195,-38.0,368.0,165.0,203.0
,-0.04551529301988584,-0.005059884698414049,-34.0,304.0,135.0,169.0
,0.03432066916327047,0.024585370661161145,-106.0,-268.0,-187.0,-81.0
,-0.0055169361508942754,-0.06986758214697801,245.0,51.0,148.0,-97.0
,-0.027371695843055682,0.007007787908768694,-36.0,166.0,65.0,101.0
,0.019079256994247947,0.05679280960001284,-192.0,-138.0,-165.0,27.0
,-0.03205469820966693,0.018327602384149384,-98.0,200.0,51.0,149.0
,-0.03437629222272303,-0.005316529930070952,30.0,236.0,133.0,103.0
,-0.04736797979017116,-0.0012814665760476794,-25.0,327.0,151.0,176.0
,-0.04627161180649943,-0.007246172896162646,-38.0,328.0,145.0,183.0
,0.0027732852667397543,-0.045844014996182667,192.0,-12.0,90.0,-102.0
,0.03203722019395593,-0.025845223006149953,146.0,-214.0,-34.0,-180.0
,-0.00037836575277882135,-0.04673949451554858,191.0,7.0,99.0,-92.0
,0.0324053394813295,0.032521223280280856,-67.0,-223.0,-145.0,-78.0
,0.026398257067000365,0.04903646329502025,-145.0,-185.0,-165.0,-20.0
,-0.00018307375879770803,-0.057240249804132615,254.0,22.0,138.0,-116.0
,-0.028543094013097042,0.03503509238027253,-166.0,170.0,2.0,168.0
,-0.040284946020654015,0.029960559788709745,-153.0,259.0,53.0,206.0
,0.0017642957798376902,0.04744801393960103,-125.0,-13.0,-69.0,56.0
,-0.012528180654128918,-0.05346923360724699,156.0,90.0,123.0,-33.0
,-0.00996211271623422,-0.06245623706139641,228.0,84.0,156.0,-72.0
,-0.04826790872981209,-0.0062231415877908695,-22.0,338.0,158.0,180.0
,0.035565403756678646,0.034760427233056265,-84.0,-248.0,-166.0,-82.0
,0.02466882795826308,0.04841826403235631,-153.0,-177.0,-165.0,-12.0
,-0.0043720434096683105,-0.04625416885380938,175.0,35.0,105.0,-70.0
,-0.011837726845183383,-0.011832508588339974,73.0,93.0,83.0,10.0
,0.025274813708976437,-0.029584743801530144,115.0,-173.0,-29.0,-144.0
,-0.03955733993358883,0.007084898227370489,-69.0,263.0,97.0,166.0
,-0.0317366792707903,0.027062258204403344,-133.0,201.0,34.0,167.0
,-0.0020744555146852157,0.03345385532214115,-112.0,2.0,-55.0,57.0
,0.02896213906866015,0.0009906860226679172,58.0,-208.0,-75.0,-133.0
,0.009581655466768502,-0.05985740873246111,242.0,-48.0,97.0,-145.0
,0.00261617533507648,-0.06242047817762388,252.0,-2.0,125.0,-127.0
,0.04351225742889466,0.014261654756807404,9.0,-307.0,-149.0,-158.0
,0.012762714408108151,-0.056203416441780986,233.0,-67.0,83.0,-150.0
,-0.011207968642657464,0.02083608934385292,-47.0,67.0,10.0,57.0
,-0.018285670903068624,0.027073608953917114,-72.0,118.0,23.0,95.0
,-0.0422549431111715,0.0003697700275472001,-42.0,278.0,118.0,160.0
,-0.01166657562614742,0.06202075925480087,-245.0,67.0,-89.0,156.0
,-0.05663801515473371,-0.004116553982448149,-48.0,410.0,181.0,229.0
,-0.04134579137932755,-0.03222664983090142,53.0,277.0,165.0,112.0
,-0.047362482209912606,-0.005031574686711449,-43.0,321.0,139.0,182.0
,-0.012718452107052376,-0.05396727319004154,155.0,91.0,123.0,-32.0
,0.023945348969870432,-0.04829357264732272,195.0,-147.0,24.0,-171.0
,-0.013625008100317807,0.04747274228817659,-278.0,72.0,-103.0,175.0
,0.03889269254694057,-0.01165977752830082,106.0,-264.0,-79.0,-185.0
,-0.019491255516829724,0.046687398868554386,-208.0,108.0,-50.0,158.0
,-0.012347605640660406,0.041346208831139014,-197.0,73.0,-62.0,135.0
,-0.03834114803187946,-2.2512481133775536e-06,-51.0,255.0,102.0,153.0
,0.04513450770068956,-0.0016836298650472908,61.0,-319.0,-129.0,-190.0
,-0.0502045835428845,0.0034382580747587834,-54.0,350.0,148.0,202.0
,-0.01434032280962688,0.06041084283732407,-291.0,71.0,-110.0,181.0
,-0.010302209606779217,0.05141357486086234,-228.0,50.0,-89.0,139.0
,-0.03942586188914998,0.016867592418839093,-96.0,258.0,81.0,177.0
,-0.04616335103712874,0.011584762733683794,-103.0,309.0,103.0,206.0
,0.03417213081860758,0.011388436141372138,-35.0,-247.0,-141.0,-106.0
,-0.00881228127505765,0.027173400934730575,-126.0,54.0,-36.0,90.0
,-0.01335798424791067,0.04910296557915586,-226.0,74.0,-76.0,150.0
,-0.011574087957374656,0.05269989144600335,-263.0,59.0,-102.0,161.0
,-0.008138323945008262,0.05326231287872527,-219.0,41.0,-89.0,130.0
,-0.027990571318379693,0.021266690106919225,-137.0,193.0,28.0,165.0
,-0.0007108708933028251,-0.032398612068867766,111.0,1.0,56.0,-55.0
,-0.0019363441678085236,0.03285133216063452,-65.0,19.0,-23.0,42.0
,-0.013163800721492317,0.02415058023904375,-80.0,100.0,10.0,90.0
,-0.011086600085947574,0.002830650590780334,53.0,99.0,76.0,23.0
,0.00686157363477288,-0.06816707754159829,352.0,-22.0,165.0,-187.0
,-0.003601515760466133,0.06499068263815137,-305.0,3.0,-151.0,154.0
,0.01452453316804095,-0.04161074660296708,255.0,-79.0,88.0,-167.0
,-0.0333703720361857,0.008582526746058108,-80.0,212.0,66.0,146.0
,-0.018552322778252806,0.05693749341812406,-277.0,105.0,-86.0,191.0
,-0.018822598641083176,0.05418676016586566,-282.0,106.0,-88.0,194.0
,-0.038601815055262494,0.020444975436692582,-124.0,250.0,63.0,187.0
,0.03243917266883714,-0.039619025740015225,224.0,-208.0,8.0,-216.0
,0.030891777366259466,-0.007050462060721765,51.0,-223.0,-86.0,-137.0
,0.0013155624066449238,-0.04965326784692483,208.0,2.0,105.0,-103.0
,-0.005409265361585949,0.049226122453954635,-199.0,25.0,-87.0,112.0
,-0.015611405343671567,0.039290072105704975,-227.0,89.0,-69.0,158.0
,-0.009284581821112461,0.065853878459943,-345.0,37.0,-154.0,191.0
,-0.0024427404600165068,0.0636945337638854,-314.0,-6.0,-160.0,154.0
,-0.020116750606763115,0.015794974270131355,-71.0,119.0,24.0,95.0
,-0.04290854235337898,0.003755135192053114,-91.0,299.0,104.0,195.0
,-0.009488988834966053,0.024029167414760428,-126.0,54.0,-36.0,90.0
,-0.04998726079915234,0.008421122710448908,-79.0,343.0,132.0,211.0
,-0.03363533956290471,0.019193394548553698,-92.0,220.0,64.0,156.0
,-0.024059583817303113,0.045848675799032755,-245.0,153.0,-46.0,199.0
,-0.02310690540364618,0.013390718655592042,-77.0,147.0,35.0,112.0
,0.0059261948375821044,0.04441975361521959,-196.0,-56.0,-126.0,70.0
,-0.015530610904620924,-0.04281288303437173,176.0,120.0,148.0,-28.0
,-0.03218398156656149,0.029301619399587465,-132.0,208.0,38.0,170.0
,-0.018526863168073875,0.037768147163537616,-161.0,113.0,-24.0,137.0
,-0.021224992438393497,0.03335139067361593,-174.0,132.0,-21.0,153.0
,-0.007258479816662154,0.012904974309321901,-40.0,34.0,-3.0,37.0
,-0.0337397161652982,0.004032548739176075,-59.0,217.0,79.0,138.0
,-0.033684228938296465,0.02043604810280866,-104.0,218.0,57.0,161.0
,0.015130281759185554,0.0462942303250221,-154.0,-104.0,-129.0,25.0
,-0.0379145766166073,-0.007165769846377664,-31.0,259.0,114.0,145.0
,-0.03685562967356692,0.0006122011086470944,-48.0,244.0,98.0,146.0
,-0.03213401962134438,-0.015217834432749712,6.0,226.0,116.0,110.0
,-0.03579594151201098,-0.000983620680272762,-29.0,257.0,114.0,143.0
,-0.014164815903680903,0.01595969901706278,-37.0,93.0,28.0,65.0
