Pelosi,7.217393991974733e-16,1.3966542429405673e-15
Passed,1.3815681192005954e-15,-1.4131512635714252e-15
Passed,-3.1034334636046416e-16,3.4366444518044787e-16
Failed,-4.5695199941508734e-17,-2.82534816225359e-16
Passed,-8.595291126042485e-17,4.1870057803413666e-16
Passed,-7.277118382573706e-17,-2.0868601747982695e-16
Failed,-2.196642411104218e-17,-5.425317363731341e-17
Passed,1.0430067622258302e-16,8.664276216035136e-17
Failed,2.873561254634878e-16,-8.486419348272226e-17
Passed,7.774211364346987e-17,-2.278835302663574e-16
Passed,-8.203458745948949e-17,-3.015013870100036e-17
Passed,-1.4838778847453217e-16,-2.3664768879311187e-16
Passed,1.1609859582363252e-16,6.974043962780953e-17
Passed,3.3612141982268217e-17,-6.503697664771237e-17
Passed,5.4656347444963087e-17,-1.284578154215666e-16
Passed,3.752106188009941e-17,8.69479907669243e-17
Passed,1.336247935896162e-16,6.92610940830867e-17
Passed,-1.8372379862332892e-16,-2.399121530058112e-16
Failed,-3.180639806990837e-16,-9.730861578473508e-18
Passed,7.035274779979982e-17,9.928815150387996e-17
Failed,7.306402986108884e-17,9.464186156095468e-17
Passed,-1.6731886842260123e-17,5.20468810509659e-18
Failed,9.795624654986297e-17,-1.912714238049175e-17
Passed,-1.311847176161205e-16,2.9913688972590974e-17
Failed,6.2539953755593984e-18,2.603019824998003e-18
Passed,-5.0007954797132526e-17,1.6349475003335243e-16
Passed,4.425831741485626e-17,7.086110129616672e-18
Passed,6.072915149534391e-17,-3.9499964146503137e-17
Passed,-5.626406831094289e-17,-1.6054844080018446e-16
Failed,1.8718819857802795e-17,-6.241022217819095e-17
Passed,8.018838976785396e-17,3.764408552065626e-17
Passed,1.6308654053322456e-17,2.458751906334819e-18
Passed,-3.6774152258072885e-18,-4.392263684222679e-18
Passed,-2.3001666786521903e-18,-3.026169570662125e-18
Passed,1.5283790641607718e-18,-1.1617227778416845e-18
Agreed to,-6.788194079675619e-18,6.404494182166495e-18
Failed,3.918186611719402e-18,8.707956530436177e-19
Passed,-5.087340253352332e-18,8.688291723580624e-18
Passed,-3.765519426316153e-18,3.947723947958969e-18
Passed,-9.893632793810766e-19,-1.1429599691330967e-17
Passed,-5.0754629859994384e-18,-5.79162482371565e-18
Failed,1.2042673044691291e-18,2.3812283964938164e-18
Passed,-9.867617795229158e-18,1.7907574207377026e-18
Passed,-4.33900333774859e-18,3.9466197032237926e-18
Passed,2.3368511482690814e-18,3.9917448656446185e-19
Passed,5.517575576065071e-18,-5.307284086713103e-18
Failed,3.3886997208199246e-18,-8.2226054127501705e-19
Passed,7.956064850624407e-18,-7.933708115746047e-18
Failed,8.969364772251259e-19,2.876260749035489e-20
Passed,-1.8210830073728667e-18,3.249207839442804e-19
Passed,-5.874531055644392e-18,-1.6357201638348644e-18
Passed,-1.2820416244508593e-18,-4.937099152550246e-18
Passed,4.7449482581833195e-18,3.528971228490764e-18
Failed,-1.02346487754287e-18,-5.931920345145706e-19
Passed,1.5848615038623472e-18,-5.3961258191148675e-19
Passed,-9.333501043856964e-20,4.585755069867076e-18
Passed,-6.316102895341523e-19,-3.985538277486627e-18
Passed,1.6783904601474553e-18,-1.8383417375105936e-18
Passed,6.3447709100668414e-18,-1.1811041840580573e-18
Passed,1.5530967483484568e-18,-2.0089459892667562e-18
Agreed to,-2.984921882971377e-18,4.720769920120081e-18
Failed,-5.131372062991078e-18,-1.9092678580113628e-17
Passed,-6.081480955262476e-18,6.779521496610303e-18
Failed,3.1495559940257504e-19,-4.30184702566597e-18
Passed,-1.1466855363542392e-18,-2.265105788587247e-18
Passed,-8.473003276775837e-19,7.079004730285295e-19
Passed,2.738697887831108e-18,6.439703697908184e-18
Passed,1.375893602596368e-18,2.552113877626194e-18
Passed,-5.712539050338038e-18,-1.604006168025822e-17
Passed,-2.1539545337261234e-18,-1.6771051146458063e-18
Failed,2.2038853957279542e-18,2.862183711162245e-19
Agreed to,-1.880451897041606e-18,3.9863772792810174e-19
Failed,-1.015541410647732e-18,1.948356883846006e-18
Passed,1.590953793355631e-18,2.3544757373726334e-18
Passed,3.1196334810150317e-18,-2.5505173779271703e-18
Passed,-3.501849609900362e-19,3.0400382439929184e-18
Passed,-1.0454967033901153e-18,-4.979578928875589e-18
Passed,3.342650936017658e-18,2.0127973616942316e-18
Passed,8.240233699393355e-19,-2.3018197504897462e-18
Agreed to,-3.2431465453492974e-18,-4.0771451291058186e-18
Passed,-3.282415752077029e-18,2.0573648383010462e-18
Passed,1.3285836933837366e-18,-2.006150011688901e-18
Passed,2.6956751018162853e-20,1.9111513778824954e-18
Passed,-8.867771036803819e-19,-1.082878963725571e-18
Passed,3.614038364803554e-19,-4.0228924393709644e-18
Passed,-1.1346451520830758e-18,1.4158369539912183e-18
Passed,1.5436521608754287e-18,4.100140548109563e-18
Passed,5.397505935721633e-19,-1.9780366496693975e-18
Passed,-2.6954296239713133e-18,-5.786624412721349e-19
Passed,1.798487330313535e-18,-5.071466282646028e-18
Passed,-1.6636484853149232e-18,3.622224698080842e-18
Passed,6.687976537148232e-19,-2.4866259261317912e-18
Passed,-1.6264520742257772e-19,-2.2523064486923864e-18
Passed,8.303067710968002e-19,2.5751836474581902e-18
Failed,-1.2207283965816068e-18,-7.932239217654137e-18
Agreed to,2.048478606091004e-18,1.0920163202731248e-18
Passed,-7.952278410062925e-19,-1.6736316677315898e-18
Passed,2.797049861415059e-19,1.315764327853801e-18
Agreed to,4.1218318313411406e-19,2.0078427126654426e-18
Agreed to,-1.9272179005422553e-18,2.1150710383333536e-18
Failed,-1.4913234028823465e-18,-2.575293312630644e-18
Passed,-3.112213693105623e-18,-7.231641520407476e-19
Passed,-8.658427331602635e-19,-5.553189999017516e-18
Passed,-8.39073016640388e-19,-5.328617242135201e-19
Passed,-2.3672708466423647e-18,3.5107494077051005e-18
Passed,1.6475707490997688e-18,-2.3597276788965787e-18
Passed,-3.0342511490372295e-18,-1.8991277035344885e-18
Agreed to,-4.982335756832116e-19,-3.907146524147434e-18
Failed,1.589742216937717e-19,1.328469383850429e-19
Failed,1.7087145198942811e-18,-8.469848158862951e-19
Failed,-6.160135454538201e-19,-2.942772236314714e-20
Failed,-5.074578877867438e-20,-1.5269348866201427e-19
Failed,5.328879754332407e-21,7.448202203994286e-18
Agreed to,-2.5273796665339965e-18,-2.0199710465210585e-20
Agreed to,4.430905212079122e-19,-5.387509878237053e-19
Failed,4.592536140172663e-19,-1.88205296740806e-18
Passed,1.666701069548661e-19,-7.115139309808497e-19
Passed,1.2606227854723681e-18,4.320500146947977e-18
Passed,1.0726265550456918e-18,3.485169617104088e-18
Passed,-1.7560763938690987e-18,7.198155565170143e-19
Passed,-3.2508429816399578e-19,5.385455702210364e-19
Passed,1.69517982798222e-19,-1.2852356145108105e-18
Passed,1.6272469220105341e-18,-8.0871069479986e-19
Passed,3.910482575796021e-19,3.3479033174763836e-18
Passed,-5.80737517038725e-19,-1.3424818543810431e-18
Failed,1.4142364861963594e-19,-3.3093836449300708e-18
Passed,1.4364826998908704e-18,-3.1502737809273987e-18
Passed,-8.130291017210249e-19,7.674907515013666e-18
Passed,-1.2062158522966428e-18,4.362384192037295e-19
Passed,-7.759596806827177e-19,-1.8545063326251056e-18
Agreed to,4.619467880017576e-19,4.810225667624884e-18
Failed,-3.108630378642085e-19,-9.587068457726184e-20
Passed,-7.600097284181444e-19,2.4021445750987754e-18
Passed,1.6614895246948127e-20,-1.4908795114745285e-18
Passed,1.4170308428091805e-18,1.1948580606236954e-18
Passed,2.1774429963337053e-19,-2.021460413830294e-18
Passed,-4.492472435880122e-19,2.070977388567534e-18
Passed,1.0026340526305188e-18,-1.9390649594881704e-18
Passed,1.337200911030256e-18,-1.5858811032985121e-18
Passed,-7.173451253546546e-20,-3.7365797905533648e-19
Passed,9.478035280050836e-19,5.156190484470895e-20
Passed,2.368384811913483e-18,1.6958280759593479e-18
Passed,3.725880785266294e-19,3.856791518413561e-20
Passed,-1.0130700191199665e-19,2.485091757999501e-18
Passed,1.4034038960856222e-18,2.6231967437689407e-18
Agreed to,-2.898994973299679e-19,-1.76967023208202e-18
Agreed to,4.573109284283424e-19,-7.71630229573764e-19
Agreed to,-5.402958319337488e-19,-3.3392008673502515e-19
Agreed to,3.8349336880124553e-19,8.199106443579193e-19
Passed,2.843483162772622e-19,1.1726837690518273e-18
Failed,2.8331408114675597e-19,-7.558838547132699e-19
Passed,-1.3640528321524235e-18,1.9102453547113866e-18
Agreed to,-6.964020953344505e-19,4.8672812997530866e-18
Failed,-2.1383863191539716e-19,-1.5440630044989513e-18
Passed,-8.629417104069485e-19,-3.4492422676710716e-18
Passed,-1.606891889033848e-18,-1.305020294255202e-18
Passed,2.561167853079413e-19,1.3870152037603798e-18
Passed,-8.946708930705312e-19,-1.328252809448512e-18
Passed,3.015594176538434e-18,3.3087317222659307e-18
Passed,1.4485030333930914e-18,1.488909849688418e-18
Passed,-7.765594599535924e-19,2.6018938380401784e-18
Agreed to,-1.5829933254701385e-18,2.947596838877126e-18
Agreed to,-1.8897707393876984e-19,6.170291669545004e-19
Agreed to,4.976189289095834e-19,8.956566092133968e-19
Failed,-5.929996760380043e-20,-1.7188929150395027e-18
Passed,1.6742164858068397e-19,-1.5934170657711903e-18
Passed,7.022462415934785e-19,4.042888619562265e-18
Passed,2.2263464746552158e-19,2.047823840051887e-19
Passed,1.0840569907226761e-19,2.5407950742603447e-18
Passed,-7.2893558504899415e-19,4.4465334274786835e-18
Passed,2.2972493154933665e-19,-5.069020801333447e-19
Passed,7.501949055736992e-21,1.5533855680297185e-18
Passed,1.6456907468624147e-20,1.5951582576596516e-18
Agreed to,1.166190928889819e-18,1.736925010095404e-18
Failed,1.5136972070007596e-18,-3.772032123830233e-18
Failed,-7.031801216301487e-19,2.4151300780790014e-18
Agreed to,-1.1477104779078332e-18,4.062284856820638e-18
Agreed to,1.389819833713255e-19,-5.0163356179966175e-20
Agreed to,4.68443953916538e-19,-2.0778129142996223e-18
Agreed to,6.986003739987921e-19,-4.259863198058729e-18
Agreed to,-6.453325540100836e-19,2.901692456173861e-18
Failed,5.759757214125785e-20,1.669957539670181e-18
Passed,-1.190882427204533e-19,1.6781327377436647e-19
Passed,-3.174014560225514e-19,5.4831354106262375e-19
Passed,8.015374092182702e-19,1.0802474254496952e-18
Passed,5.010363821864343e-19,-1.5655105841019213e-18
Passed,-1.0781023206190306e-20,-1.205657977280381e-18
Passed,-3.7503123883299643e-19,7.493592745387891e-19
Passed,-1.0715400509855195e-18,2.351138675212525e-18
Agreed to,-1.2196252275433214e-18,5.294785138588562e-18
Failed,-3.3354142056783434e-19,4.236407766927846e-21
Agreed to,5.74024370205969e-19,-3.8127131074661247e-19
Agreed to,8.77590044599326e-19,-7.692997866453677e-19
Failed,-6.855432836298894e-20,2.631154663201615e-18
Passed,6.781501924222415e-19,-2.273880611383897e-18
Agreed to,-1.1163233696546041e-18,1.815377514835074e-18
Agreed to,-1.7165929674829156e-19,-7.020961867701274e-19
Agreed to,-9.400715739457314e-19,9.637248235172357e-19
Agreed to,-4.98773503663837e-19,-1.1717356616810143e-18
Failed,-2.615210610389733e-19,2.2810426186517796e-18
Passed,9.308456420080784e-19,-6.80952401296213e-19
Passed,7.869322783291906e-19,4.1379293705302117e-19
Passed,7.284446361106056e-19,-4.244359859194041e-18
Passed,1.5355109085765008e-18,-2.7002030590258287e-18
Passed,-1.6790409826714531e-18,-1.5620013576234066e-18
Passed,-2.4010849487990573e-19,-3.261818238583407e-19
Passed,-1.4083423323256056e-18,8.116466615090479e-20
Passed,5.647815607894138e-19,-1.9424896044150103e-18
Failed,6.034804598608452e-19,-2.5341537857606832e-18
Agreed to,8.650143027464522e-19,-1.147452515936112e-18
Agreed to,-3.811533912393825e-19,-1.1550004902188572e-18
Failed,9.826493244983136e-19,-2.3337474965540422e-18
Passed,2.9565718206407265e-19,-1.0234485006373677e-18
Passed,-7.308943573533119e-19,1.5494049527522102e-18
Failed,2.0841958723355537e-20,-1.1097831720432473e-18
Passed,1.3672774608679353e-18,-1.4042218479294512e-19
Passed,-7.22940047875857e-20,2.246319536016549e-19
Passed,-1.7779396172794718e-19,-2.3694950424096234e-18
Passed,-9.97579307316707e-19,9.45513584658464e-19
Passed,5.442923148125495e-19,-1.6321746067066892e-18
Failed,3.460434752258448e-19,5.726030684571762e-19
Failed,6.734060050827282e-19,-1.0295259551737533e-18
Failed,1.7742946803733295e-19,-1.8066155836189014e-18
Agreed to,3.6208698219691475e-19,-1.8957674762978375e-19
Agreed to,-3.562280605599273e-20,1.5218949509227254e-18
Failed,-9.631177607735763e-19,1.317169107385048e-18
Passed,1.200867462149682e-19,-1.125581441861532e-18
Passed,-1.8856009881977464e-19,1.4441615391259704e-19
Failed,-1.6141202699999821e-18,2.766744386470997e-18
Passed,4.693219369664039e-19,1.4388828122097952e-18
Passed,-4.146003587453771e-19,1.4758646853142188e-18
Passed,6.719634267031629e-19,-1.0858177293585774e-18
Passed,1.3412346180494603e-18,-2.7088681136780798e-18
Passed,-1.1069896018105324e-18,3.544411330945979e-18
Passed,-5.84616632944989e-20,1.339960987382716e-19
Passed,6.063079724792055e-19,4.2072985295809546e-19
Passed,-4.2092492778258206e-22,5.059906615133844e-20
Failed,-4.2015127158921043e-19,8.94990366198642e-19
Passed,-7.780996628856635e-19,1.6188701417812563e-18
Passed,-4.336295033713866e-19,2.5024280355620484e-18
Passed,7.755765976002646e-19,-9.732022858989367e-19
Passed,-3.135476429499649e-19,1.0865067974550515e-19
Passed,4.262219310645321e-19,1.5482548571112593e-19
Passed,-2.575691251946884e-19,2.1799404515215466e-18
Passed,9.032154506337192e-19,3.7632002579280766e-19
Passed,6.431977872670739e-20,-6.772749643848462e-19
Passed,4.313118851527722e-19,-9.533338067677456e-19
Failed,-3.5590732948288315e-19,-1.0071371818863545e-18
Failed,4.7519038727265506e-20,4.837031233608441e-19
Agreed to,-6.328048419950566e-19,1.7343646198450508e-18
Agreed to,-6.031569888341174e-19,6.548650416384556e-19
Agreed to,6.90854423012021e-20,1.2973411809017142e-18
Agreed to,-2.5028061969645347e-19,1.2671089204995837e-18
Agreed to,1.2797804190129094e-19,1.1106954560936765e-18
Agreed to,3.189202425960095e-19,-1.437294313586816e-18
Agreed to,-7.180322487193913e-19,1.8833328621904105e-18
Agreed to,6.529370620504707e-19,-1.2737982080594962e-18
Agreed to,-1.435014455345118e-19,1.6822874219503392e-20
Agreed to,-8.560800417395578e-20,5.545403747848376e-19
Agreed to,-5.161186960312806e-19,3.2581751380591495e-19
Agreed to,1.9956563992552394e-19,-2.416471239849148e-18
Agreed to,-1.0406114034296573e-18,1.5793383779019719e-18
Passed,-8.342346110096851e-19,-6.412463896288543e-20
Passed,-7.223345599399818e-19,-5.616598501489296e-19
Failed,1.1264703040396622e-18,-2.6319611953396018e-18
Failed,2.5288103834278946e-19,-8.790187758497489e-19
Agreed to,-5.365354166361006e-21,-3.8566466215182566e-19
Agreed to,4.036413334572819e-19,-1.3854278206058824e-18
Agreed to,1.140251948808189e-19,-1.0229529705225507e-18
Agreed to,-9.315084705113013e-19,1.062747937605991e-18
Agreed to,-6.496449429805527e-19,2.7412708071763336e-18
Agreed to,8.085198028796517e-19,-2.1938882688640558e-18
Agreed to,3.7740585680536833e-19,1.969838765663371e-18
Agreed to,-2.536833583659207e-19,-4.945209378422665e-19
Agreed to,-1.372821950563298e-19,-1.9536837918636115e-19
Agreed to,1.148259858070821e-18,-3.4514177292157513e-18
Agreed to,2.692322949202308e-19,-2.769415025771882e-19
Agreed to,-5.6846902590361e-19,1.1920386057689479e-18
Agreed to,4.526901038193943e-19,-4.11160927086325e-19
Agreed to,-1.0291490868120235e-18,1.1765001593091782e-18
Agreed to,-2.702900467972716e-19,1.0861498657966538e-18
Agreed to,8.281663213752355e-20,2.4628195120971414e-18
Failed,-9.0606250847808e-19,1.945574239366265e-18
Failed,4.866622299189914e-19,-1.2486997194399007e-18
Agreed to,5.4795927074696e-19,-1.1032308335444563e-19
Agreed to,-3.516834365846047e-19,8.122729506686906e-19
Agreed to,-1.4037702998408707e-18,2.564683248650913e-18
Failed,-3.1196551089840792e-19,1.8815569382745522e-18
Agreed to,1.1379128695733596e-18,-1.0911450656125678e-18
Agreed to,8.889195867218124e-19,-2.0843768927965566e-18
Agreed to,-1.3179645579601932e-18,3.190205905954857e-18
Agreed to,1.5404830981672614e-19,2.4383484126825138e-20
Agreed to,4.754663771979615e-19,1.8380178037456015e-18
Agreed to,-5.0488997000481225e-19,1.8871600696793805e-19
Agreed to,4.522275479955889e-19,-4.866817605239163e-19
Agreed to,1.999237892630243e-20,-2.4041966999154086e-18
Agreed to,-3.9780294859268334e-20,3.0587561466717915e-19
Agreed to,-9.359933020753344e-19,7.684775140104316e-19
Agreed to,-9.920232241498137e-19,3.255291637318833e-18
Agreed to,4.716161365658507e-19,-2.8008310152331545e-19
Agreed to,0.0,0.0
Agreed to,1.9337961170734075e-19,-1.8444152401930086e-18
Failed,3.8932747894616225e-20,-9.878031284952962e-19
Agreed to,8.551615347638172e-20,8.285622938234557e-19
Agreed to,1.440473243420376e-19,-1.2443613493626818e-18
Agreed to,3.4889943073076894e-20,5.846618596313176e-19
Agreed to,-7.522183363533667e-20,-2.2312993938685633e-18
Agreed to,-1.1281930039192281e-19,1.1294115364896399e-18
Agreed to,1.3051513440213023e-18,-2.855536872518993e-18
Agreed to,-8.6317250438597255e-19,1.1691876378733019e-18
Agreed to,9.865319025624561e-20,6.741957373760726e-19
Agreed to,-2.74516084406241e-19,1.0504853484307182e-18
Agreed to,-5.321550289913606e-19,4.829160015960131e-19
Agreed to,1.0749521628078677e-19,3.4366509322642593e-19
Agreed to,4.018519092618602e-19,-3.034478381348573e-19
Agreed to,-4.59537438371425e-19,-4.757829780751051e-19
Agreed to,-3.704441513508831e-19,4.622964210365915e-19
Agreed to,-8.798015496705543e-19,2.988298191022144e-18
Agreed to,1.2371775387697206e-18,-3.845916534820765e-18
Agreed to,-5.461352949367648e-19,3.4372445463179576e-20
Agreed to,7.626141177218475e-19,4.996610577152474e-19
Passed,3.016171165618344e-19,2.188003061893687e-19
Failed,-2.6858907589389343e-19,-4.450257661767782e-19
Agreed to,5.009838780416758e-19,-2.9852259241705785e-19
Agreed to,9.873682535631618e-19,-1.2109097125075095e-18
Failed,2.9596267563045973e-19,-7.013505706042366e-19
Agreed to,1.0061441913302653e-18,-2.217810732568035e-18
Failed,-1.0234103996614326e-18,2.452769190458808e-19
Agreed to,-3.208303308569978e-19,1.454546216489383e-18
Agreed to,-2.338133191878164e-21,-1.8465865711568995e-18
Agreed to,1.2326670379556555e-18,-2.5434782549852267e-18
Passed,-3.360088753807717e-19,5.044296571924377e-19
Failed,-7.06900203447434e-19,2.5540429110098414e-18
Failed,2.877652426435607e-20,-6.824499603709593e-19
Failed,3.668193588858499e-19,-2.066628732678011e-18
Failed,1.7249532104505409e-19,-3.1606904828051697e-19
Failed,-1.0096233410183942e-19,9.779727723573734e-19
Agreed to,-5.145630014468853e-19,1.453164249992237e-18
Failed,6.860718279520066e-19,-1.8548815115137564e-18
Agreed to,5.289302507389002e-19,-1.6320421415379912e-18
Agreed to,3.4558216881583297e-19,-1.1906600878202026e-19
Agreed to,-4.703861545856964e-19,1.547698274265987e-18
Agreed to,9.013789221615155e-19,-1.7186713965985383e-18
Failed,-5.396733992264172e-19,1.553846281930656e-19
Agreed to,-6.066741983393573e-20,2.9204788596424974e-19
Agreed to,2.847764462123066e-19,-2.2509185078283455e-18
Agreed to,1.12368916308457e-18,-1.6121627314668785e-18
Agreed to,1.5409681903455413e-19,-1.5740626623168944e-18
Failed,3.007264559837698e-19,-2.4510509337519073e-18
Failed,-4.794292361976723e-19,1.377531726080243e-19
Agreed to,-2.8902090075059016e-19,1.0614567648684142e-18
Failed,3.37756236572728e-19,-1.3899948663294749e-19
Agreed to,4.778413763179977e-19,-2.136798532169009e-18
Agreed to,-3.451144759850201e-19,-4.369239321042147e-19
Passed,-3.3558684938178777e-19,1.755238248890355e-19
Passed,-4.1566088840099694e-19,1.3026304455530578e-18
Failed,-3.724885924835022e-19,-3.9952123721691646e-19
Failed,4.60018215675097e-19,1.191210623973805e-21
Agreed to,-4.392377375888126e-19,4.847467732649429e-19
Agreed to,-3.609327286691485e-19,2.0957536583841438e-18
Failed,-2.974822481785394e-19,9.017027314788873e-20
Agreed to,-3.03412540819362e-19,5.641704432040779e-19
Failed,-2.2494630663509706e-19,1.977605146062258e-18
Failed,-9.803152699966746e-20,1.9603220632995067e-19
Failed,-7.683523050007485e-20,2.5189737115811635e-19
Passed,-4.367865751186781e-19,-2.7992719008975997e-19
Failed,5.836357283530152e-19,-1.9212520576800136e-18
Failed,-3.1759711210678717e-19,-1.5197078138299552e-18
Agreed to,-5.500800976182697e-19,4.579173127936417e-19
Failed,-4.039541273514993e-19,1.0417604351020775e-18
Failed,-8.214132289533577e-19,5.516788547826899e-19
Agreed to,5.87174314683943e-19,-5.725378517981311e-19
Agreed to,-9.868265642450153e-20,-5.780116750743201e-19
Failed,-5.512398532522443e-20,9.35663680348237e-19
Agreed to,-6.256109139439059e-19,-5.641803201101193e-19
Agreed to,1.1663713977755234e-18,-1.1127836853131321e-18
Agreed to,-2.3108134856321707e-19,-4.773733134989788e-19
Agreed to,-5.320128885991291e-19,1.1035213186755287e-18
Agreed to,1.4300769611494825e-20,3.7777589506193504e-19
Failed,-1.784203005092912e-19,-1.2973073641113961e-19
Agreed to,-5.046413165155067e-20,-3.8598287563223137e-19
Failed,1.2569970254263673e-19,-2.8649908735260286e-20
Failed,8.896815436401939e-20,1.1166799843163727e-19
Failed,3.276182690050174e-19,-1.0038435991940719e-18
Failed,5.386841609386577e-19,-1.2908764099080773e-18
Failed,-9.656003075303726e-19,1.2672474403478075e-18
Failed,4.426729693284203e-19,-2.0323535451863553e-19
Failed,-4.3331620817088643e-19,8.078889763292757e-19
Failed,-3.930226407313013e-19,5.430737832024372e-20
Agreed to,4.764995080300847e-19,-2.179536329838731e-19
Agreed to,-4.064171108606442e-19,1.0503365580983885e-18
Agreed to,-1.1819758594358056e-19,-8.67958175390126e-19
Agreed to,-4.029471833215004e-19,2.3928122274440054e-19
Agreed to,2.72159559976761e-19,-7.514589658017274e-19
Agreed to,-1.075274248006364e-19,-3.5072248231791034e-20
Agreed to,2.5560554504258033e-19,-1.6864090550962537e-19
Agreed to,-3.901951341488893e-19,2.0306972052474256e-18
Agreed to,-1.3291142243523996e-19,6.432047094339013e-19
Failed,-1.3665895109673586e-19,-6.509444099003427e-19
Failed,2.8824599823900156e-19,-9.870348038938629e-19
Failed,1.303895965538376e-19,-7.536230110154155e-19
Passed,5.3541002192891516e-20,-6.251509046820343e-19
Passed,-1.8510863791548444e-19,6.10192428128145e-19
Failed,-1.2700693927864764e-19,2.7008812541654594e-19
Agreed to,-6.836188491150602e-19,1.2582005924431816e-18
Failed,-3.951583777120199e-19,6.835047020276594e-19
Passed,2.719872215060871e-20,-2.8652740397267105e-20
Passed,-8.333611644751699e-20,-2.8396166542610124e-19
Passed,-1.6031593913189181e-19,7.93522076121332e-19
Failed,2.434453442184043e-19,-2.563181156836735e-19
Agreed to,1.2310319125030793e-20,3.058459886990871e-19
Failed,1.2268228102086156e-19,-3.5109780641714427e-19
Passed,1.6738728618351053e-19,-5.262660163375586e-19
Failed,-6.918091537354286e-19,1.6797351304230605e-18
Agreed to,-1.1521889382685754e-19,9.13986373123822e-20
Failed,-1.3827424111818805e-19,2.1259015921793953e-19
Agreed to,2.88063399129581e-19,1.9816163279033836e-20
Agreed to,4.914182378844712e-19,-8.211214891342323e-19
Agreed to,-6.224404751465284e-20,-1.2772974045378861e-19
Agreed to,3.115158916412515e-19,1.8143144760003044e-19
Agreed to,5.829031946955366e-19,-8.099039527266229e-19
Passed,2.3196341481812134e-20,-1.1746683174775334e-18
Passed,-1.1773547588873147e-19,7.788144389539089e-19
Passed,-1.4382780955344434e-19,-4.0750287383561717e-19
Passed,1.121450264150824e-18,-2.7123748917793535e-18
Failed,4.44608991813826e-19,-1.4862970614425966e-18
Passed,1.0138186221218856e-18,-2.6909462155132112e-18
Passed,-7.124366548921758e-19,1.6830896747870457e-18
Passed,1.6115088117023572e-19,-3.1185334704566784e-19
Passed,-5.452445388784714e-19,2.7249901591376003e-18
Passed,-5.746389393294654e-19,1.3581252291700241e-18
Passed,1.0288609788378877e-18,-2.8344373098022114e-18
Passed,-3.7766951955431935e-20,3.0499361490045746e-20
Agreed to,-3.903239582122441e-19,8.666924512402555e-19
Passed,-1.6778505291698738e-19,6.466375612685247e-19
Passed,-2.339802098757534e-19,3.7689453159321306e-19
Agreed to,4.1012351870640114e-20,-1.745254172413738e-19
Agreed to,8.471989592604074e-19,-1.9605385668543395e-18
Agreed to,-6.898701731235397e-19,1.661921001499117e-18
Agreed to,4.280227784727784e-19,-1.039167614748133e-18
Agreed to,-7.428494646008827e-20,2.5630746823847296e-19
Agreed to,-2.6459531711284893e-18,6.264422078789526e-18
Agreed to,-2.699649093418732e-19,5.867236104249142e-19
Agreed to,1.0759728740511724e-18,-2.476013909685012e-18
Agreed to,-3.8043395099653597e-19,9.731795174652182e-19
Agreed to,5.160263541196351e-19,-1.1483208857800875e-18
Agreed to,4.686072171498822e-21,-9.420766179494176e-20
Agreed to,-5.618658540741843e-19,1.3647521608041539e-18
Agreed to,-2.638277508161315e-19,6.000321234745671e-19
Agreed to,-3.2845117533497735e-19,7.303669535778262e-19
Agreed to,4.9642890607413e-20,-1.1974022266150499e-19
Agreed to,2.272260048181309e-20,-7.738985794521726e-20
Failed,1.5645164040814393e-19,-3.774839677122505e-19
Failed,2.869346003201265e-19,-6.423460470496242e-19
Agreed to,2.88419858755944e-20,-1.0637632898755234e-19
Agreed to,3.39146667520047e-20,-5.906474666544038e-20
Agreed to,-4.469745286859824e-19,1.0598791877697555e-18
Failed,3.2204820698131234e-19,-7.886954687885648e-19
Failed,-6.344963241073788e-20,1.467495718262215e-19
Agreed to,2.168117095519489e-19,-5.104221341148615e-19
Failed,6.5944216808846e-20,-1.6311034558294254e-19
Agreed to,2.336261928067546e-20,-6.81062652891042e-20
Agreed to,1.2989770739176287e-19,-3.1664209806827084e-19
Agreed to,-9.869050450760146e-20,2.5544298564676785e-19
Failed,-5.105824293114803e-19,1.2441009810685983e-18
Failed,2.766558962627562e-20,-1.0104462403543967e-19
Failed,5.296092252417576e-20,-8.520975136767911e-20
Agreed to,-9.011399014482243e-21,9.521411228780765e-21
Agreed to,1.8001922089187454e-19,-4.11290288092827e-19
Agreed to,2.309974364379406e-19,-5.552430546404725e-19
Failed,2.3803762701139875e-19,-5.713135361225203e-19
Passed,-1.275723058714146e-19,2.794031133010633e-19
Passed,-4.241148825734457e-20,7.403349773314643e-20
Passed,2.832795941244329e-20,-5.831521285963121e-20
Passed,-2.574373921039749e-20,6.060071218826204e-20
Passed,-1.1039104022559364e-19,2.683053398634825e-19
Passed,1.1523848536649366e-19,-2.5581148780469313e-19
Passed,9.564992043754939e-21,-8.68432440620408e-22
Failed,-1.3326830286812769e-20,1.6960529023650847e-20
Passed,-7.843422506057298e-21,3.000279347342707e-20
Passed,-2.4726343957849088e-20,5.39260203542223e-20
Passed,9.073693543585372e-20,-2.370019664258366e-19
Passed,3.262727248106957e-20,-7.033134662180132e-20
Passed,4.591364479939361e-20,-1.0150048964140908e-19
Passed,-2.8178096584429536e-20,4.634006963249349e-20
Passed,4.4436967361756415e-21,7.451623348123679e-21
Passed,-9.576020353163944e-21,2.652360535512104e-21
Passed,1.2787079720230935e-20,-3.354373054708217e-20
Failed,1.1098446167403078e-19,-2.6715208498372657e-19
Agreed to,9.614566006580104e-20,-2.0533934229673627e-19
Passed,-9.177391982804229e-21,1.4674929550179297e-20
Passed,-2.5276856368722203e-20,6.503898923562925e-20
Agreed to,3.471833016868796e-20,-8.542978048941585e-20
Failed,-5.1917201801719805e-20,1.3297708598110841e-19
Passed,-3.033073069879176e-20,6.923279243654991e-20
Passed,-3.7041716223511396e-20,8.933339138006972e-20
Failed,4.986193881029578e-21,-1.4141766722141725e-20
Passed,-3.6332941438867924e-20,8.066382634006243e-20
Passed,7.973551533918674e-20,-2.232912341913862e-19
Passed,5.618783541658627e-20,-1.2862665884785071e-19
Passed,-2.41886761778571e-20,5.768412944406982e-20
Failed,1.730307470883901e-20,-3.7863501313981917e-20
Failed,-1.2505763638143276e-21,3.151254619104475e-22
Passed,3.251694979347918e-20,-8.095840639736702e-20
Passed,-1.5730824242651808e-21,-5.609299834944979e-21
Passed,8.404103488385376e-21,-1.9259571047714872e-20
Passed,-1.6341496676353954e-19,3.865180912477678e-19
Passed,1.0194259680194563e-20,-2.3559271582910285e-20
Passed,-6.430047464951171e-21,3.477695186315256e-20
Passed,-9.918705013322624e-20,2.331080407076093e-19
Failed,-1.6120171488757272e-20,4.25828086293762e-20
Failed,3.726177287609003e-21,-2.0492411280766693e-20
Passed,5.44044236533942e-20,-1.2487027224938468e-19
Passed,-9.896242575233285e-21,2.1042398584996193e-20
Passed,5.0337464717155715e-20,-1.1262909762441988e-19
Passed,6.834742245292923e-20,-1.6453895692974668e-19
Passed,2.0095517045871464e-20,-4.277665884356397e-20
Passed,-2.493375339615262e-20,5.627063157116563e-20
Failed,5.203844119654456e-21,-1.2775863984401634e-20
Passed,-8.995599183841378e-20,2.21484854992754e-19
Failed,-0.03917929948503923,-0.0022013343057606253
Failed,-0.0417578497000919,-0.010084166764047975
Failed,-0.04323986649997273,-0.017184946054194662
Passed,0.04141532498564063,0.01361054545913543
Failed,-0.04190924638739306,-0.017031265611174986
Failed,-0.04190264313448135,-0.013916790000376251
Failed,-0.04193450613184679,-0.014624304099933297
Failed,-0.04273776231608157,-0.016501150823347195
Passed,0.041602278857620564,0.016739831758215102
Failed,-0.04130100789037912,-0.018910550142501596
Passed,0.011988995245101804,-0.061633831153335546
Passed,0.04301946406155976,0.01723310540517604
Passed,0.04328782742766177,0.017416875603324996
Passed,0.013463190133721721,-0.062175055521255934
Passed,0.04339684374639086,0.017626352786484827
Passed,0.043240522756161505,0.01753364907943101
Passed,0.032317402172959815,-0.017165906064660008
Failed,-0.03939762567477058,-0.004087259463061051
Passed,0.04164191780898524,0.015599045561842814
Passed,0.016759635858123404,-0.05663977280009673
Passed,0.04276623591205785,0.01667683582150906
Passed,0.04273328386881861,0.0165250624547402
Passed,0.029943947172600942,-0.021668519600924606
Failed,-0.03988954891402239,-0.020540423495909125
Passed,0.043236750772265624,0.016937034476797813
Passed,0.04345511709209333,0.016883561525851517
Passed,0.014137175611841584,-0.06289596083947245
Passed,0.04277151191118768,0.01598140678372523
Passed,0.042548842435084853,0.015917255945901515
Failed,-0.03916855371617993,-0.019889563927126902
Passed,0.04217096630614351,0.014929813919054916
Passed,0.041030311147263514,0.011531873355842525
Passed,0.013105081405526697,-0.0605096712447819
Passed,0.04161008412253395,0.015848037494117218
Passed,0.012109660645871042,-0.06229408255428663
Passed,0.011805417611207293,-0.06205187643163373
Passed,0.042851072645596226,0.016569290585075704
Passed,0.04294998064085646,0.01655420539902095
Passed,0.02377273373736101,-0.04096302774366243
Failed,-0.041870738320154824,-0.016482287333946015
Agreed to,0.04130054248392575,0.01141984361752033
Failed,-0.04218882144702449,-0.016397464992443
Passed,0.04259795907709894,0.01588585500019301
Failed,-0.04174764472007886,-0.015490703890752147
Failed,-0.04186183446576623,-0.01672096409413205
Passed,0.04186233252838241,0.01558410042707037
Passed,0.0412528356720617,0.016742646723772552
Passed,0.017554475414355664,-0.05324222762487078
Passed,0.01464361367133544,-0.05808786762303554
Passed,0.043246431950950855,0.01719434257034042
Passed,0.04319530448180687,0.01753606681599142
Agreed to,0.01726810956054546,-0.05586823570720351
Agreed to,0.04202340503135491,0.014656104046206982
Failed,-0.03946003470346587,-0.004031647070459157
Failed,-0.042434347277820826,-0.017972228603608476
Passed,0.039221092899240695,0.00710066723547736
Passed,0.014174947051409937,-0.06113682776491565
Passed,0.041588079011244325,0.014527914567814484
Passed,0.04198127935711079,0.01420145279427842
Failed,-0.04203276208809736,-0.013898915278610426
Failed,-0.041516875049167005,-0.014465497696207984
Passed,0.041984420868729756,0.014226691255819362
Passed,0.014130768325333441,-0.05952714749485029
Passed,0.03049071232055553,-0.018095608860693082
Passed,0.012959912716886972,-0.0608353930992038
Passed,0.042268407454613965,0.01680765318364636
Passed,0.04209270204360861,0.01723322253390342
Passed,0.04165237879320302,0.01719145616581586
Passed,0.04174547894315533,0.016504861660846935
Passed,0.015256227150495853,-0.057688608762755555
Passed,0.01599442002629183,-0.05774084343043545
Failed,-0.04277489596690014,-0.0160415830686129
Failed,-0.04172027157611349,-0.011834169765899941
Failed,-0.04212998041381565,-0.011322293210408126
Failed,-0.04174474739760233,-0.01877022056298136
Passed,0.04138841824599778,0.008810987577106404
Failed,-0.0425985027123388,-0.014104546681728924
Failed,-0.04154404619173186,-0.011680035331537037
Failed,-0.04191103448914908,-0.013617988945392097
Failed,-0.042556470974018316,-0.017965802846516686
Passed,0.04228624434958507,0.013211747958915998
Passed,0.0433052476957374,0.017558727936590624
Passed,0.04331571033776362,0.01755169378781426
Failed,-0.04197001918343998,-0.01220878044175551
Failed,-0.042297235675072084,-0.015281849331941426
Agreed to,0.014367878214282327,-0.060721830076789364
Failed,-0.038560674138592814,-0.019005186487958254
Passed,0.041359262888930666,0.014318873015898034
Passed,0.012875625086296541,-0.06127758367519481
Passed,0.015023714493083583,-0.05938806462664705
Passed,0.013287953865189918,-0.06384318597587237
Passed,0.01340694486807332,-0.06341981789094348
Passed,0.01378008386572917,-0.06355271310872451
Passed,0.0428566895125171,0.017988380238952942
Passed,0.04333212958698656,0.017769910688045926
Agreed to,0.013251211469666914,-0.0627890245448791
Failed,-0.039344689339724,-0.015734806044053674
Agreed to,0.012711754661259227,-0.06213034106436116
Failed,-0.03949692397231364,-0.02116326702512813
Agreed to,0.01787607508455601,-0.05522890528293489
Agreed to,0.013402523598592115,-0.062457131311451405
Failed,-0.04097761173019506,-0.01955269297995843
Passed,0.040592428740173936,0.011781113932877226
Passed,0.03220383248047489,-0.015855535800792964
Passed,0.016416816736748097,-0.05570649362154742
Passed,0.02906736709901541,-0.025825098347327057
Passed,0.04305392876069049,0.01674681498247519
Passed,0.04344145127364117,0.016963537478091838
Passed,0.035827926403512976,-0.009222849364746438
Passed,0.0398172235848513,0.013245953207472691
Passed,0.04264340606517186,0.01749638216192041
Passed,0.03981259751664048,0.020515949792679854
Passed,0.029876746375020483,-0.02147553853387703
Passed,0.013089070736628523,-0.06264742636832073
Passed,0.012987179065308444,-0.06250468527846739
Failed,-0.03966843523642984,-0.011618085521522619
Agreed to,0.012196089815631004,-0.0619508024710048
Agreed to,0.01250422844872975,-0.06187960532778832
Agreed to,0.040363435215404614,0.00916888851549042
Passed,0.04156103282101014,0.017043968577857387
Passed,0.038299739444643814,0.002074759821930708
Passed,0.025333392505766765,-0.03551668873967322
Passed,0.013246355685361335,-0.06125712472113979
Passed,0.04291456365884775,0.017035434326273302
Passed,0.043025196456780095,0.01777098712425779
Passed,0.01324321833266782,-0.06301751295106431
Failed,-0.04324037371939651,-0.017598033606289316
Passed,0.015443082712257809,-0.060260121590353946
Passed,0.043336221266256296,0.017661537102961967
Passed,0.04291924599930685,0.0178179548549236
Passed,0.04088261794133071,0.015211092242366813
Failed,-0.0402350155898764,-0.019317180381973307
Passed,0.04250315216188979,0.0158167685170809
Passed,0.012835356132068935,-0.05910832624651757
Passed,0.012677819682379866,-0.05903689575165427
Passed,0.042493828707909666,0.01624352512361097
Passed,0.04238797944045693,0.016376570089216752
Passed,0.029943471227462253,-0.026245349371097074
Agreed to,0.04009506700491196,0.006140040165764799
Agreed to,0.04006194692748393,0.011989711222926271
Agreed to,0.034278942945525664,-0.014471401051742482
Agreed to,0.01888822526554998,-0.05357529655055001
Agreed to,0.03520071658793283,-0.008903588237996848
Agreed to,0.02293061848417101,-0.04529237225199981
Failed,-0.039565050839441486,-0.004103905429131597
Passed,0.03864616780247941,-4.405233839181754e-05
Passed,0.042517479393757523,0.016327046810010723
Passed,0.041045331234147636,0.01627817133598638
Passed,0.04291655339417777,0.01712539444159172
Passed,0.03730404779344513,0.015857608783029362
Passed,0.004066105055003683,-0.05489825743445837
Failed,-0.04289522538818436,-0.0164398556076227
Passed,0.0389485422591013,0.002178948643724597
Passed,0.0381695424049941,0.01130277559440934
Failed,-0.04112159710722007,-0.019179176730482906
Agreed to,0.02538183064305628,-0.03638681606866135
Agreed to,0.018728036177166476,-0.04905861393883016
Agreed to,0.042689234207771695,0.01604386934290528
Agreed to,0.04301212662567834,0.015518488993006278
Failed,-0.04254496909812245,-0.01818623003894409
Passed,0.04314363355193523,0.016588036271681157
Passed,0.042199875598866676,0.01732380751932895
Passed,0.04146657335666328,0.016856840720154073
Passed,0.013031658602094839,-0.0611879731252237
Passed,0.013160852928174963,-0.06128881912991579
Passed,0.012955416390296539,-0.06153113427891366
Passed,0.014139767301725756,-0.06123359380793259
Passed,0.030526740190504928,-0.01892138775897242
Passed,0.004621651585344862,-0.02656231886273072
Failed,-0.04250876011804746,-0.016407017785436784
Passed,0.0426088073410347,0.017042373790768683
Passed,0.0432523422497827,0.017845600408678865
Passed,0.043123962413601856,0.017939196477735547
Passed,0.04326280489180898,0.017838566259902527
Passed,0.04305385557457758,0.018087610627584443
Passed,0.04314308196904698,0.017433677234456674
Passed,0.042929130452061884,0.0175528378352708
Passed,0.005461012282843461,-0.05697873892307642
Passed,0.03939400622357865,0.018445458728833235
Passed,0.0043963998035402175,-0.056268159704371046
Passed,0.042795052974929026,0.016971309590392995
Passed,0.04092063185125744,0.018562169395768057
Passed,0.013807669477026357,-0.06168084906257412
Passed,0.04276958645777484,0.0163975830550721
Passed,0.042634599815826874,0.016924624269245975
Passed,0.04068376041844936,0.01777520005589078
Passed,0.020950183871750783,-0.04834002554736775
Failed,-0.03881013929792061,-0.006110396044805015
Failed,-0.040044094810574034,-0.009762999109289835
Agreed to,0.04045676508031719,0.009198133204627153
Failed,-0.04101998282421291,-0.016192998102287012
Passed,0.039182249957094954,0.004811491401603248
Passed,0.014690742631357527,-0.05715326579195944
Passed,0.018827388706181374,-0.048477464527635995
Passed,0.04267081916362929,0.016667267934566157
Passed,0.040595264015813655,0.01902394989150691
Passed,0.04278305369171985,0.01718880146703981
Failed,-0.039793168645342235,-0.005275582580165123
Failed,-0.04094733338346541,-0.018212831981228188
Passed,0.03910940539364853,0.0010192551013501463
Passed,0.041844238956136356,0.013549288991804314
Passed,0.014048921625350456,-0.05837322092803253
Passed,0.014601844579215312,-0.05724879799013626
Passed,0.04240681693586807,0.01526789523220897
Passed,0.041577187523558726,0.016478927729953557
Passed,0.018114588689746747,-0.056199532177396185
Agreed to,0.04163832272618843,0.014819647221683325
Agreed to,0.0200714904668852,-0.05020621413774662
Failed,-0.03875064758194191,-0.019857508137362978
Passed,0.04173939970159942,0.016840747960722775
Passed,-0.007896938170207706,-0.044905048595240846
Passed,0.040353997154462154,0.013637718569788031
Passed,0.039324528618375064,0.010853011638774612
Passed,0.023879549374677834,-0.04119737613519701
Passed,0.02098372721393149,-0.04830981840261607
Passed,0.03070302344628507,-0.02236921730628719
Passed,0.042577838768139205,0.017639044071374427
Passed,0.04274170614309317,0.01754605268559592
Passed,0.0419996287795034,0.017827842875028376
Agreed to,0.04113198745543746,0.011240078327112662
Failed,-0.040591931324937776,-0.01525804720488931
Failed,-0.0417977767436954,-0.014415408015304335
Agreed to,0.04143392651328336,0.011079986861487024
Failed,-0.04082427835786474,-0.013542484967498047
Failed,-0.04115545685955131,-0.012991351696642532
Agreed to,0.01647196283586894,-0.057793915984624904
Agreed to,0.040890427040651246,0.00828463593113456
Failed,-0.04212311950254397,-0.018013781035284476
Passed,0.04098611562781145,0.0168626546588464
Passed,0.04205469181912691,0.016758587496869377
Agreed to,0.038230763193902305,0.0012481206301375694
Failed,-0.04133933541693662,-0.014888013935028983
Passed,0.039442984139446455,0.007388115845086828
Passed,0.014250123231006204,-0.055924741996806554
Passed,0.012874069404360082,-0.05725715200069882
Passed,0.04178685514471311,0.015986753631472325
Passed,0.04173217883840094,0.015735705948525067
Passed,0.02019675363466436,-0.04995019945194274
Agreed to,0.04214249884574093,0.01622955514736189
Failed,-0.04198444192622631,-0.01314285525499745
Failed,-0.04181550315167826,-0.013046179259702296
Agreed to,0.015127023234502907,-0.05847749275911662
Failed,-0.04173972552723849,-0.016851584236394674
Failed,-0.0418490271527679,-0.015011080453976934
Agreed to,0.013090924003988688,-0.06199728341924648
Failed,-0.042031665906981125,-0.014761926036783866
Failed,-0.039811029791971285,-0.01860688019951428
Passed,0.04219013919647402,0.014289606720138494
Passed,0.042163812792658704,0.01409554736236184
Passed,0.013428134944164482,-0.061648586144836905
Passed,0.012919525731396566,-0.06197798051211734
Passed,0.014417277066258963,-0.05995480795463949
Passed,0.04220438057452555,0.016825673437236337
Passed,0.039367094316096196,0.019384310622380833
Passed,0.013822910613285423,-0.061038311672378213
Failed,-0.04116557112235382,-0.01666478693812623
Passed,0.03778091501521834,0.01720952769505469
Passed,0.010725335156794094,-0.054122879671759126
Passed,0.010845987939881915,-0.05423848759530341
Passed,0.012219533381879507,-0.05779765561660612
Passed,0.014317820828183172,-0.05569900450041152
Passed,0.041985844692517406,0.018036549855526763
Passed,0.04196202787468722,0.017477148869741065
Passed,0.01242484195023767,-0.06266320634788997
Passed,0.012958399305521253,-0.06241557860922718
Agreed to,0.012114260016745176,-0.05952790732130447
Agreed to,0.012325364246230205,-0.06010791573445783
Passed,-0.031166781465309528,-0.026578055145045135
Passed,0.03972137681042096,0.01034341605109031
Passed,0.012647454798250763,-0.05865439574415706
Passed,0.012671368260745969,-0.05873886807943133
Passed,0.015757458407688392,-0.05778039006758033
Passed,0.02321252683250042,0.007075623362492965
Passed,0.04225982909780135,0.015857979894240704
Passed,0.04154739591359907,0.016687517665565445
Passed,0.013699884908745451,-0.06162270144311824
Passed,0.0049225397582602845,-0.02642944439109898
Failed,-0.01940628911543288,0.05113914817674163
Failed,-0.03894529930531553,-0.019466276904067444
Passed,0.0401896277282368,0.015552156484067305
Passed,0.021007627644074097,-0.046914838525448636
Passed,0.04015314466146419,0.01611873078949307
Passed,0.01289461134434546,-0.058235685725945105
Passed,0.04096066480711044,0.01553228876661064
Passed,0.037980962173948585,0.018869104734233057
Passed,0.040603930172105465,0.017087826873551325
Failed,-0.03858345246042695,-0.01958739438309605
Passed,0.038260891002391224,0.019230166980464626
Cloture on the Motion to Proceed Rejected,0.04343183563379623,0.01524552300555369
Cloture on the Motion to Proceed Rejected,0.045753449280131205,0.012290880007400019
Cloture on the Motion to Proceed Rejected,0.04603008120795577,0.012207592295509299
Motion to Table Failed,-0.042500190042592895,-0.02062155271453882
Motion to Proceed Agreed to,0.04246266860936808,0.01978751562211367
Cloture Motion Rejected,0.04196362647695082,0.019527105605818898
Cloture on the Motion to Proceed Rejected,-0.042022621049395144,-0.02182745049485407
Motion for Attendance Agreed to,0.04505623087743089,0.012076428766009319
Cloture Motion Rejected,-0.04160958509433722,-0.022515179451167436
Cloture Motion Rejected,0.0418837262600913,0.017918276886238108
Cloture on the Motion to Proceed Agreed to,0.018022956932636645,-0.06552074019397033
Motion to Proceed Agreed to,0.018436947339585258,-0.06308293722584374
Cloture Motion Agreed to,0.01553998708746011,-0.0667005774452709
Amendment Agreed to,0.029275595600335505,-0.0026382544855398796
Cloture Motion Agreed to,0.0455237603357089,0.01231726263682731
Bill Passed,0.04562758187831511,0.012093994549863773
Cloture on the Motion to Proceed Agreed to,0.01733535350821527,-0.06504623164246034
Motion to Table Agreed to,0.042857727663702876,0.017352812878096233
Motion to Table Agreed to,-0.04210120248121509,-0.017512927041282617
Motion to Table Agreed to,0.04241595426253421,0.015513841087457427
Cloture Motion Agreed to,-0.04118090537509208,-0.019891971834924287
Bill Passed,0.04379561280859288,0.008148755621003685
Cloture Motion Agreed to,-0.04019443164422487,-0.023265201358676057
Nomination Confirmed,0.045238597227415384,0.006477759858291925
Cloture Motion Agreed to,-0.04134395860045341,-0.019428700658123188
Conference Report Agreed to,0.04354972876374965,0.008963349251246684
Cloture on the Motion to Proceed Rejected,0.01752931595073806,-0.06642803770885426
Cloture Motion Agreed to,0.01591770930987256,-0.06685785926640282
Nomination Confirmed,0.016257396016501464,-0.06573813212641345
Cloture Motion Agreed to,0.045341116515120135,0.00903100756008422
Nomination Confirmed,0.015579592180037447,-0.06826064224066478
Cloture Motion Agreed to,0.01592283044440119,-0.06868556845904894
Nomination Confirmed,0.04556795129756078,0.0121368682967693
Cloture Motion Agreed to,0.0455073714024101,0.011889353531856856
Nomination Confirmed,0.01644222281314551,-0.06778977635069224
Cloture Motion Agreed to,0.043850788321070595,0.012714548152527662
Nomination Confirmed,-0.04133764416133137,-0.022257523580775936
Cloture Motion Agreed to,0.04547725416191238,0.009065189050213217
Nomination Confirmed,0.04531187881763916,0.011273082401393733
Nomination Confirmed,0.01604344593224073,-0.0685741049199165
Cloture Motion Agreed to,0.02440606787076307,-0.048157474755212475
Nomination Confirmed,-0.039314825140204755,-0.023482817665823535
Cloture Motion Agreed to,0.01880589406204421,-0.056308344442898985
Nomination Confirmed,0.014947786924686611,-0.06248325799939987
Cloture Motion Agreed to,0.04414051247075098,0.008915854009656094
Nomination Confirmed,0.044426745470406113,0.011655612481750005
Motion to Table Agreed to,-0.042228121360709844,-0.014976642562136615
Joint Resolution Passed,0.039849091273927856,0.016429473357875944
Joint Resolution Passed,-0.04108633837568092,-0.016090793787135377
Cloture Motion Agreed to,0.044105474823885306,0.008032447106330639
Nomination Confirmed,0.015703665895794982,-0.06792309482797561
Cloture Motion Rejected,0.011352162101553313,-0.057153276713608515
Cloture Motion Agreed to,0.024522665479765362,-0.0017134433148696508
Nomination Confirmed,-0.013953003188177241,0.05322057826195179
Cloture Motion Rejected,0.015822040182540617,-0.06756322730458846
Cloture Motion Rejected,0.013047594464628864,-0.05653795734932008
Cloture on the Motion to Proceed Rejected,0.01658465040756247,-0.06694094354760668
Cloture Motion Agreed to,0.04255533676413736,0.005532714718772817
Decision of Chair Not Sustained,0.04132488224676822,0.02092773187580613
Cloture Motion Agreed to,0.045438836956102395,0.01050025202023901
Decision of Chair Not Sustained,0.040599296979815284,0.01714317947277516
Nomination Confirmed,-0.03721714746922294,-0.025685528188245803
Cloture Motion Agreed to,0.04225695200332643,-0.0024614162006104975
Nomination Confirmed,0.042384020648409265,-3.219064908733865e-05
Cloture Motion Agreed to,0.018978975183160152,-0.0641814979691424
Nomination Confirmed,0.019799488302522945,-0.0628965830424559
Cloture Motion Agreed to,0.044975133335278056,0.01094091491071331
Nomination Confirmed,0.04497474300923776,0.011964041069253856
Cloture Motion Agreed to,0.015566679113863415,-0.06791438477231378
Nomination Confirmed,0.015582633616512416,-0.06760255664451968
Nomination Confirmed,-0.038457732714925315,-0.013650499938898955
Cloture Motion Agreed to,0.013771359626613482,-0.06507176979730618
Nomination Confirmed,-0.03754258026086009,-0.025188641862591715
Cloture Motion Agreed to,0.017015008504218655,-0.0647700801698781
Nomination Confirmed,0.015601179290939049,-0.06196715825786894
Cloture Motion Agreed to,0.014668401175547763,-0.06245926893438838
Nomination Confirmed,0.04539644730910391,0.012210651371048693
Cloture Motion Agreed to,0.04537099621502831,0.011647941997855927
Nomination Confirmed,0.027845607769895413,0.005122231959511196
Cloture Motion Agreed to,-0.027680759827588938,-0.03526559953243292
Nomination Confirmed,0.015437296042008072,-0.06856773585994312
Cloture Motion Agreed to,0.042708879229238286,0.006573781836849599
Nomination Confirmed,0.01486443023360395,-0.068476033448066
Cloture Motion Agreed to,0.045539565967679656,0.01219838348838008
Nomination Confirmed,0.045724136789568555,0.012397201419971873
Cloture Motion Agreed to,0.029306894034406387,-0.02496871824334267
Nomination Confirmed,0.01728852569508161,-0.06168277686811401
Cloture Motion Agreed to,0.017613486696191616,-0.0614079210943357
Cloture Motion Agreed to,0.04498451493214226,0.011966598041511282
Cloture Motion Agreed to,0.045116943408104106,0.011642606985567135
Nomination Confirmed,0.04515309073447989,0.012200325179923607
Nomination Confirmed,0.045121385879745644,0.012486606740876089
Nomination Confirmed,0.04475057556655021,0.006688748149774696
Veto Sustained,0.022440596547879388,-0.03802181211224697
Cloture Motion Agreed to,-0.039773360267111264,-0.017198273092503203
Cloture Motion Agreed to,0.03282127894830242,-0.017361176397697693
Cloture Motion Agreed to,-0.03729342398113846,-0.02520990345957614
Cloture Motion Agreed to,0.043488784352424516,0.013099504710846477
Nomination Confirmed,0.0395496478898836,-0.010060724050775214
Nomination Confirmed,0.043856081744450354,0.015576483977512734
Nomination Confirmed,-0.04218622103853456,-0.01923725576114462
Nomination Confirmed,0.04250611942521436,0.016576633614936637
Cloture Motion Agreed to,0.016146587476681032,-0.06721208095069271
Nomination Confirmed,0.016012188665959378,-0.06729736586672755
Cloture Motion Agreed to,0.04556341483876238,0.011174928745715455
Nomination Confirmed,0.045672349367203414,0.011282684894426555
Cloture Motion Agreed to,0.019694466255621667,-0.06161747641699915
Nomination Confirmed,0.04198004179558837,0.01645677663132907
Cloture Motion Agreed to,-0.041601944747658576,-0.022372836870074783
Nomination Confirmed,0.01897764986566086,0.03484038201493458
Cloture Motion Agreed to,-0.04113277882698984,-0.022618078918043794
Cloture Motion Agreed to,-0.04144552944980414,-0.020340859589835798
Cloture Motion Agreed to,-0.0416746353751547,-0.021394543923594092
Nomination Confirmed,0.045373943240973456,0.00965421669614247
Nomination Confirmed,0.04441378558635145,0.009399496551054263
Nomination Confirmed,-0.04004229256488453,-0.023118169011338004
Cloture Motion Agreed to,0.04581522084978621,0.011550295578313555
Nomination Confirmed,0.018663692077238794,-0.06152711588187242
Cloture Motion Agreed to,0.015481622025507128,-0.0661164175004721
Cloture Motion Agreed to,0.016249366161146705,-0.06734482402553442
Cloture Motion Agreed to,0.016109236364694017,-0.06960727003951661
Cloture Motion Agreed to,0.01599861161689882,-0.06922619338668645
Nomination Confirmed,0.04594128330340709,0.012096217665147574
Nomination Confirmed,0.01608819098425576,-0.06865286095363937
Nomination Confirmed,0.019731026726426164,-0.06138995902608515
Nomination Confirmed,0.044825219209045364,0.006274860692721467
Bill Passed,0.01900541691594047,-0.060862278040374064
Motion Agreed to,0.017974116903167067,-0.05950671892794843
Bill Passed,0.04433893337838901,0.014241667142580926
Cloture on the Motion to Proceed Rejected,0.04335479399496598,0.015982064354286004
Cloture Motion Agreed to,0.020006904492893187,-0.06027638164317749
Resolution Agreed to,-0.041821938505773135,-0.0204630035386505
Nomination Confirmed,0.04550297155822478,0.008339501886532565
Cloture Motion Agreed to,0.045134277384743245,0.009186420316915408
Cloture Motion Agreed to,0.024418137211883073,6.736702208427799e-05
Cloture Motion Agreed to,0.01766168135341661,-0.06125557444944997
Nomination Confirmed,0.013736583159294616,-0.06464722159666259
Nomination Confirmed,0.021192772671154513,4.3216943530685874e-06
Nomination Confirmed,0.04516347085783291,0.011776693966067476
Cloture Motion Agreed to,0.04525952761621891,0.010686128788626374
Nomination Confirmed,0.017297616085828738,-0.0661577049425849
Cloture Motion Agreed to,0.026341141569880048,0.001186897670440187
Cloture Motion Agreed to,0.04572765087217255,0.011592313014391793
Cloture Motion Agreed to,0.0457044444036326,0.012127241597426217
Nomination Confirmed,0.04529172774815963,0.007844741141540984
Nomination Confirmed,0.027673990118486563,-0.04569751608798378
Nomination Confirmed,0.02185063573838681,-0.05819766244814253
Cloture Motion Agreed to,0.04334784504635562,0.0017925225015964158
Nomination Confirmed,0.015174307000688057,-0.06819457191888165
Cloture Motion Agreed to,0.015656820067763148,-0.06773610732778033
Cloture Motion Agreed to,-0.03995738591521997,-0.023011660108287126
Cloture Motion Agreed to,0.04263116364387387,0.007063455506363813
Cloture Motion Agreed to,0.015975184305085384,-0.06852020888766895
Cloture Motion Agreed to,-0.04024571134528533,-0.01860082530414532
Nomination Confirmed,0.041226435508087106,-0.003444214018271813
Nomination Confirmed,0.015387987340738218,-0.06330062720202895
Nomination Confirmed,0.025044291348094574,-0.04383154914014589
Nomination Confirmed,0.026467746798348197,0.005282543005205834
Nomination Confirmed,0.04480632689068666,0.01244794135599617
Cloture Motion Agreed to,0.043402397263083335,0.015005675925545768
Motion to Discharge Rejected,0.015652087738560326,-0.05117263193037773
Motion to Discharge Rejected,0.02179008134705347,-0.036836765225946436
Cloture Motion Agreed to,0.023412497854572785,-0.05150785246700167
Nomination Confirmed,0.015586221869241728,-0.06693437507326978
Nomination Confirmed,-0.0384069812021034,-0.02443300590329369
Cloture Motion Agreed to,0.04535850690433623,0.0107825448575229
Nomination Confirmed,0.018996309088951602,-0.06261903843969831
Cloture Motion Agreed to,0.02431422168091649,-0.0009092369481443754
Cloture Motion Agreed to,0.018213445299613863,-0.06267647017078042
Cloture Motion Agreed to,0.016370355312157327,-0.06764154298896678
Cloture Motion Agreed to,0.045072981739861774,0.01185875017617341
Nomination Confirmed,0.04452259018763573,0.011578484875776522
Nomination Confirmed,0.04410113785503744,0.010557761546165447
Nomination Confirmed,0.04470945251318618,0.008266520517176685
Nomination Confirmed,-0.040321837395990885,-0.020183748574166483
Cloture on the Motion to Proceed Agreed to,-0.04019700592513596,-0.019738914675790312
Joint Resolution Passed,0.03826844534250171,0.006797898874884949
Joint Resolution Passed,0.031926250947982085,-0.010577066229547464
Joint Resolution Passed,0.033430224293091955,-0.005636067439518597
Nomination Confirmed,0.04176371433115418,-4.9703371638120785e-05
Motion to Proceed Agreed to,0.04190956414671339,4.563475970855921e-05
Bill Defeated,-0.04198490528798339,-0.016026501830553826
Motion to Table Agreed to,0.04360002915540031,0.014318130379351517
Amendment Agreed to,0.014369067497491608,-0.0672009012243232
Bill Passed,0.017533839993677962,-0.06375418830748361
Cloture Motion Agreed to,0.0157086593731363,-0.06753444408213674
Amendment Agreed to,0.015419140419954796,-0.06755028488867286
Bill Passed,0.044500765932797025,0.012597915422865072
Amendment Rejected,0.04127684360937342,0.02069776203643845
Cloture Motion Agreed to,0.02795251656696133,-0.04295826778307539
Nomination Confirmed,-0.03971351144275514,-0.01954777087909754
Cloture Motion Agreed to,0.03534699821121874,-0.022242245169458982
Cloture Motion Agreed to,0.03470834517489116,-0.023594297291185673
Cloture Motion Agreed to,-0.03982309413612026,-0.020404852631021167
Nomination Confirmed,0.044496099395383674,0.009142244173121067
Nomination Confirmed,0.04207838560191167,0.001776371577542431
Nomination Confirmed,0.039138292869696875,-0.008098534378634446
Cloture Motion Agreed to,0.042411583942934254,0.002580129373151844
Cloture Motion Agreed to,0.019081540089193254,-0.06017515896593769
Nomination Confirmed,-0.034907485975275994,-0.02337541193863601
Nomination Confirmed,0.03998229238825046,-0.005172635660680904
Cloture Motion Agreed to,0.015821530846771098,-0.06650782694788993
Nomination Confirmed,0.01751905463539741,-0.06428561228003045
Cloture Motion Agreed to,0.045095152672420834,0.010899021116020403
Nomination Confirmed,0.04489796408758401,0.010260713627256269
Cloture Motion Agreed to,0.038736016754160815,-0.008515948168825456
Amendment Rejected,0.025513335411771178,-0.023145799482155012
Amendment Rejected,0.012575348725673261,-0.05831285707708897
Resolution of Ratification Agreed to,-0.04049050599822041,-0.01996997411386235
Resolution of Ratification Agreed to,0.04323541866311628,0.006908658363207788
Resolution of Ratification Agreed to,0.044186264765997,0.011645800592372526
Resolution of Ratification Agreed to,-0.04109655433766117,-0.02011967388336905
Cloture Motion Agreed to,0.04484402371427873,0.00858092957589025
Cloture Motion Agreed to,0.0268285659361014,0.002740181311878533
Cloture Motion Agreed to,-0.039442520660084086,-0.020296218624038437
Nomination Confirmed,0.04381405147836393,0.005482295042134634
Nomination Confirmed,0.01466099169901488,-0.06480680702161142
Nomination Confirmed,0.014866693662532245,-0.0642177639367684
Cloture Motion Agreed to,0.04464057702944462,0.012459753252949778
Nomination Confirmed,0.045181118670784844,0.011487871931799225
Cloture Motion Agreed to,-0.04058288757313269,-0.021220775320900095
Amendment Rejected,-0.042490655295951425,-0.017417571235588177
Amendment Rejected,-0.04319099595507983,-0.016148973259479612
Bill Passed,0.017148066809298496,-0.06404081705076319
Nomination Confirmed,0.04510822000602263,0.011174014792506442
Cloture Motion Agreed to,-0.04117631431780094,-0.021598076469384064
Cloture Motion Agreed to,0.04552332598875544,0.011262289413808194
Nomination Confirmed,0.0269372572372447,0.0025266504653974585
Nomination Confirmed,-0.038472348582869145,-0.023978770950749614
Nomination Confirmed,0.0159683070117027,-0.06682029652510099
Veto Sustained,0.02133791835250606,-0.038174758792894885
Veto Sustained,0.021430999651984396,-0.04093984999599337
Veto Sustained,0.020826486004039486,0.011700038511736052
Cloture Motion Agreed to,0.04517466998183056,0.011788851615407506
Cloture Motion Agreed to,0.04335305989686512,0.014339045234008767
Nomination Confirmed,0.02851059962455904,0.006993298929332811
Nomination Confirmed,0.01561871588073448,-0.06875679725900989
Cloture Motion Agreed to,-0.03912284427575956,-0.023999512695041348
Nomination Confirmed,0.04466235004742917,0.009455302781760242
Cloture Motion Agreed to,0.01975439549971863,-0.061972483577067944
Nomination Confirmed,0.015499514134340184,-0.06515618398710787
Cloture Motion Agreed to,0.017717602037667642,-0.06224344393978553
Cloture Motion Agreed to,0.015288104532517898,-0.06467756345833758
Cloture Motion Agreed to,0.04482206757844857,0.01183953313358115
Cloture Motion Agreed to,0.04460455346929586,0.012360296874388988
Cloture Motion Agreed to,0.045031307709725826,0.011976166443558756
Cloture Motion Agreed to,0.015763471944334202,-0.06807663431507062
Cloture Motion Agreed to,-0.03438636435376654,-0.0073174030383179635
Cloture Motion Agreed to,-0.034172103236709446,-0.003202523665441678
Cloture Motion Agreed to,0.0300507369533313,-0.0368372779048507
Cloture Motion Agreed to,0.04403003791107915,0.005520304499817802
Cloture Motion Agreed to,0.03850365414201232,-0.015611960116669328
Nomination Confirmed,0.023851915522545848,-0.05469515233410997
Nomination Confirmed,0.029386437638711925,-0.04095137087890204
Nomination Confirmed,0.025706637645386214,-0.04987792217686564
Nomination Confirmed,0.01702929006268019,-0.06572117571013719
Nomination Confirmed,0.04418764117747239,0.007587591158779763
Nomination Confirmed,0.03435017618816959,-0.02564493286337795
Nomination Confirmed,0.03358523933795118,-0.028692585451432443
Amendment Rejected,0.032200743884249775,-0.021524965433090657
Cloture Motion Agreed to,0.01603055426106844,-0.06118313395501801
Bill Passed,0.016106151900475874,-0.05996453100172946
Cloture Motion Agreed to,0.04483118386217319,0.01004420713706623
Nomination Confirmed,0.04553079765938909,0.010682362785542885
Cloture Motion Agreed to,-0.0403223344345808,-0.0221492751464583
Nomination Confirmed,-0.04031086963682062,-0.02194509121710056
Cloture Motion Agreed to,0.019342300757680026,-0.061260052545793815
Cloture Motion Agreed to,0.02802011282036987,-0.043718510935123536
Cloture Motion Agreed to,0.032614279824587776,-0.002163280610755047
Nomination Confirmed,0.030406860704657118,-0.03541383537406014
Nomination Confirmed,0.04157104618388764,-0.0019078697026580506
Nomination Confirmed,0.02748225323437346,-0.04404680234762389
Cloture Motion Agreed to,0.030180844889941622,-0.03854025426065209
Cloture Motion Agreed to,0.01725732470092904,-0.06495661511270256
Cloture Motion Agreed to,0.027981205961965995,-0.04351191693708437
Nomination Confirmed,0.018601908296778834,-0.06303399005415564
Nomination Confirmed,0.019790971745152302,-0.06342889254491854
Nomination Confirmed,0.029591362362607676,-0.04163097614951671
Nomination Confirmed,0.024555995168680938,-0.05120101818160807
Nomination Confirmed,0.016854394807615473,-0.06788090365728566
Nomination Confirmed,0.022493552946283885,-0.054916555398712597
Cloture Motion Agreed to,0.04528935094511971,0.01078358219312843
Nomination Confirmed,-0.040813156968921176,-0.020097901851401607
Cloture Motion Agreed to,-0.03729821739462924,-0.006898503077124628
Nomination Confirmed,0.020652388702959677,-0.06218218734363017
Cloture Motion Agreed to,0.02790224119817844,-0.043093364577790394
Cloture Motion Agreed to,0.026247865335647786,-0.0480782939874308
Cloture Motion Agreed to,-0.036834548306774344,-0.002733228012308263
Nomination Confirmed,0.037864725609335785,-0.012851599316989325
Nomination Confirmed,0.0168214815834476,-0.06810146713107297
Nomination Confirmed,0.0329176765115125,-0.03174268841444856
Cloture Motion Rejected,0.021014442784982473,-0.06058471282128439
Cloture Motion Agreed to,0.027829214883803643,-0.04291600296935862
Cloture Motion Agreed to,0.04008325522899892,-0.007645449658003058
Cloture Motion Agreed to,0.039849288252696805,-0.007799072381102258
Cloture Motion Agreed to,0.026974738262677513,-0.04567835149895877
Cloture Motion Agreed to,0.03557854058211651,-0.02314704700404238
Nomination Confirmed,0.02592488312430921,-0.04590266267272557
Nomination Confirmed,0.03893349310689657,-0.013132442223695747
Nomination Confirmed,0.02386445357802923,-0.05251754402838981
Nomination Confirmed,0.02597154644741127,-0.04940333693746628
Joint Resolution Passed,0.03699389347037775,0.003931016500823143
Resolution Agreed to,0.0073650383513816555,0.04184156081399751
Resolution Agreed to,0.020707962961049462,-0.05750533583289573
Resolution Rejected,0.02061453929371284,-0.041354782189125666
Resolution Agreed to,0.024699050984274606,-0.048393024540366744
Resolution Agreed to,0.02219513962938708,-0.05638258941130119
Cloture Motion Agreed to,0.02343755120195993,-0.054666205689068804
Cloture Motion Agreed to,0.02099165807847319,-0.05884685422435938
Amendment Rejected,0.031168229689489395,-0.02374111826084598
Bill Passed,0.03320038383700579,-0.023063782584799988
Nomination Confirmed,0.04443447174633245,0.007848959286234157
Nomination Confirmed,0.03871097526634214,-0.013103486492067643
Cloture Motion Agreed to,0.04440133620651822,0.009761146222385135
Cloture Motion Agreed to,0.028826736863273698,-0.03930493661125663
Cloture Motion Agreed to,0.02546578085510215,-0.049288162395794526
Cloture Motion Agreed to,0.023070307771724922,-0.05232028888626701
Cloture Motion Agreed to,0.02819375123908807,-0.0414910270833999
Nomination Confirmed,0.029987743986506984,-0.03693384681820511
Nomination Confirmed,0.04395436939056829,0.013000149432675268
Nomination Confirmed,0.021312076373266164,-0.05752733556844822
Nomination Confirmed,0.02336711392572919,-0.036793085831729445
Nomination Confirmed,-0.039833986745538966,-0.020734526342816716
Joint Resolution Defeated,0.012593441068124933,-0.05554059259442937
Veto Sustained,0.025607735105065414,-0.030957506978184068
Cloture Motion Agreed to,-0.039755335147707876,-0.013739175135100139
Resolution of Ratification Agreed to,0.032183526285996036,-0.024539629365808373
Cloture Motion Agreed to,-0.0393977828460028,-0.013171874694548903
Nomination Confirmed,0.03847559219545489,-0.006427242963700575
Cloture on the Motion to Proceed Agreed to,0.007584506375143421,-0.05970025064095578
Joint Resolution Defeated,0.0401569820288899,0.020522712451780726
Cloture Motion Agreed to,0.024276589373695038,-0.05292403743213709
Nomination Confirmed,-0.03379998948893837,0.005452637230882137
Amendment Agreed to,-0.031224906926437625,0.01689039848108684
Amendment Rejected,-0.04255160184423313,-0.013630644684157228
Amendment Agreed to,-0.04017727959330031,-0.01231847905518964
Joint Resolution Defeated,-0.037000441659868946,0.01995843889320415
Cloture Motion Agreed to,0.03746605747535438,-0.009783725992596599
Amendment Rejected,-0.03546546768738589,0.008911898273708894
Amendment Agreed to,0.021907665718344037,-0.05172342344569947
Bill Passed,0.021617287627333392,-0.04198163399209497
Cloture on the Motion to Proceed Rejected,0.03840292794125545,-0.009221731588149292
Cloture Motion Agreed to,0.04445101849216742,0.008059996524158987
Nomination Confirmed,0.004159470822685031,0.01495207629630232
Cloture Motion Agreed to,0.03233685321354175,-0.030309531400471667
Cloture Motion Agreed to,0.019675271517503555,-0.05679912568350068
Cloture Motion Agreed to,0.04377420775166063,0.0036051374098047197
Nomination Confirmed,0.044362397267689646,0.011334410044536714
Cloture Motion Agreed to,-0.03830290200553847,-0.02312896338014382
Nomination Confirmed,-0.04036848721321064,-0.021875633412612186
Nomination Confirmed,0.0165763923991681,-0.06671355852845162
Nomination Confirmed,0.021730988646560333,0.032981249323078395
Cloture Motion Agreed to,0.04033058483855026,-0.0079486194837019
Nomination Confirmed,0.018883015794461683,-0.06186595992295754
Cloture Motion Agreed to,0.04567846821321348,0.011648441340258461
Nomination Confirmed,0.04530120859792794,0.012016966754101166
Cloture Motion Agreed to,-0.03556194379122493,0.001315330441021337
Nomination Confirmed,-0.04029456774079312,-0.022473881780269545
Cloture Motion Agreed to,0.043496502768248006,0.011679105133600282
Nomination Confirmed,0.025169121491107137,-0.052640688024529245
Cloture Motion Agreed to,-0.04057202198009903,-0.017945805223632844
Nomination Confirmed,0.044477587210323515,0.012201244849507424
Motion to Table Agreed to,-0.034995841190708026,-0.0009101542105367543
Cloture Motion Agreed to,-0.03521479377291645,0.011495983271188708
Motion Agreed to,-0.0431383037915893,-0.018427432859862765
Cloture Motion Agreed to,0.04448204798545519,0.013619752246219922
Nomination Confirmed,-0.026752955916909116,-0.011420303873276996
Cloture Motion Agreed to,-0.04156664534959339,-0.0199538297701792
Nomination Confirmed,0.03811868258996973,-0.0003833107424483579
Cloture Motion Agreed to,-0.03363689746081811,0.005739979738255037
Cloture Motion Agreed to,-0.020026911198155965,0.02767204522595411
Cloture Motion Agreed to,0.02408792277559651,-0.0517009064283381
Cloture Motion Agreed to,0.04532950353640565,0.010995010337817905
Cloture Motion Agreed to,-0.030342667253322013,0.016481719478188543
Cloture Motion Agreed to,0.016205360589883987,-0.06789109379905629
Cloture Motion Agreed to,0.019009595678798372,-0.06234065429170313
Cloture Motion Agreed to,0.04094901204163899,0.004380576398671069
Nomination Confirmed,0.042626179293525905,0.005979614837965485
Nomination Confirmed,0.04194619474744723,0.008642710654081596
Nomination Confirmed,-0.04114368080511798,-0.02015943747918316
Nomination Confirmed,0.04316235820309109,0.008829700954992886
Nomination Confirmed,-0.03974570975699127,-0.012493331816414153
Nomination Confirmed,-0.04007455237679107,-0.02160779891144268
Nomination Confirmed,-0.040976551818389564,-0.018916965384445063
Nomination Confirmed,-0.04084532202819126,-0.01717269857813797
Cloture Motion Agreed to,-0.03827376364204636,-0.01809576201231919
Nomination Confirmed,-0.03252567787861308,0.009277944500516245
Cloture Motion Agreed to,-0.03369785002782689,0.006911970011419619
Bill Passed,-0.03743931189713206,-0.00259735432840207
Bill Passed,0.04152613276366465,0.00702995925426938
Nomination Confirmed,0.033789596911112996,-0.028782340421554
Cloture Motion Agreed to,0.043201944097210704,0.008619422350760103
Cloture Motion Agreed to,0.025145612115298685,-0.04906548668461117
Cloture Motion Agreed to,0.04342175734140118,0.003610511161845511
Nomination Confirmed,0.02346890748867474,-0.051296447213215635
Nomination Confirmed,0.015596390644570995,-0.06747956556101113
Nomination Confirmed,0.016001023001175597,-0.06713618096973388
Cloture Motion Agreed to,0.04093572396965702,0.014302221812739943
Motion Agreed to,-0.04033907570931728,-0.015613321363619339
Conference Report Agreed to,-0.040183738274771195,-0.017016619904132887
Cloture Motion Agreed to,-0.03537400996608635,-0.0012113572789094855
Nomination Confirmed,0.04496333947428184,0.011228150656927395
Cloture Motion Agreed to,0.04439562738371233,0.011799275516968227
Cloture Motion Agreed to,-0.03356275610854552,0.00501342969762681
Cloture Motion Agreed to,0.03676979441355647,-0.018045752130764363
Cloture Motion Agreed to,-0.03927621890022871,-0.024339336393461846
Cloture Motion Agreed to,0.04512203779233041,0.012382430333083257
Cloture Motion Agreed to,0.04452179609180326,0.011477311717589268
Cloture Motion Agreed to,0.04442007595074697,0.011898106291438101
Cloture Motion Agreed to,-0.03954615839866163,-0.021256483787021718
Cloture Motion Agreed to,0.04249009745117856,0.013462747828625901
Cloture Motion Agreed to,-0.03880722718711001,-0.024274973786213475
Cloture Motion Agreed to,0.042906715969113086,0.015466902732469364
Motion Agreed to,-0.03854760250393466,0.002669360260747085
Motion Agreed to,0.04245292368201317,0.01776881709547949
Nomination Confirmed,-0.03505202992018868,0.0023259687404163978
Nomination Confirmed,0.01877557959570648,-0.062260502657789304
Nomination Confirmed,0.020156762860894326,-0.0608809994785935
Nomination Confirmed,0.02432560437600978,-0.05197494463789069
Nomination Confirmed,0.01839787567046421,-0.06334909082489826
Nomination Confirmed,0.026941957478305602,-0.04571165135530566
Nomination Confirmed,-0.032489986416452725,-0.029635460782710163
Nomination Confirmed,0.04395853167072267,0.013483808689867548
Nomination Confirmed,0.04231424299341485,0.016821992698919288
Nomination Confirmed,-0.0024466444257875354,-0.04326518964994348
Nomination Confirmed,-0.038780179773753344,-0.021808794231072428
Cloture Motion Agreed to,0.04335574653021728,0.012248582641326968
Motion Agreed to,-0.00744472000275557,-0.046029497985074094
Cloture Motion Agreed to,0.015215521916688964,0.000971980824984285
Nomination Confirmed,0.017260813830726574,-0.06409027735261894
Cloture Motion Agreed to,0.015401704305150051,-0.06720349605621266
Cloture Motion Agreed to,0.016679110848377265,-0.06689844902261613
Cloture Motion Agreed to,0.04595396697157113,0.012685727356257089
Nomination Confirmed,0.045949606791654024,0.013066513313618428
Nomination Confirmed,0.045807932212441935,0.011896135322373767
Nomination Confirmed,0.02323106686954195,-0.0473545591557389
Cloture Motion Agreed to,0.045332793750738135,0.01166118764546957
Nomination Confirmed,0.04488232028720797,0.007871960488553868
Cloture Motion Agreed to,0.04497492363642621,0.013760704674078897
Nomination Confirmed,0.03989810638378447,0.0067741795431159975
Motion Agreed to,0.041339199357901805,0.018544769228675522
Bill Passed,0.043774046020773234,0.006381127490510085
Motion to Table Agreed to,0.04332863920095552,0.005200202800070721
Motion to Table Agreed to,0.039647549557001685,0.014728627851262027
Motion to Table Agreed to,0.0444784334138879,0.008300370142456283
Motion to Table Agreed to,0.04285903594435268,0.010658445161194347
Motion to Table Agreed to,0.043755523161212936,0.00957072662600516
Motion to Table Agreed to,0.043421052244621686,0.007798963997996287
Motion to Table Agreed to,0.04219002597620277,0.009183421672798259
Motion to Table Agreed to,0.030918795189001664,-0.003150143069623138
Motion to Table Agreed to,0.04425972922213781,0.007165996512846166
Motion to Table Agreed to,0.04492889354940582,0.009874877889824319
Motion to Table Agreed to,0.029311565753926905,0.027614176860740424
Resolution Agreed to,0.03708095593065557,0.01994038443708631
Motion Rejected,0.03776580718140883,0.026384932993005598
Motion to Table Agreed to,0.04408582629127268,0.01452011248818157
Motion to Table Agreed to,0.04319253997287816,0.015521199200058618
Motion to Table Agreed to,0.01571011829380045,0.03688686788687407
Motion to Table Agreed to,0.0332193554040487,0.0214394369738455
Resolution Agreed to,0.014831998098936892,-0.06744048057485658
Not Guilty,-0.04304854963714787,-0.013947787317484719
Not Guilty,0.03497104724489736,0.01483289468350774
Cloture Motion Agreed to,0.04188502453788411,0.009128617767934473
Nomination Confirmed,0.03830347766234046,0.008794783120811063
Cloture Motion Agreed to,0.03715517529196997,0.018799651197571928
Cloture Motion Agreed to,0.03288282175915747,0.023098007604179027
Cloture Motion Agreed to,0.030967764346443688,0.02410412467816788
Cloture Motion Agreed to,0.041200307846138255,0.015302946724625887
Nomination Confirmed,0.044168482821590256,0.00932917306326911
Nomination Confirmed,0.043028294762874106,0.010591229611613996
Nomination Confirmed,-0.03707875964557734,-0.02529097305756374
Nomination Confirmed,0.04288369193060479,0.012586184952254147
Motion to Proceed Agreed to,0.014112260099360386,-0.055638463674152226
Amendment Agreed to,0.01614433759447163,-0.06723631910499528
Amendment Agreed to,0.015636823034912376,-0.06628406628644402
Motion to Table Agreed to,0.013206613175967503,-0.05560979053679125
Amendment Agreed to,0.04479623423311083,0.011919517369725834
Motion to Table Agreed to,0.041686164830322454,0.02037606073986248
Motion to Table Agreed to,-0.04512993031782393,-0.012193578886750092
Joint Resolution Passed,0.04155623369230676,0.020381166611129237
Cloture Motion Agreed to,0.04497448824905568,0.010852448555442729
Nomination Confirmed,-0.008523502149887808,-0.050381021749185156
Cloture Motion Agreed to,0.0453862058232224,0.012755137935667736
Cloture Motion Agreed to,0.04579591777171168,0.012191281353487503
Cloture Motion Rejected,0.04527352327391108,0.010839636520674092
Cloture Motion Rejected,0.04547778223844821,0.0103755050159412
Nomination Confirmed,0.044879715551185355,0.01160577635651573
Nomination Confirmed,0.04531430089128454,0.012706895092456908
Cloture Motion Agreed to,-0.040190291500175404,-0.013198806738119039
Nomination Confirmed,0.045563682485111626,0.012670002614678847
Cloture on the Motion to Proceed Agreed to,0.017802395542368298,-0.05937346825710658
Motion to Proceed Agreed to,0.015238730524055966,-0.06595615766606647
Motion to Table Agreed to,0.043347945200395144,0.00913382069002449
Bill Passed,-0.039245260435799414,-0.02467161562868265
Cloture Motion Rejected,0.04361883700958834,0.015456041979183592
Cloture Motion Rejected,0.00890254484924607,-0.05858716090318737
Motion to Proceed Agreed to,0.03767094527906224,0.003208576983120738
Joint Resolution Passed,0.012116103715878911,-0.05948966006832012
Cloture Motion Agreed to,0.04637312331156341,0.012331311776216375
Nomination Confirmed,0.04606694900023429,0.011794910220459788
Amendment Rejected,0.01270683603942237,-0.06109200677115581
Amendment Rejected,-0.04525492313778725,-0.007572418765920278
Amendment Rejected,-0.0415150073794186,-0.02297206818426437
Bill Passed,0.04196213936820787,0.0019807724234108797
Cloture on the Motion to Proceed Rejected,-0.03271519383295222,-0.03164333209376563
Cloture on the Motion to Proceed Rejected,0.04567178421310674,0.012021110320323576
Amendment Rejected,0.04587086781556315,0.012278435123162564
Bill Passed,0.045236300153241184,0.01368851643007955
Nomination Confirmed,0.0314628563983104,-0.03088893220629011
Cloture Motion Agreed to,0.033841067121611154,-0.013634008981016466
Nomination Confirmed,-0.01784270115570769,0.045333838851219464
Veto Sustained,-0.04200320214775794,-0.01798678953146285
Cloture Motion Agreed to,0.04152458179197427,-0.0050056868700280935
Nomination Confirmed,0.019460967455230616,-0.06040776555526439
Cloture Motion Agreed to,0.03407159784257954,-0.02308243563404519
Nomination Confirmed,0.045913549011847125,0.012174486058565033
Amendment Rejected,0.04309147139015728,0.018690961733930818
Amendment Agreed to,0.014092401524109493,-0.06404375799362018
Amendment Rejected,-0.0431082534585829,-0.009321890810426708
Bill Passed,0.042026830407843226,0.00497553642726036
